{"pre_planning": "{\"result_type\": 0, \"path\": [], \"timeout\": false, \"planner_name\": \"-\", \"total_exec_time_ms\": 0, \"local_start\": \"None\", \"local_goal\": \"None\", \"goal_direction\": 0, \"ego_location\": \"-82.88961029052734|-2.6040542125701904|0.028526058420538902|4.256091594696045\", \"map_goal\": \"-59.809959411621094|0.3|0|-0.555572509765625\", \"map_next_goal\": \"-49.68109130859375|0.3|0|-0.5505065321922302\"}", "planning": "{\"result_type\": 1, \"path\": [\"(128, 107, 0.0)\", \"(128, 103, 0.02771373651921749)\", \"(128, 99, 0.06916538625955582)\", \"(128, 95, 0.15082494914531708)\", \"(129, 91, 0.02771373651921749)\", \"(129, 87, 0.06916538625955582)\", \"(129, 83, 0.15082494914531708)\", \"(130, 79, 0.0)\", \"(130, 75, 0.02771373651921749)\", \"(130, 71, 0.06916538625955582)\", \"(130, 67, 0.15082494914531708)\", \"(131, 63, 0.02771373651921749)\", \"(131, 59, 0.06916538625955582)\", \"(131, 55, 0.15082494914531708)\", \"(132, 51, 0.02771373651921749)\", \"(132, 47, 0.06916538625955582)\", \"(132, 43, 0.15082494914531708)\", \"(133, 39, 0.0)\", \"(133, 35, 0.02771373651921749)\", \"(133, 31, 0.06916538625955582)\", \"(133, 27, 0.15082494914531708)\", \"(134, 23, 0.02771373651921749)\", \"(134, 19, 0.06916538625955582)\", \"(134, 15, 0.15082494914531708)\", \"(135, 11, 0.030219951644539833)\", \"(135, 7, 0.11646441370248795)\", \"(135, 3, 0.13496391475200653)\", \"(136, 0, 0.1847691535949707)\"], \"timeout\": false, \"planner_name\": \"overtaker\", \"total_exec_time_ms\": 13.166189193725586, \"local_start\": \"(128, 107, 0)\", \"local_goal\": \"(136, 0, 3.0528825147924286)\", \"goal_direction\": 9, \"ego_location\": \"-82.88961029052734|-2.6040542125701904|0.028526058420538902|4.256091594696045\", \"map_goal\": \"-59.809959411621094|0.3|0|-0.555572509765625\", \"map_next_goal\": \"-49.68109130859375|0.3|0|-0.5505065321922302\"}", "collision_report": ""}
