{"pre_planning": "{\"result_type\": 0, \"path\": [], \"timeout\": false, \"planner_name\": \"-\", \"total_exec_time_ms\": 0, \"local_start\": \"None\", \"local_goal\": \"None\", \"goal_direction\": 0, \"ego_location\": \"30.939697265625|-0.07528623193502426|0.028564509004354477|12.96826171875\", \"map_goal\": \"50.688690185546875|-0.07684602588415146|0|0.14715316891670227\", \"map_next_goal\": \"51.688690185546875|-0.07684602588415146|0|0.14715316891670227\"}", "planning": "{\"result_type\": 1, \"path\": [\"(126, 124, 0)\", \"(125, 121, 0)\", \"(123, 117, 0)\", \"(122, 114, 0)\", \"(120, 111, 0)\", \"(118, 108, 0)\", \"(117, 104, 0)\", \"(116, 101, 0)\", \"(114, 97, 0)\", \"(113, 94, 0)\", \"(112, 90, 0)\", \"(110, 87, 0)\", \"(109, 83, 0)\", \"(107, 80, 0)\", \"(106, 76, 0)\", \"(105, 73, 0)\", \"(103, 70, 0)\", \"(102, 66, 0)\", \"(101, 63, 0)\", \"(99, 59, 0)\", \"(98, 56, 0)\", \"(97, 52, 0)\", \"(95, 49, 0)\", \"(94, 45, 0)\", \"(93, 42, 0)\", \"(91, 39, 0)\", \"(90, 35, 0)\", \"(89, 32, 0)\", \"(87, 28, 0)\", \"(87, 25, 0)\", \"(87, 21, 0)\", \"(87, 17, 0)\", \"(88, 14, 0)\", \"(89, 10, 0)\", \"(90, 6, 0)\", \"(91, 3, 0)\", \"(93, 0, 0)\"], \"timeout\": false, \"planner_name\": \"Hybrid A*\", \"total_exec_time_ms\": 390.93017578125, \"local_start\": \"(128, 107, 0)\", \"local_goal\": \"(95, 0, -15.945395900922861)\", \"goal_direction\": 10, \"ego_location\": \"30.939697265625|-0.07528623193502426|0.028564509004354477|12.96826171875\", \"map_goal\": \"50.688690185546875|-0.07684602588415146|0|0.14715316891670227\", \"map_next_goal\": \"51.688690185546875|-0.07684602588415146|0|0.14715316891670227\"}", "collision_report": ""}
