{"pre_planning": "{\"result_type\": 0, \"path\": [], \"timeout\": false, \"planner_name\": \"-\", \"total_exec_time_ms\": 0, \"local_start\": \"None\", \"local_goal\": \"None\", \"goal_direction\": 0, \"ego_location\": \"0.817841649055481|0.2744854986667633|0.015292078256607056|6.4480414390563965\", \"map_goal\": \"20.591285705566406|-0.4232592135667801|0|-0.549591064453125\", \"map_next_goal\": \"30.688690185546875|-0.07684602588415146|0|0.14715316891670227\"}", "planning": "{\"result_type\": 1, \"path\": [\"(126, 124, 0)\", \"(125, 121, 0)\", \"(123, 117, 0)\", \"(122, 114, 0)\", \"(120, 111, 0)\", \"(118, 108, 0)\", \"(117, 104, 0)\", \"(116, 101, 0)\", \"(114, 97, 0)\", \"(113, 94, 0)\", \"(112, 90, 0)\", \"(110, 87, 0)\", \"(109, 83, 0)\", \"(107, 80, 0)\", \"(106, 76, 0)\", \"(105, 73, 0)\", \"(103, 70, 0)\", \"(102, 66, 0)\", \"(101, 63, 0)\", \"(99, 59, 0)\", \"(98, 56, 0)\", \"(96, 53, 0)\", \"(93, 50, 0)\", \"(91, 48, 0)\", \"(88, 45, 0)\", \"(85, 43, 0)\", \"(82, 41, 0)\", \"(78, 40, 0)\", \"(76, 37, 0)\", \"(74, 33, 0)\", \"(73, 30, 0)\", \"(71, 27, 0)\", \"(70, 23, 0)\", \"(69, 20, 0)\", \"(68, 16, 0)\", \"(67, 13, 0)\", \"(67, 9, 0)\", \"(67, 5, 0)\", \"(67, 2, 0)\"], \"timeout\": false, \"planner_name\": \"Hybrid A*\", \"total_exec_time_ms\": 1055.6998252868652, \"local_start\": \"(128, 107, 0)\", \"local_goal\": \"(69, 0, -4.573921259900861)\", \"goal_direction\": 10, \"ego_location\": \"0.817841649055481|0.2744854986667633|0.015292078256607056|6.4480414390563965\", \"map_goal\": \"20.591285705566406|-0.4232592135667801|0|-0.549591064453125\", \"map_next_goal\": \"30.688690185546875|-0.07684602588415146|0|0.14715316891670227\"}", "collision_report": ""}
