{"pre_planning": "{\"result_type\": 0, \"path\": [], \"timeout\": false, \"planner_name\": \"-\", \"total_exec_time_ms\": 0, \"local_start\": \"None\", \"local_goal\": \"None\", \"goal_direction\": 0, \"ego_location\": \"-32.154659271240234|0.1620197296142578|0.028484629467129707|1.2492510080337524\", \"map_goal\": \"-9.545795440673828|0.4509453892707825|0|-0.5573425889015198\", \"map_next_goal\": \"0.5285676717758179|0.4524883061647415|0|-0.5581969618797302\"}", "planning": "{\"result_type\": 1, \"path\": [\"(126, 124, 0)\", \"(125, 121, 0)\", \"(123, 117, 0)\", \"(122, 114, 0)\", \"(120, 111, 0)\", \"(117, 108, 0)\", \"(115, 105, 0)\", \"(112, 103, 0)\", \"(109, 100, 0)\", \"(106, 98, 0)\", \"(103, 97, 0)\", \"(101, 93, 0)\", \"(100, 90, 0)\", \"(98, 87, 0)\", \"(97, 83, 0)\", \"(96, 79, 0)\", \"(96, 76, 0)\", \"(96, 72, 0)\", \"(96, 68, 0)\", \"(96, 65, 0)\", \"(96, 61, 0)\", \"(97, 57, 0)\", \"(98, 54, 0)\", \"(100, 50, 0)\", \"(101, 47, 0)\", \"(103, 44, 0)\", \"(105, 41, 0)\", \"(105, 37, 0)\", \"(105, 33, 0)\", \"(106, 30, 0)\", \"(107, 26, 0)\", \"(108, 23, 0)\", \"(109, 19, 0)\", \"(110, 15, 0)\", \"(110, 12, 0)\", \"(111, 8, 0)\", \"(112, 5, 0)\", \"(113, 1, 0)\"], \"timeout\": false, \"planner_name\": \"Hybrid A*\", \"total_exec_time_ms\": 1238.9662265777588, \"local_start\": \"(128, 107, 0)\", \"local_goal\": \"(112, 0, -1.5481576989779662)\", \"goal_direction\": 10, \"ego_location\": \"-32.154659271240234|0.1620197296142578|0.028484629467129707|1.2492510080337524\", \"map_goal\": \"-9.545795440673828|0.4509453892707825|0|-0.5573425889015198\", \"map_next_goal\": \"0.5285676717758179|0.4524883061647415|0|-0.5581969618797302\"}", "collision_report": ""}
