{"pre_planning": "{\"result_type\": 0, \"path\": [], \"timeout\": false, \"planner_name\": \"-\", \"total_exec_time_ms\": 0, \"local_start\": \"None\", \"local_goal\": \"None\", \"goal_direction\": 0, \"ego_location\": \"-66.66864013671875|-1.0948190689086914|0.02852754481136799|8.243584632873535\", \"map_goal\": \"-59.809959411621094|0.3|0|-0.555572509765625\", \"map_next_goal\": \"-39.657249450683594|0.3|0|-0.6009825468063354\"}", "planning": "{\"result_type\": 5, \"path\": [], \"timeout\": 0, \"planner_name\": \"-\", \"total_exec_time_ms\": 0, \"local_start\": \"(128, 107, 0)\", \"local_goal\": \"(130, 76, -8.130102354155985)\", \"goal_direction\": 10, \"ego_location\": \"-66.66864013671875|-1.0948190689086914|0.02852754481136799|8.243584632873535\", \"map_goal\": \"-59.809959411621094|0.3|0|-0.555572509765625\", \"map_next_goal\": \"-39.657249450683594|0.3|0|-0.6009825468063354\"}", "collision_report": ""}
