{"pre_planning": "{\"result_type\": 0, \"path\": [], \"timeout\": false, \"planner_name\": \"-\", \"total_exec_time_ms\": 0, \"local_start\": \"None\", \"local_goal\": \"None\", \"goal_direction\": 0, \"ego_location\": \"38.90810775756836|-0.4845111072063446|0.028766535222530365|-15.525895118713379\", \"map_goal\": \"50.688690185546875|-0.07684602588415146|0|0.14715316891670227\", \"map_next_goal\": \"None\"}", "planning": "{\"result_type\": 5, \"path\": [], \"timeout\": 0, \"planner_name\": \"-\", \"total_exec_time_ms\": 0, \"local_start\": \"(128, 107, 0)\", \"local_goal\": \"(154, 44, 22.425861921351796)\", \"goal_direction\": 9, \"ego_location\": \"38.90810775756836|-0.4845111072063446|0.028766535222530365|-15.525895118713379\", \"map_goal\": \"50.688690185546875|-0.07684602588415146|0|0.14715316891670227\", \"map_next_goal\": \"None\"}", "collision_report": ""}
