{"pre_planning": "{\"result_type\": 0, \"path\": [], \"timeout\": false, \"planner_name\": \"-\", \"total_exec_time_ms\": 0, \"local_start\": \"None\", \"local_goal\": \"None\", \"goal_direction\": 0, \"ego_location\": \"-66.5904769897461|-1.0777137279510498|0.028489818796515465|8.523782730102539\", \"map_goal\": \"-39.657249450683594|0.3|0|-0.6009825468063354\", \"map_next_goal\": \"-19.58110809326172|0.3|0|-0.5422667860984802\"}", "planning": "{\"result_type\": 1, \"path\": [\"(126, 105, 0.0)\", \"(126, 104, 0.0)\", \"(126, 103, -0.10725017637014389)\", \"(126, 102, -0.26179933547973633)\", \"(126, 101, -0.5235987305641174)\", \"(125, 100, 0.0)\", \"(125, 99, 0.0)\", \"(125, 98, 0.0)\", \"(125, 97, -0.10725017637014389)\", \"(125, 96, -0.26179933547973633)\", \"(125, 95, -0.5235987305641174)\", \"(124, 94, 0.0)\", \"(124, 93, 0.0)\", \"(124, 92, -0.10725017637014389)\", \"(124, 91, -0.26179933547973633)\", \"(124, 90, -0.5235987305641174)\", \"(123, 89, 0.0)\", \"(123, 88, 0.0)\", \"(123, 87, -0.10725017637014389)\", \"(123, 86, -0.26179933547973633)\", \"(123, 85, -0.5235987305641174)\", \"(122, 84, 0.0)\", \"(122, 83, -0.10725017637014389)\", \"(122, 82, -0.26179933547973633)\", \"(122, 81, -0.5235987305641174)\", \"(121, 80, -0.10725017637014389)\", \"(121, 79, -0.26179933547973633)\", \"(121, 78, -0.5235987305641174)\", \"(120, 77, 0.0)\", \"(120, 76, -0.10725017637014389)\", \"(120, 75, -0.26179933547973633)\", \"(120, 74, -0.5235987305641174)\", \"(119, 73, -0.10725017637014389)\", \"(119, 72, -0.26179933547973633)\", \"(119, 71, -0.5235987305641174)\", \"(118, 70, 0.0)\", \"(118, 69, -0.10725017637014389)\", \"(118, 68, -0.26179933547973633)\", \"(118, 67, -0.5235987305641174)\", \"(117, 66, -0.10725017637014389)\", \"(117, 65, -0.26179933547973633)\", \"(117, 64, -0.5235987305641174)\", \"(116, 63, -0.10725017637014389)\", \"(116, 62, -0.26179933547973633)\", \"(116, 61, -0.5235987305641174)\", \"(115, 60, -0.10725017637014389)\", \"(115, 59, -0.26179933547973633)\", \"(115, 58, -0.5235987305641174)\", \"(114, 57, -0.10725017637014389)\", \"(114, 56, -0.26179933547973633)\", \"(114, 55, -0.5235987305641174)\", \"(113, 54, 0.0)\", \"(113, 53, -0.10725017637014389)\", \"(113, 52, -0.26179933547973633)\", \"(113, 51, -0.5235987305641174)\", \"(112, 50, -0.10725017637014389)\", \"(112, 49, -0.26179933547973633)\", \"(112, 48, -0.5235987305641174)\", \"(111, 47, -0.10725017637014389)\", \"(111, 46, -0.26179933547973633)\", \"(111, 45, -0.5235987305641174)\", \"(110, 44, -0.10725017637014389)\", \"(110, 43, -0.26179933547973633)\", \"(110, 42, -0.5235987305641174)\", \"(109, 41, 0.0)\", \"(109, 40, -0.10725017637014389)\", \"(109, 39, -0.26179933547973633)\", \"(109, 38, -0.5235987305641174)\", \"(108, 37, 0.0)\", \"(108, 36, -0.10725017637014389)\", \"(108, 35, -0.26179933547973633)\", \"(108, 34, -0.5235987305641174)\", \"(107, 33, 0.0)\", \"(107, 32, -0.10725017637014389)\", \"(107, 31, -0.26179933547973633)\", \"(107, 30, -0.5235987305641174)\", \"(106, 29, 0.0)\", \"(106, 28, 0.0)\", \"(106, 27, -0.10725017637014389)\", \"(106, 26, -0.26179933547973633)\", \"(106, 25, -0.5235987305641174)\", \"(105, 24, 0.0)\", \"(105, 23, 0.0)\", \"(105, 22, -0.10725017637014389)\", \"(105, 21, -0.26179933547973633)\", \"(105, 20, -0.5235987305641174)\", \"(104, 19, 0.0)\", \"(104, 18, 0.0)\", \"(104, 17, 0.0)\", \"(104, 16, 0.0)\", \"(104, 15, 0.0)\", \"(104, 14, 0.0)\", \"(104, 13, -0.10725017637014389)\", \"(104, 12, -0.26179933547973633)\", \"(104, 11, -0.5235987305641174)\", \"(103, 10, 0.0)\", \"(103, 9, 0.0)\", \"(103, 8, 0.0)\", \"(103, 7, 0.0)\", \"(103, 6, 0.0)\", \"(103, 5, 0.0)\", \"(103, 4, 0.0)\", \"(103, 3, 0.0)\", \"(103, 2, 0.0)\", \"(103, 1, 0.0)\"], \"timeout\": false, \"planner_name\": \"RRT*\", \"total_exec_time_ms\": 64.3610954284668, \"local_start\": \"(128, 107, 0)\", \"local_goal\": \"(108, 0, -6.410840020232446)\", \"goal_direction\": 10, \"ego_location\": \"-66.5904769897461|-1.0777137279510498|0.028489818796515465|8.523782730102539\", \"map_goal\": \"-39.657249450683594|0.3|0|-0.6009825468063354\", \"map_next_goal\": \"-19.58110809326172|0.3|0|-0.5422667860984802\"}", "collision_report": ""}
