{"pre_planning": "{\"result_type\": 0, \"path\": [], \"timeout\": false, \"planner_name\": \"-\", \"total_exec_time_ms\": 0, \"local_start\": \"None\", \"local_goal\": \"None\", \"goal_direction\": 0, \"ego_location\": \"-2.2437760829925537|2.531724452972412|0.013297862373292446|23.14628791809082\", \"map_goal\": \"20.591285705566406|-0.4232592135667801|0|-0.549591064453125\", \"map_next_goal\": \"50.688690185546875|-0.07684602588415146|0|0.14715316891670227\"}", "planning": "{\"result_type\": 1, \"path\": [\"(128, 107, 0)\", \"(127, 106, 0)\", \"(126, 105, 0)\", \"(125, 105, 0)\", \"(124, 104, 0)\", \"(123, 104, 0)\", \"(122, 103, 0)\", \"(121, 103, 0)\", \"(120, 102, 0)\", \"(119, 102, 0)\", \"(118, 101, 0)\", \"(117, 101, 0)\", \"(116, 100, 0)\", \"(115, 100, 0)\", \"(114, 99, 0)\", \"(113, 98, 0)\", \"(112, 98, 0)\", \"(111, 97, 0)\", \"(110, 97, 0)\", \"(109, 96, 0)\", \"(108, 96, 0)\", \"(107, 95, 0)\", \"(106, 95, 0)\", \"(105, 94, 0)\", \"(104, 94, 0)\", \"(103, 93, 0)\", \"(102, 93, 0)\", \"(102, 93, 0)\", \"(101, 92, 0)\", \"(100, 92, 0)\", \"(99, 91, 0)\", \"(98, 91, 0)\", \"(97, 90, 0)\", \"(96, 90, 0)\", \"(95, 89, 0)\", \"(94, 89, 0)\", \"(93, 88, 0)\", \"(92, 88, 0)\", \"(91, 87, 0)\", \"(90, 87, 0)\", \"(89, 86, 0)\", \"(88, 86, 0)\", \"(87, 85, 0)\", \"(86, 85, 0)\", \"(85, 84, 0)\", \"(84, 84, 0)\", \"(83, 83, 0)\", \"(82, 83, 0)\", \"(81, 82, 0)\", \"(80, 82, 0)\", \"(80, 82, 0)\", \"(79, 81, 0)\", \"(78, 80, 0)\", \"(77, 80, 0)\", \"(76, 79, 0)\", \"(75, 78, 0)\", \"(74, 78, 0)\", \"(73, 77, 0)\", \"(72, 76, 0)\", \"(71, 76, 0)\", \"(70, 75, 0)\", \"(69, 74, 0)\", \"(68, 74, 0)\", \"(67, 73, 0)\", \"(66, 72, 0)\", \"(65, 72, 0)\", \"(64, 71, 0)\", \"(63, 70, 0)\", \"(62, 70, 0)\", \"(61, 69, 0)\", \"(60, 68, 0)\", \"(59, 68, 0)\", \"(58, 67, 0)\", \"(57, 67, 0)\", \"(57, 67, 0)\", \"(56, 66, 0)\", \"(55, 65, 0)\", \"(54, 64, 0)\", \"(53, 63, 0)\", \"(52, 63, 0)\", \"(51, 62, 0)\", \"(50, 61, 0)\", \"(49, 60, 0)\", \"(48, 59, 0)\", \"(47, 59, 0)\", \"(47, 59, 0)\", \"(46, 58, 0)\", \"(45, 57, 0)\", \"(44, 56, 0)\", \"(43, 55, 0)\", \"(42, 54, 0)\", \"(41, 53, 0)\", \"(40, 52, 0)\", \"(39, 51, 0)\", \"(38, 51, 0)\", \"(37, 50, 0)\", \"(36, 49, 0)\", \"(35, 48, 0)\", \"(34, 47, 0)\", \"(33, 46, 0)\", \"(32, 45, 0)\", \"(31, 44, 0)\", \"(30, 44, 0)\", \"(30, 44, 0)\", \"(29, 43, 0)\", \"(28, 42, 0)\", \"(27, 41, 0)\", \"(26, 40, 0)\", \"(25, 40, 0)\", \"(24, 39, 0)\", \"(23, 38, 0)\", \"(22, 37, 0)\", \"(21, 36, 0)\", \"(20, 36, 0)\", \"(19, 35, 0)\", \"(18, 34, 0)\", \"(17, 33, 0)\", \"(16, 33, 0)\", \"(15, 32, 0)\", \"(14, 31, 0)\", \"(13, 30, 0)\", \"(12, 29, 0)\", \"(11, 29, 0)\", \"(10, 28, 0)\", \"(9, 27, 0)\", \"(8, 26, 0)\", \"(7, 26, 0)\"], \"timeout\": false, \"planner_name\": \"RRT*\", \"total_exec_time_ms\": 1478.7790775299072, \"local_start\": \"(128, 107, 0)\", \"local_goal\": \"(6, 9, -34.930937301110575)\", \"goal_direction\": 10, \"ego_location\": \"-2.2437760829925537|2.531724452972412|0.013297862373292446|23.14628791809082\", \"map_goal\": \"20.591285705566406|-0.4232592135667801|0|-0.549591064453125\", \"map_next_goal\": \"50.688690185546875|-0.07684602588415146|0|0.14715316891670227\"}", "collision_report": ""}
