{"pre_planning": "{\"result_type\": 0, \"path\": [], \"timeout\": false, \"planner_name\": \"-\", \"total_exec_time_ms\": 0, \"local_start\": \"None\", \"local_goal\": \"None\", \"goal_direction\": 0, \"ego_location\": \"-99.99861907958984|-3.168736657244153e-05|0.00639978377148509|0.002202281728386879\", \"map_goal\": \"-79.93721771240234|0.3|0|-0.518341064453125\", \"map_next_goal\": \"-59.809959411621094|0.3|0|-0.555572509765625\"}", "planning": "{\"result_type\": 1, \"path\": [\"(128, 107, 0)\", \"(127, 106, 0)\", \"(127, 105, 0)\", \"(127, 104, 0)\", \"(127, 103, 0)\", \"(127, 102, 0)\", \"(126, 101, 0)\", \"(126, 100, 0)\", \"(126, 99, 0)\", \"(126, 98, 0)\", \"(126, 97, 0)\", \"(126, 96, 0)\", \"(126, 96, 0)\", \"(125, 95, 0)\", \"(125, 94, 0)\", \"(125, 93, 0)\", \"(124, 92, 0)\", \"(124, 91, 0)\", \"(124, 90, 0)\", \"(124, 89, 0)\", \"(123, 88, 0)\", \"(123, 87, 0)\", \"(123, 86, 0)\", \"(123, 85, 0)\", \"(122, 84, 0)\", \"(122, 83, 0)\", \"(122, 82, 0)\", \"(122, 81, 0)\", \"(122, 81, 0)\", \"(121, 80, 0)\", \"(121, 79, 0)\", \"(121, 78, 0)\", \"(121, 77, 0)\", \"(120, 76, 0)\", \"(120, 75, 0)\", \"(120, 74, 0)\", \"(120, 73, 0)\", \"(119, 72, 0)\", \"(119, 71, 0)\", \"(119, 70, 0)\", \"(119, 69, 0)\", \"(118, 68, 0)\", \"(118, 67, 0)\", \"(118, 66, 0)\", \"(118, 65, 0)\", \"(117, 64, 0)\", \"(117, 63, 0)\", \"(117, 62, 0)\", \"(117, 61, 0)\", \"(116, 60, 0)\", \"(116, 59, 0)\", \"(116, 58, 0)\", \"(116, 57, 0)\", \"(116, 57, 0)\", \"(115, 56, 0)\", \"(115, 55, 0)\", \"(115, 54, 0)\", \"(114, 53, 0)\", \"(114, 52, 0)\", \"(114, 51, 0)\", \"(113, 50, 0)\", \"(113, 49, 0)\", \"(113, 48, 0)\", \"(112, 47, 0)\", \"(112, 46, 0)\", \"(112, 45, 0)\", \"(111, 44, 0)\", \"(111, 43, 0)\", \"(111, 42, 0)\", \"(111, 41, 0)\", \"(111, 41, 0)\", \"(110, 40, 0)\", \"(110, 39, 0)\", \"(110, 38, 0)\", \"(109, 37, 0)\", \"(109, 36, 0)\", \"(109, 35, 0)\", \"(108, 34, 0)\", \"(108, 33, 0)\", \"(108, 32, 0)\", \"(107, 31, 0)\", \"(107, 30, 0)\", \"(107, 29, 0)\", \"(106, 28, 0)\", \"(106, 27, 0)\", \"(106, 26, 0)\", \"(105, 25, 0)\", \"(105, 24, 0)\", \"(105, 23, 0)\", \"(105, 22, 0)\", \"(105, 22, 0)\", \"(105, 21, 0)\", \"(105, 20, 0)\", \"(105, 19, 0)\", \"(105, 18, 0)\", \"(105, 17, 0)\", \"(105, 16, 0)\", \"(105, 15, 0)\", \"(105, 14, 0)\", \"(105, 13, 0)\", \"(105, 12, 0)\", \"(105, 11, 0)\", \"(105, 10, 0)\", \"(105, 9, 0)\", \"(105, 8, 0)\", \"(105, 7, 0)\", \"(105, 6, 0)\", \"(105, 5, 0)\", \"(105, 4, 0)\", \"(105, 3, 0)\", \"(105, 2, 0)\", \"(105, 1, 0)\"], \"timeout\": false, \"planner_name\": \"RRT*\", \"total_exec_time_ms\": 5489.361763000488, \"local_start\": \"(128, 107, 0)\", \"local_goal\": \"(108, 0, 0.0)\", \"goal_direction\": 8, \"ego_location\": \"-99.99861907958984|-3.168736657244153e-05|0.00639978377148509|0.002202281728386879\", \"map_goal\": \"-79.93721771240234|0.3|0|-0.518341064453125\", \"map_next_goal\": \"-59.809959411621094|0.3|0|-0.555572509765625\"}", "collision_report": ""}
