{"pre_planning": "{\"result_type\": 0, \"path\": [], \"timeout\": false, \"planner_name\": \"-\", \"total_exec_time_ms\": 0, \"local_start\": \"None\", \"local_goal\": \"None\", \"goal_direction\": 0, \"ego_location\": \"-34.022071838378906|-0.99448162317276|0.028523463755846024|2.313199758529663\", \"map_goal\": \"-19.58110809326172|0.3|0|-0.5422667860984802\", \"map_next_goal\": \"0.5285676717758179|0.4524883061647415|0|-0.5581969618797302\"}", "planning": "{\"result_type\": 1, \"path\": [\"(127, 105, -0.26179933547973633)\", \"(127, 104, -0.5235987305641174)\", \"(126, 103, 0.0)\", \"(126, 102, 0.0)\", \"(126, 101, -0.10725017637014389)\", \"(126, 100, -0.26179933547973633)\", \"(126, 99, -0.5235987305641174)\", \"(125, 98, 0.0)\", \"(125, 97, -0.10725017637014389)\", \"(125, 96, -0.26179933547973633)\", \"(125, 95, -0.5235987305641174)\", \"(124, 94, 0.0)\", \"(124, 93, 0.0)\", \"(124, 92, -0.10725017637014389)\", \"(124, 91, -0.26179933547973633)\", \"(124, 90, -0.5235987305641174)\", \"(123, 89, 0.0)\", \"(123, 88, -0.10725017637014389)\", \"(123, 87, -0.26179933547973633)\", \"(123, 86, -0.5235987305641174)\", \"(122, 85, 0.0)\", \"(122, 84, -0.10725017637014389)\", \"(122, 83, -0.26179933547973633)\", \"(122, 82, -0.5235987305641174)\", \"(121, 81, 0.0)\", \"(121, 80, -0.10725017637014389)\", \"(121, 79, -0.26179933547973633)\", \"(121, 78, -0.5235987305641174)\", \"(120, 77, 0.0)\", \"(120, 76, -0.10725017637014389)\", \"(120, 75, -0.26179933547973633)\", \"(120, 74, -0.5235987305641174)\", \"(119, 73, 0.0)\", \"(119, 72, -0.10725017637014389)\", \"(119, 71, -0.26179933547973633)\", \"(119, 70, -0.5235987305641174)\", \"(118, 69, -0.10725017637014389)\", \"(118, 68, -0.26179933547973633)\", \"(118, 67, -0.5235987305641174)\", \"(117, 66, 0.0)\", \"(117, 65, -0.10725017637014389)\", \"(117, 64, -0.26179933547973633)\", \"(117, 63, -0.5235987305641174)\", \"(116, 62, -0.10725017637014389)\", \"(116, 61, -0.26179933547973633)\", \"(116, 60, -0.5235987305641174)\", \"(115, 59, 0.0)\", \"(115, 58, -0.10725017637014389)\", \"(115, 57, -0.26179933547973633)\", \"(115, 56, -0.5235987305641174)\", \"(114, 55, -0.10725017637014389)\", \"(114, 54, -0.26179933547973633)\", \"(114, 53, -0.5235987305641174)\", \"(113, 52, -0.10725017637014389)\", \"(113, 51, -0.26179933547973633)\", \"(113, 50, -0.5235987305641174)\", \"(112, 49, 0.0)\", \"(112, 48, -0.10725017637014389)\", \"(112, 47, -0.26179933547973633)\", \"(112, 46, -0.5235987305641174)\", \"(111, 45, -0.10725017637014389)\", \"(111, 44, -0.26179933547973633)\", \"(111, 43, -0.5235987305641174)\", \"(110, 42, -0.10725017637014389)\", \"(110, 41, -0.26179933547973633)\", \"(110, 40, -0.5235987305641174)\", \"(109, 39, -0.10725017637014389)\", \"(109, 38, -0.26179933547973633)\", \"(109, 37, -0.5235987305641174)\", \"(108, 36, -0.10725017637014389)\", \"(108, 35, -0.26179933547973633)\", \"(108, 34, -0.5235987305641174)\", \"(107, 33, -0.10725017637014389)\", \"(107, 32, -0.26179933547973633)\", \"(107, 31, -0.5235987305641174)\", \"(106, 30, -0.10725017637014389)\", \"(106, 29, -0.26179933547973633)\", \"(106, 28, -0.5235987305641174)\", \"(105, 27, -0.10725017637014389)\", \"(105, 26, -0.26179933547973633)\", \"(105, 25, -0.5235987305641174)\", \"(104, 24, -0.5235987305641174)\", \"(104, 23, -0.26179933547973633)\", \"(104, 22, -0.10725017637014389)\"], \"timeout\": false, \"planner_name\": \"RRT*\", \"total_exec_time_ms\": 66.68496131896973, \"local_start\": \"(128, 107, 0)\", \"local_goal\": \"(115, 20, 0.7117122060356912)\", \"goal_direction\": 9, \"ego_location\": \"-34.022071838378906|-0.99448162317276|0.028523463755846024|2.313199758529663\", \"map_goal\": \"-19.58110809326172|0.3|0|-0.5422667860984802\", \"map_next_goal\": \"0.5285676717758179|0.4524883061647415|0|-0.5581969618797302\"}", "collision_report": ""}
