{"pre_planning": "{\"result_type\": 0, \"path\": [], \"timeout\": false, \"planner_name\": \"-\", \"total_exec_time_ms\": 0, \"local_start\": \"None\", \"local_goal\": \"None\", \"goal_direction\": 0, \"ego_location\": \"0.5517520904541016|0.2634584903717041|0.015588779002428055|4.173184394836426\", \"map_goal\": \"10.564472198486328|0.4549951829016209|0|-0.558319091796875\", \"map_next_goal\": \"20.591285705566406|-0.4232592135667801|0|-0.549591064453125\"}", "planning": "{\"result_type\": 5, \"path\": [], \"timeout\": 0, \"planner_name\": \"-\", \"total_exec_time_ms\": 0, \"local_start\": \"(128, 107, 0)\", \"local_goal\": \"(124, 54, -9.334998463138234)\", \"goal_direction\": 10, \"ego_location\": \"0.5517520904541016|0.2634584903717041|0.015588779002428055|4.173184394836426\", \"map_goal\": \"10.564472198486328|0.4549951829016209|0|-0.558319091796875\", \"map_next_goal\": \"20.591285705566406|-0.4232592135667801|0|-0.549591064453125\"}", "collision_report": ""}
