{"pre_planning": "{\"result_type\": 0, \"path\": [], \"timeout\": false, \"planner_name\": \"-\", \"total_exec_time_ms\": 0, \"local_start\": \"None\", \"local_goal\": \"None\", \"goal_direction\": 0, \"ego_location\": \"18.49106216430664|-5.412595272064209|0.02855474315583706|-8.98841381072998\", \"map_goal\": \"30.688690185546875|-0.07684602588415146|0|0.14715316891670227\", \"map_next_goal\": \"40.688690185546875|-0.07684602588415146|0|0.14715316891670227\"}", "planning": "{\"result_type\": 1, \"path\": [\"(129, 124, 0)\", \"(130, 121, 0)\", \"(132, 117, 0)\", \"(133, 114, 0)\", \"(135, 111, 0)\", \"(136, 107, 0)\"], \"timeout\": false, \"planner_name\": \"Hybrid A*\", \"total_exec_time_ms\": 854.9516201019287, \"local_start\": \"(128, 107, 0)\", \"local_goal\": \"(181, 45, 8.686354581236653)\", \"goal_direction\": 9, \"ego_location\": \"18.49106216430664|-5.412595272064209|0.02855474315583706|-8.98841381072998\", \"map_goal\": \"30.688690185546875|-0.07684602588415146|0|0.14715316891670227\", \"map_next_goal\": \"40.688690185546875|-0.07684602588415146|0|0.14715316891670227\"}", "collision_report": ""}
