{"pre_planning": "{\"result_type\": 0, \"path\": [], \"timeout\": false, \"planner_name\": \"-\", \"total_exec_time_ms\": 0, \"local_start\": \"None\", \"local_goal\": \"None\", \"goal_direction\": 0, \"ego_location\": \"0.5767639875411987|0.2644798457622528|0.015578403137624264|4.128138065338135\", \"map_goal\": \"20.591285705566406|-0.4232592135667801|0|-0.549591064453125\", \"map_next_goal\": \"30.688690185546875|-0.07684602588415146|0|0.14715316891670227\"}", "planning": "{\"result_type\": 1, \"path\": [\"(126, 124, 0)\", \"(125, 121, 0)\", \"(123, 117, 0)\", \"(122, 114, 0)\", \"(120, 111, 0)\", \"(117, 108, 0)\", \"(115, 105, 0)\", \"(112, 103, 0)\", \"(110, 100, 0)\", \"(108, 97, 0)\", \"(106, 94, 0)\", \"(104, 91, 0)\", \"(102, 87, 0)\", \"(100, 84, 0)\", \"(98, 81, 0)\", \"(96, 78, 0)\", \"(93, 75, 0)\", \"(91, 72, 0)\", \"(89, 69, 0)\", \"(87, 66, 0)\", \"(85, 63, 0)\", \"(84, 59, 0)\", \"(83, 56, 0)\", \"(83, 52, 0)\", \"(83, 48, 0)\", \"(83, 45, 0)\", \"(83, 41, 0)\", \"(82, 37, 0)\", \"(82, 34, 0)\", \"(81, 30, 0)\", \"(81, 26, 0)\", \"(80, 23, 0)\", \"(80, 19, 0)\", \"(79, 16, 0)\", \"(79, 12, 0)\", \"(78, 8, 0)\", \"(77, 5, 0)\", \"(77, 1, 0)\"], \"timeout\": false, \"planner_name\": \"Hybrid A*\", \"total_exec_time_ms\": 644.5357799530029, \"local_start\": \"(128, 107, 0)\", \"local_goal\": \"(74, 0, -2.3215305898327228)\", \"goal_direction\": 10, \"ego_location\": \"0.5767639875411987|0.2644798457622528|0.015578403137624264|4.128138065338135\", \"map_goal\": \"20.591285705566406|-0.4232592135667801|0|-0.549591064453125\", \"map_next_goal\": \"30.688690185546875|-0.07684602588415146|0|0.14715316891670227\"}", "collision_report": ""}
