{"pre_planning": "{\"result_type\": 0, \"path\": [], \"timeout\": false, \"planner_name\": \"-\", \"total_exec_time_ms\": 0, \"local_start\": \"None\", \"local_goal\": \"None\", \"goal_direction\": 0, \"ego_location\": \"38.03904342651367|-0.8252844214439392|0.028538493439555168|9.815053939819336\", \"map_goal\": \"50.688690185546875|-0.07684602588415146|0|0.14715316891670227\", \"map_next_goal\": \"None\"}", "planning": "{\"result_type\": 5, \"path\": [], \"timeout\": 0, \"planner_name\": \"-\", \"total_exec_time_ms\": 0, \"local_start\": \"(128, 107, 0)\", \"local_goal\": \"(117, 34, -8.569141879837645)\", \"goal_direction\": 10, \"ego_location\": \"38.03904342651367|-0.8252844214439392|0.028538493439555168|9.815053939819336\", \"map_goal\": \"50.688690185546875|-0.07684602588415146|0|0.14715316891670227\", \"map_next_goal\": \"None\"}", "collision_report": ""}
