{"pre_planning": "{\"result_type\": 0, \"path\": [], \"timeout\": false, \"planner_name\": \"-\", \"total_exec_time_ms\": 0, \"local_start\": \"None\", \"local_goal\": \"None\", \"goal_direction\": 0, \"ego_location\": \"10.365941047668457|-4.402185440063477|0.02849992737174034|11.468976020812988\", \"map_goal\": \"20.591285705566406|-0.4232592135667801|0|-0.549591064453125\", \"map_next_goal\": \"50.688690185546875|-0.07684602588415146|0|0.14715316891670227\"}", "planning": "{\"result_type\": 1, \"path\": [\"(127, 126, 0)\", \"(126, 124, 0)\", \"(126, 122, 0)\", \"(125, 121, 0)\", \"(124, 119, 0)\", \"(123, 117, 0)\", \"(122, 116, 0)\", \"(121, 114, 0)\", \"(120, 113, 0)\", \"(119, 111, 0)\", \"(118, 110, 0)\", \"(117, 108, 0)\", \"(116, 107, 0)\", \"(114, 106, 0)\", \"(113, 104, 0)\", \"(112, 103, 0)\", \"(111, 102, 0)\", \"(110, 100, 0)\", \"(108, 99, 0)\", \"(107, 97, 0)\", \"(106, 95, 0)\", \"(105, 94, 0)\", \"(104, 92, 0)\", \"(104, 91, 0)\", \"(103, 89, 0)\", \"(103, 87, 0)\", \"(103, 85, 0)\", \"(102, 83, 0)\", \"(102, 82, 0)\", \"(102, 80, 0)\", \"(102, 78, 0)\", \"(102, 76, 0)\", \"(102, 74, 0)\", \"(102, 72, 0)\", \"(102, 70, 0)\", \"(103, 69, 0)\", \"(103, 67, 0)\", \"(103, 65, 0)\", \"(103, 63, 0)\", \"(102, 62, 0)\", \"(101, 60, 0)\", \"(101, 58, 0)\", \"(100, 57, 0)\", \"(99, 55, 0)\", \"(98, 53, 0)\", \"(97, 52, 0)\", \"(97, 50, 0)\", \"(97, 48, 0)\", \"(96, 46, 0)\", \"(96, 45, 0)\", \"(97, 43, 0)\", \"(97, 41, 0)\", \"(97, 39, 0)\", \"(97, 37, 0)\", \"(98, 35, 0)\", \"(98, 34, 0)\", \"(99, 32, 0)\", \"(99, 30, 0)\", \"(100, 28, 0)\", \"(101, 27, 0)\", \"(102, 25, 0)\", \"(103, 23, 0)\", \"(103, 22, 0)\", \"(104, 20, 0)\", \"(105, 19, 0)\", \"(107, 17, 0)\", \"(108, 16, 0)\", \"(109, 14, 0)\", \"(110, 13, 0)\", \"(111, 12, 0)\", \"(113, 10, 0)\", \"(114, 9, 0)\", \"(116, 8, 0)\", \"(117, 7, 0)\", \"(119, 6, 0)\"], \"timeout\": false, \"planner_name\": \"Hybrid A*\", \"total_exec_time_ms\": 7579.274654388428, \"local_start\": \"(128, 107, 0)\", \"local_goal\": \"(127, 17, -2.7263109939062753)\", \"goal_direction\": 10, \"ego_location\": \"10.365941047668457|-4.402185440063477|0.02849992737174034|11.468976020812988\", \"map_goal\": \"20.591285705566406|-0.4232592135667801|0|-0.549591064453125\", \"map_next_goal\": \"50.688690185546875|-0.07684602588415146|0|0.14715316891670227\"}", "collision_report": ""}
