{"pre_planning": "{\"result_type\": 0, \"path\": [], \"timeout\": false, \"planner_name\": \"-\", \"total_exec_time_ms\": 0, \"local_start\": \"None\", \"local_goal\": \"None\", \"goal_direction\": 0, \"ego_location\": \"-10.813953399658203|0.7160961627960205|0.025682352483272552|23.629981994628906\", \"map_goal\": \"20.591285705566406|-0.4232592135667801|0|-0.549591064453125\", \"map_next_goal\": \"50.688690185546875|-0.07684602588415146|0|0.14715316891670227\"}", "planning": "{\"result_type\": 1, \"path\": [\"(127, 126, 0)\", \"(126, 124, 0)\", \"(126, 122, 0)\", \"(125, 121, 0)\", \"(124, 119, 0)\", \"(123, 117, 0)\", \"(122, 116, 0)\", \"(121, 114, 0)\", \"(120, 113, 0)\", \"(119, 111, 0)\", \"(118, 110, 0)\", \"(117, 108, 0)\", \"(116, 107, 0)\", \"(114, 106, 0)\", \"(113, 104, 0)\", \"(112, 103, 0)\", \"(110, 102, 0)\", \"(109, 101, 0)\", \"(107, 100, 0)\", \"(106, 99, 0)\", \"(104, 97, 0)\", \"(103, 96, 0)\", \"(102, 95, 0)\", \"(101, 93, 0)\", \"(99, 92, 0)\", \"(98, 91, 0)\", \"(97, 89, 0)\", \"(96, 88, 0)\", \"(94, 87, 0)\", \"(93, 85, 0)\", \"(92, 84, 0)\", \"(91, 82, 0)\", \"(89, 81, 0)\", \"(88, 80, 0)\", \"(87, 78, 0)\", \"(86, 77, 0)\", \"(84, 76, 0)\", \"(83, 74, 0)\", \"(82, 73, 0)\", \"(81, 72, 0)\", \"(79, 70, 0)\", \"(78, 69, 0)\", \"(77, 67, 0)\", \"(76, 66, 0)\", \"(74, 65, 0)\", \"(73, 63, 0)\", \"(72, 62, 0)\", \"(71, 61, 0)\", \"(69, 59, 0)\", \"(68, 58, 0)\", \"(67, 57, 0)\", \"(66, 55, 0)\", \"(64, 54, 0)\", \"(63, 52, 0)\", \"(62, 51, 0)\", \"(61, 50, 0)\", \"(59, 48, 0)\", \"(58, 47, 0)\", \"(57, 46, 0)\", \"(56, 44, 0)\", \"(54, 43, 0)\", \"(53, 42, 0)\", \"(52, 40, 0)\", \"(51, 39, 0)\", \"(49, 37, 0)\", \"(48, 36, 0)\", \"(47, 35, 0)\", \"(46, 33, 0)\", \"(45, 32, 0)\", \"(43, 31, 0)\", \"(42, 29, 0)\", \"(41, 28, 0)\", \"(40, 27, 0)\", \"(38, 25, 0)\", \"(37, 24, 0)\", \"(36, 22, 0)\", \"(35, 21, 0)\", \"(34, 19, 0)\", \"(34, 17, 0)\", \"(33, 16, 0)\", \"(32, 14, 0)\", \"(32, 12, 0)\", \"(32, 10, 0)\", \"(31, 8, 0)\", \"(31, 7, 0)\", \"(31, 5, 0)\", \"(31, 3, 0)\", \"(31, 1, 0)\", \"(30, 0, 0)\"], \"timeout\": false, \"planner_name\": \"Hybrid A*\", \"total_exec_time_ms\": 23.93651008605957, \"local_start\": \"(128, 107, 0)\", \"local_goal\": \"(27, 0, -28.482185747040436)\", \"goal_direction\": 10, \"ego_location\": \"-10.813953399658203|0.7160961627960205|0.025682352483272552|23.629981994628906\", \"map_goal\": \"20.591285705566406|-0.4232592135667801|0|-0.549591064453125\", \"map_next_goal\": \"50.688690185546875|-0.07684602588415146|0|0.14715316891670227\"}", "collision_report": ""}
