{"pre_planning": "{\"result_type\": 0, \"path\": [], \"timeout\": false, \"planner_name\": \"-\", \"total_exec_time_ms\": 0, \"local_start\": \"None\", \"local_goal\": \"None\", \"goal_direction\": 0, \"ego_location\": \"0.43923890590667725|0.4061865210533142|0.01542722713202238|1.4908677339553833\", \"map_goal\": \"20.591285705566406|-0.4232592135667801|0|-0.549591064453125\", \"map_next_goal\": \"30.688690185546875|-0.07684602588415146|0|0.14715316891670227\"}", "planning": "{\"result_type\": 1, \"path\": [\"(128, 107, -0.17816074192523956)\", \"(127, 103, -0.06916538625955582)\", \"(127, 99, -0.15082494914531708)\", \"(126, 95, -0.02771373651921749)\", \"(126, 91, -0.06916538625955582)\", \"(126, 87, -0.17816074192523956)\", \"(125, 83, -0.06916538625955582)\", \"(125, 79, -0.17816074192523956)\", \"(124, 75, -0.06916538625955582)\", \"(124, 71, -0.15082494914531708)\", \"(123, 67, -0.02771373651921749)\", \"(123, 63, -0.06916538625955582)\", \"(123, 59, -0.17816074192523956)\", \"(122, 55, -0.06916538625955582)\", \"(122, 51, -0.17816074192523956)\", \"(121, 47, -0.06916538625955582)\", \"(121, 43, -0.15082494914531708)\", \"(120, 39, -0.02771373651921749)\", \"(120, 35, -0.06916538625955582)\", \"(120, 31, -0.17816074192523956)\", \"(119, 27, -0.06916538625955582)\", \"(119, 23, -0.17816074192523956)\", \"(118, 19, -0.06916538625955582)\", \"(118, 15, -0.15082494914531708)\", \"(117, 11, 0.0)\", \"(117, 7, -0.06916538625955582)\", \"(117, 3, -0.02771373651921749)\", \"(117, 0, 0.0)\"], \"timeout\": false, \"planner_name\": \"overtaker\", \"total_exec_time_ms\": 19.156217575073242, \"local_start\": \"(128, 107, 0)\", \"local_goal\": \"(117, 0, 0.7638984609299889)\", \"goal_direction\": 9, \"ego_location\": \"0.43923890590667725|0.4061865210533142|0.01542722713202238|1.4908677339553833\", \"map_goal\": \"20.591285705566406|-0.4232592135667801|0|-0.549591064453125\", \"map_next_goal\": \"30.688690185546875|-0.07684602588415146|0|0.14715316891670227\"}", "collision_report": ""}
