{"pre_planning": "{\"result_type\": 0, \"path\": [], \"timeout\": false, \"planner_name\": \"-\", \"total_exec_time_ms\": 0, \"local_start\": \"None\", \"local_goal\": \"None\", \"goal_direction\": 0, \"ego_location\": \"-82.77861785888672|0.12577494978904724|0.028446024283766747|0.177275612950325\", \"map_goal\": \"-59.809959411621094|0.3|0|-0.555572509765625\", \"map_next_goal\": \"-49.68109130859375|0.3|0|-0.5505065321922302\"}", "planning": "{\"result_type\": 1, \"path\": [\"(128, 107, 0.0)\", \"(128, 103, 0.0)\", \"(128, 99, 0.0)\", \"(128, 95, 0.0)\", \"(128, 91, 0.0)\", \"(128, 87, 0.0)\", \"(128, 83, 0.0)\", \"(128, 79, 0.0)\", \"(128, 75, 0.0)\", \"(128, 71, 0.0)\", \"(128, 67, 0.0)\", \"(128, 62, 0.0)\", \"(128, 58, 0.0)\", \"(128, 54, 0.0)\", \"(128, 51, 0.0)\", \"(128, 47, 0.0)\", \"(128, 43, 0.0)\", \"(128, 39, 0.0)\", \"(128, 35, 0.0)\", \"(128, 31, 0.0)\", \"(128, 27, 0.0)\", \"(128, 23, 0.0)\", \"(128, 19, 0.0)\", \"(128, 15, 0.0)\", \"(128, 11, 0.0)\", \"(128, 7, 0.0)\", \"(128, 3, 0.0)\", \"(128, 0, 0.0)\"], \"timeout\": false, \"planner_name\": \"overtaker\", \"total_exec_time_ms\": 6.739139556884766, \"local_start\": \"(128, 107, 0)\", \"local_goal\": \"(128, 0, 0.0)\", \"goal_direction\": 8, \"ego_location\": \"-82.77861785888672|0.12577494978904724|0.028446024283766747|0.177275612950325\", \"map_goal\": \"-59.809959411621094|0.3|0|-0.555572509765625\", \"map_next_goal\": \"-49.68109130859375|0.3|0|-0.5505065321922302\"}", "collision_report": ""}
