{"pre_planning": "{\"result_type\": 0, \"path\": [], \"timeout\": false, \"planner_name\": \"-\", \"total_exec_time_ms\": 0, \"local_start\": \"None\", \"local_goal\": \"None\", \"goal_direction\": 0, \"ego_location\": \"-31.25398826599121|0.25646206736564636|0.028487376868724823|0.0913831815123558\", \"map_goal\": \"-19.58110809326172|0.3|0|-0.5422667860984802\", \"map_next_goal\": \"-9.545795440673828|0.4509453892707825|0|-0.5573425889015198\"}", "planning": "{\"result_type\": 5, \"path\": [], \"timeout\": 0, \"planner_name\": \"-\", \"total_exec_time_ms\": 0, \"local_start\": \"(128, 107, 0)\", \"local_goal\": \"(128, 41, 0.7848246029918898)\", \"goal_direction\": 9, \"ego_location\": \"-31.25398826599121|0.25646206736564636|0.028487376868724823|0.0913831815123558\", \"map_goal\": \"-19.58110809326172|0.3|0|-0.5422667860984802\", \"map_next_goal\": \"-9.545795440673828|0.4509453892707825|0|-0.5573425889015198\"}", "collision_report": ""}
