(399, 0)
(399, 0)
(399, 0)
(399, 0)
(399, 0)
(399, 0)
(399, 0)
(399, 0)
(399, 0)
(399, 0)
(399, 1)
(399, 1)
(399, 1)
(399, 1)
(399, 1)
(399, 1)
(399, 1)
(399, 1)
(399, 1)
(399, 1)
(399, 1)
(399, 2)
(399, 2)
(399, 2)
(399, 2)
(398, 2)
(398, 2)
(398, 2)
(398, 2)
(398, 2)
(398, 2)
(398, 2)
(398, 3)
(398, 3)
(398, 3)
(398, 3)
(398, 3)
(398, 3)
(398, 3)
(398, 3)
(398, 3)
(398, 3)
(398, 3)
(398, 4)
(398, 4)
(398, 4)
(398, 4)
(398, 4)
(398, 4)
(398, 4)
(397, 4)
(397, 4)
(397, 4)
(397, 4)
(397, 5)
(397, 5)
(397, 5)
(397, 5)
(397, 5)
(397, 5)
(397, 5)
(397, 5)
(397, 5)
(397, 5)
(397, 5)
(397, 6)
(397, 6)
(397, 6)
(397, 6)
(397, 6)
(397, 6)
(397, 6)
(397, 6)
(397, 6)
(397, 6)
(396, 6)
(396, 7)
(396, 7)
(396, 7)
(396, 7)
(396, 7)
(396, 7)
(396, 7)
(396, 7)
(396, 7)
(396, 7)
(396, 7)
(396, 8)
(396, 8)
(396, 8)
(396, 8)
(396, 8)
(396, 8)
(396, 8)
(396, 8)
(396, 8)
(396, 8)
(396, 8)
(396, 9)
(396, 9)
(395, 9)
(395, 9)
(395, 9)
(395, 9)
(395, 9)
(395, 9)
(395, 9)
(395, 9)
(395, 9)
(395, 10)
(395, 10)
(395, 10)
(395, 10)
(395, 10)
(395, 10)
(395, 10)
(395, 10)
(395, 10)
(395, 10)
(395, 10)
(395, 11)
(395, 11)
(395, 11)
(395, 11)
(394, 11)
(394, 11)
(394, 11)
(394, 11)
(394, 11)
(394, 11)
(394, 11)
(394, 12)
(394, 12)
(394, 12)
(394, 12)
(394, 12)
(394, 12)
(394, 12)
(394, 12)
(394, 12)
(394, 12)
(394, 12)
(394, 13)
(394, 13)
(394, 13)
(394, 13)
(394, 13)
(393, 13)
(393, 13)
(393, 13)
(393, 13)
(393, 13)
(393, 13)
(393, 14)
(393, 14)
(393, 14)
(393, 14)
(393, 14)
(393, 14)
(393, 14)
(393, 14)
(393, 14)
(393, 14)
(393, 14)
(393, 15)
(393, 15)
(393, 15)
(393, 15)
(393, 15)
(393, 15)
(393, 15)
(392, 15)
(392, 15)
(392, 15)
(392, 15)
(392, 16)
(392, 16)
(392, 16)
(392, 16)
(392, 16)
(392, 16)
(392, 16)
(392, 16)
(392, 16)
(392, 16)
(392, 16)
(392, 17)
(392, 17)
(392, 17)
(392, 17)
(392, 17)
(392, 17)
(392, 17)
(392, 17)
(391, 17)
(391, 17)
(391, 17)
(391, 18)
(391, 18)
(391, 18)
(391, 18)
(391, 18)
(391, 18)
(391, 18)
(391, 18)
(391, 18)
(391, 18)
(391, 18)
(391, 19)
(391, 19)
(391, 19)
(391, 19)
(391, 19)
(391, 19)
(391, 19)
(391, 19)
(391, 19)
(390, 19)
(390, 19)
(390, 20)
(390, 20)
(390, 20)
(390, 20)
(390, 20)
(390, 20)
(390, 20)
(390, 20)
(390, 20)
(390, 20)
(390, 20)
(390, 21)
(390, 21)
(390, 21)
(390, 21)
(390, 21)
(390, 21)
(390, 21)
(390, 21)
(390, 21)
(389, 21)
(389, 21)
(389, 21)
(389, 22)
(389, 22)
(389, 22)
(389, 22)
(389, 22)
(389, 22)
(389, 22)
(389, 22)
(389, 22)
(389, 22)
(389, 22)
(389, 23)
(389, 23)
(389, 23)
(389, 23)
(389, 23)
(389, 23)
(389, 23)
(389, 23)
(389, 23)
(388, 23)
(388, 23)
(388, 24)
(388, 24)
(388, 24)
(388, 24)
(388, 24)
(388, 24)
(388, 24)
(388, 24)
(388, 24)
(388, 24)
(388, 24)
(388, 25)
(388, 25)
(388, 25)
(388, 25)
(388, 25)
(388, 25)
(388, 25)
(388, 25)
(388, 25)
(387, 25)
(387, 25)
(387, 25)
(387, 26)
(387, 26)
(387, 26)
(387, 26)
(387, 26)
(387, 26)
(387, 26)
(387, 26)
(387, 26)
(387, 26)
(387, 26)
(387, 27)
(387, 27)
(387, 27)
(387, 27)
(387, 27)
(387, 27)
(387, 27)
(386, 27)
(386, 27)
(386, 27)
(386, 27)
(386, 28)
(386, 28)
(386, 28)
(386, 28)
(386, 28)
(386, 28)
(386, 28)
(386, 28)
(386, 28)
(386, 28)
(386, 28)
(386, 29)
(386, 29)
(386, 29)
(386, 29)
(386, 29)
(386, 29)
(386, 29)
(385, 29)
(385, 29)
(385, 29)
(385, 29)
(385, 29)
(385, 30)
(385, 30)
(385, 30)
(385, 30)
(385, 30)
(385, 30)
(385, 30)
(385, 30)
(385, 30)
(385, 30)
(385, 30)
(385, 31)
(385, 31)
(385, 31)
(385, 31)
(385, 31)
(384, 31)
(384, 31)
(384, 31)
(384, 31)
(384, 31)
(384, 31)
(384, 32)
(384, 32)
(384, 32)
(384, 32)
(384, 32)
(384, 32)
(384, 32)
(384, 32)
(384, 32)
(384, 32)
(384, 32)
(384, 32)
(384, 33)
(384, 33)
(384, 33)
(383, 33)
(383, 33)
(383, 33)
(383, 33)
(383, 33)
(383, 33)
(383, 33)
(383, 33)
(383, 34)
(383, 34)
(383, 34)
(383, 34)
(383, 34)
(383, 34)
(383, 34)
(383, 34)
(383, 34)
(383, 34)
(383, 34)
(383, 34)
(383, 35)
(382, 35)
(382, 35)
(382, 35)
(382, 35)
(382, 35)
(382, 35)
(382, 35)
(382, 35)
(382, 35)
(382, 35)
(382, 36)
(382, 36)
(382, 36)
(382, 36)
(382, 36)
(382, 36)
(382, 36)
(382, 36)
(382, 36)
(382, 36)
(381, 36)
(381, 37)
(381, 37)
(381, 37)
(381, 37)
(381, 37)
(381, 37)
(381, 37)
(381, 37)
(381, 37)
(381, 37)
(381, 37)
(381, 37)
(381, 38)
(381, 38)
(381, 38)
(381, 38)
(381, 38)
(381, 38)
(381, 38)
(381, 38)
(380, 38)
(380, 38)
(380, 38)
(380, 39)
(380, 39)
(380, 39)
(380, 39)
(380, 39)
(380, 39)
(380, 39)
(380, 39)
(380, 39)
(380, 39)
(380, 39)
(380, 39)
(380, 40)
(380, 40)
(380, 40)
(380, 40)
(380, 40)
(379, 40)
(379, 40)
(379, 40)
(379, 40)
(379, 40)
(379, 40)
(379, 41)
(379, 41)
(379, 41)
(379, 41)
(379, 41)
(379, 41)
(379, 41)
(379, 41)
(379, 41)
(379, 41)
(379, 41)
(379, 41)
(379, 42)
(379, 42)
(378, 42)
(378, 42)
(378, 42)
(378, 42)
(378, 42)
(378, 42)
(378, 42)
(378, 42)
(378, 42)
(378, 42)
(378, 43)
(378, 43)
(378, 43)
(378, 43)
(378, 43)
(378, 43)
(378, 43)
(378, 43)
(378, 43)
(378, 43)
(377, 43)
(377, 44)
(377, 44)
(377, 44)
(377, 44)
(377, 44)
(377, 44)
(377, 44)
(377, 44)
(377, 44)
(377, 44)
(377, 44)
(377, 44)
(377, 45)
(377, 45)
(377, 45)
(377, 45)
(377, 45)
(377, 45)
(376, 45)
(376, 45)
(376, 45)
(376, 45)
(376, 45)
(376, 46)
(376, 46)
(376, 46)
(376, 46)
(376, 46)
(376, 46)
(376, 46)
(376, 46)
(376, 46)
(376, 46)
(376, 46)
(376, 46)
(376, 47)
(376, 47)
(376, 47)
(375, 47)
(375, 47)
(375, 47)
(375, 47)
(375, 47)
(375, 47)
(375, 47)
(375, 47)
(375, 47)
(375, 48)
(375, 48)
(375, 48)
(375, 48)
(375, 48)
(375, 48)
(375, 48)
(375, 48)
(375, 48)
(375, 48)
(374, 48)
(374, 48)
(374, 49)
(374, 49)
(374, 49)
(374, 49)
(374, 49)
(374, 49)
(374, 49)
(374, 49)
(374, 49)
(374, 49)
(374, 49)
(374, 50)
(374, 50)
(374, 50)
(374, 50)
(374, 50)
(374, 50)
(373, 50)
(373, 50)
(373, 50)
(373, 50)
(373, 50)
(373, 50)
(373, 51)
(373, 51)
(373, 51)
(373, 51)
(373, 51)
(373, 51)
(373, 51)
(373, 51)
(373, 51)
(373, 51)
(373, 51)
(373, 51)
(373, 52)
(372, 52)
(372, 52)
(372, 52)
(372, 52)
(372, 52)
(372, 52)
(372, 52)
(372, 52)
(372, 52)
(372, 52)
(372, 52)
(372, 53)
(372, 53)
(372, 53)
(372, 53)
(372, 53)
(372, 53)
(372, 53)
(372, 53)
(371, 53)
(371, 53)
(371, 53)
(371, 54)
(371, 54)
(371, 54)
(371, 54)
(371, 54)
(371, 54)
(371, 54)
(371, 54)
(371, 54)
(371, 54)
(371, 54)
(371, 54)
(371, 55)
(371, 55)
(371, 55)
(370, 55)
(370, 55)
(370, 55)
(370, 55)
(370, 55)
(370, 55)
(370, 55)
(370, 55)
(370, 55)
(370, 56)
(370, 56)
(370, 56)
(370, 56)
(370, 56)
(370, 56)
(370, 56)
(370, 56)
(370, 56)
(370, 56)
(369, 56)
(369, 56)
(369, 57)
(369, 57)
(369, 57)
(369, 57)
(369, 57)
(369, 57)
(369, 57)
(369, 57)
(369, 57)
(369, 57)
(369, 57)
(369, 57)
(369, 58)
(369, 58)
(369, 58)
(369, 58)
(368, 58)
(368, 58)
(368, 58)
(368, 58)
(368, 58)
(368, 58)
(368, 58)
(368, 58)
(368, 59)
(368, 59)
(368, 59)
(368, 59)
(368, 59)
(368, 59)
(368, 59)
(368, 59)
(368, 59)
(368, 59)
(367, 59)
(367, 59)
(367, 60)
(367, 60)
(367, 60)
(367, 60)
(367, 60)
(367, 60)
(367, 60)
(367, 60)
(367, 60)
(367, 60)
(367, 60)
(367, 60)
(367, 61)
(367, 61)
(367, 61)
(367, 61)
(366, 61)
(366, 61)
(366, 61)
(366, 61)
(366, 61)
(366, 61)
(366, 61)
(366, 61)
(366, 62)
(366, 62)
(366, 62)
(366, 62)
(366, 62)
(366, 62)
(366, 62)
(366, 62)
(366, 62)
(366, 62)
(365, 62)
(365, 62)
(365, 63)
(365, 63)
(365, 63)
(365, 63)
(365, 63)
(365, 63)
(365, 63)
(365, 63)
(365, 63)
(365, 63)
(365, 63)
(365, 63)
(365, 64)
(365, 64)
(365, 64)
(365, 64)
(364, 64)
(364, 64)
(364, 64)
(364, 64)
(364, 64)
(364, 64)
(364, 64)
(364, 64)
(364, 65)
(364, 65)
(364, 65)
(364, 65)
(364, 65)
(364, 65)
(364, 65)
(364, 65)
(364, 65)
(364, 65)
(363, 65)
(363, 65)
(363, 66)
(363, 66)
(363, 66)
(363, 66)
(363, 66)
(363, 66)
(363, 66)
(363, 66)
(363, 66)
(363, 66)
(363, 66)
(363, 66)
(363, 66)
(363, 67)
(363, 67)
(362, 67)
(362, 67)
(362, 67)
(362, 67)
(362, 67)
(362, 67)
(362, 67)
(362, 67)
(362, 67)
(362, 67)
(362, 68)
(362, 68)
(362, 68)
(362, 68)
(362, 68)
(362, 68)
(362, 68)
(361, 68)
(361, 68)
(361, 68)
(361, 68)
(361, 68)
(361, 69)
(361, 69)
(361, 69)
(361, 69)
(361, 69)
(361, 69)
(361, 69)
(361, 69)
(361, 69)
(361, 69)
(361, 69)
(361, 69)
(361, 70)
(360, 70)
(360, 70)
(360, 70)
(360, 70)
(360, 70)
(360, 70)
(360, 70)
(360, 70)
(360, 70)
(360, 70)
(360, 70)
(360, 70)
(360, 71)
(360, 71)
(360, 71)
(360, 71)
(360, 71)
(359, 71)
(359, 71)
(359, 71)
(359, 71)
(359, 71)
(359, 71)
(359, 71)
(359, 72)
(359, 72)
(359, 72)
(359, 72)
(359, 72)
(359, 72)
(359, 72)
(359, 72)
(359, 72)
(359, 72)
(358, 72)
(358, 72)
(358, 73)
(358, 73)
(358, 73)
(358, 73)
(358, 73)
(358, 73)
(358, 73)
(358, 73)
(358, 73)
(358, 73)
(358, 73)
(358, 73)
(358, 73)
(358, 74)
(358, 74)
(357, 74)
(357, 74)
(357, 74)
(357, 74)
(357, 74)
(357, 74)
(357, 74)
(357, 74)
(357, 74)
(357, 74)
(357, 75)
(357, 75)
(357, 75)
(357, 75)
(357, 75)
(357, 75)
(357, 75)
(356, 75)
(356, 75)
(356, 75)
(356, 75)
(356, 75)
(356, 75)
(356, 76)
(356, 76)
(356, 76)
(356, 76)
(356, 76)
(356, 76)
(356, 76)
(356, 76)
(356, 76)
(356, 76)
(356, 76)
(355, 76)
(355, 77)
(355, 77)
(355, 77)
(355, 77)
(355, 77)
(355, 77)
(355, 77)
(355, 77)
(355, 77)
(355, 77)
(355, 77)
(355, 77)
(355, 77)
(355, 78)
(355, 78)
(354, 78)
(354, 78)
(354, 78)
(354, 78)
(354, 78)
(354, 78)
(354, 78)
(354, 78)
(354, 78)
(354, 78)
(354, 79)
(354, 79)
(354, 79)
(354, 79)
(354, 79)
(354, 79)
(354, 79)
(353, 79)
(353, 79)
(353, 79)
(353, 79)
(353, 79)
(353, 79)
(353, 80)
(353, 80)
(353, 80)
(353, 80)
(353, 80)
(353, 80)
(353, 80)
(353, 80)
(353, 80)
(353, 80)
(352, 80)
(352, 80)
(352, 81)
(352, 81)
(352, 81)
(352, 81)
(352, 81)
(352, 81)
(352, 81)
(352, 81)
(352, 81)
(352, 81)
(352, 81)
(352, 81)
(352, 81)
(352, 82)
(352, 82)
(351, 82)
(351, 82)
(351, 82)
(351, 82)
(351, 82)
(351, 82)
(351, 82)
(351, 82)
(351, 82)
(351, 82)
(351, 82)
(351, 83)
(351, 83)
(351, 83)
(351, 83)
(351, 83)
(350, 83)
(350, 83)
(350, 83)
(350, 83)
(350, 83)
(350, 83)
(350, 83)
(350, 84)
(350, 84)
(350, 84)
(350, 84)
(350, 84)
(350, 84)
(350, 84)
(350, 84)
(350, 84)
(349, 84)
(349, 84)
(349, 84)
(349, 84)
(349, 85)
(349, 85)
(349, 85)
(349, 85)
(349, 85)
(349, 85)
(349, 85)
(349, 85)
(349, 85)
(349, 85)
(349, 85)
(349, 85)
(348, 85)
(348, 86)
(348, 86)
(348, 86)
(348, 86)
(348, 86)
(348, 86)
(348, 86)
(348, 86)
(348, 86)
(348, 86)
(348, 86)
(348, 86)
(348, 86)
(348, 87)
(348, 87)
(347, 87)
(347, 87)
(347, 87)
(347, 87)
(347, 87)
(347, 87)
(347, 87)
(347, 87)
(347, 87)
(347, 87)
(347, 87)
(347, 88)
(347, 88)
(347, 88)
(347, 88)
(347, 88)
(346, 88)
(346, 88)
(346, 88)
(346, 88)
(346, 88)
(346, 88)
(346, 88)
(346, 89)
(346, 89)
(346, 89)
(346, 89)
(346, 89)
(346, 89)
(346, 89)
(346, 89)
(346, 89)
(345, 89)
(345, 89)
(345, 89)
(345, 89)
(345, 90)
(345, 90)
(345, 90)
(345, 90)
(345, 90)
(345, 90)
(345, 90)
(345, 90)
(345, 90)
(345, 90)
(345, 90)
(344, 90)
(344, 90)
(344, 91)
(344, 91)
(344, 91)
(344, 91)
(344, 91)
(344, 91)
(344, 91)
(344, 91)
(344, 91)
(344, 91)
(344, 91)
(344, 91)
(344, 91)
(344, 92)
(343, 92)
(343, 92)
(343, 92)
(343, 92)
(343, 92)
(343, 92)
(343, 92)
(343, 92)
(343, 92)
(343, 92)
(343, 92)
(343, 92)
(343, 93)
(343, 93)
(343, 93)
(343, 93)
(342, 93)
(342, 93)
(342, 93)
(342, 93)
(342, 93)
(342, 93)
(342, 93)
(342, 93)
(342, 93)
(342, 94)
(342, 94)
(342, 94)
(342, 94)
(342, 94)
(342, 94)
(341, 94)
(341, 94)
(341, 94)
(341, 94)
(341, 94)
(341, 94)
(341, 94)
(341, 94)
(341, 95)
(341, 95)
(341, 95)
(341, 95)
(341, 95)
(341, 95)
(341, 95)
(340, 95)
(340, 95)
(340, 95)
(340, 95)
(340, 95)
(340, 95)
(340, 96)
(340, 96)
(340, 96)
(340, 96)
(340, 96)
(340, 96)
(340, 96)
(340, 96)
(340, 96)
(340, 96)
(339, 96)
(339, 96)
(339, 96)
(339, 97)
(339, 97)
(339, 97)
(339, 97)
(339, 97)
(339, 97)
(339, 97)
(339, 97)
(339, 97)
(339, 97)
(339, 97)
(339, 97)
(338, 97)
(338, 98)
(338, 98)
(338, 98)
(338, 98)
(338, 98)
(338, 98)
(338, 98)
(338, 98)
(338, 98)
(338, 98)
(338, 98)
(338, 98)
(338, 98)
(338, 98)
(337, 99)
(337, 99)
(337, 99)
(337, 99)
(337, 99)
(337, 99)
(337, 99)
(337, 99)
(337, 99)
(337, 99)
(337, 99)
(337, 99)
(337, 99)
(337, 100)
(337, 100)
(336, 100)
(336, 100)
(336, 100)
(336, 100)
(336, 100)
(336, 100)
(336, 100)
(336, 100)
(336, 100)
(336, 100)
(336, 100)
(336, 101)
(336, 101)
(336, 101)
(336, 101)
(335, 101)
(335, 101)
(335, 101)
(335, 101)
(335, 101)
(335, 101)
(335, 101)
(335, 101)
(335, 101)
(335, 101)
(335, 102)
(335, 102)
(335, 102)
(335, 102)
(335, 102)
(334, 102)
(334, 102)
(334, 102)
(334, 102)
(334, 102)
(334, 102)
(334, 102)
(334, 102)
(334, 103)
(334, 103)
(334, 103)
(334, 103)
(334, 103)
(334, 103)
(334, 103)
(333, 103)
(333, 103)
(333, 103)
(333, 103)
(333, 103)
(333, 103)
(333, 103)
(333, 104)
(333, 104)
(333, 104)
(333, 104)
(333, 104)
(333, 104)
(333, 104)
(333, 104)
(332, 104)
(332, 104)
(332, 104)
(332, 104)
(332, 104)
(332, 105)
(332, 105)
(332, 105)
(332, 105)
(332, 105)
(332, 105)
(332, 105)
(332, 105)
(332, 105)
(332, 105)
(331, 105)
(331, 105)
(331, 105)
(331, 105)
(331, 106)
(331, 106)
(331, 106)
(331, 106)
(331, 106)
(331, 106)
(331, 106)
(331, 106)
(331, 106)
(331, 106)
(330, 106)
(330, 106)
(330, 106)
(330, 107)
(330, 107)
(330, 107)
(330, 107)
(330, 107)
(330, 107)
(330, 107)
(330, 107)
(330, 107)
(330, 107)
(330, 107)
(330, 107)
(329, 107)
(329, 107)
(329, 108)
(329, 108)
(329, 108)
(329, 108)
(329, 108)
(329, 108)
(329, 108)
(329, 108)
(329, 108)
(329, 108)
(329, 108)
(329, 108)
(329, 108)
(328, 108)
(328, 109)
(328, 109)
(328, 109)
(328, 109)
(328, 109)
(328, 109)
(328, 109)
(328, 109)
(328, 109)
(328, 109)
(328, 109)
(328, 109)
(328, 109)
(327, 109)
(327, 110)
(327, 110)
(327, 110)
(327, 110)
(327, 110)
(327, 110)
(327, 110)
(327, 110)
(327, 110)
(327, 110)
(327, 110)
(327, 110)
(327, 110)
(327, 110)
(326, 111)
(326, 111)
(326, 111)
(326, 111)
(326, 111)
(326, 111)
(326, 111)
(326, 111)
(326, 111)
(326, 111)
(326, 111)
(326, 111)
(326, 111)
(326, 112)
(325, 112)
(325, 112)
(325, 112)
(325, 112)
(325, 112)
(325, 112)
(325, 112)
(325, 112)
(325, 112)
(325, 112)
(325, 112)
(325, 112)
(325, 112)
(325, 113)
(324, 113)
(324, 113)
(324, 113)
(324, 113)
(324, 113)
(324, 113)
(324, 113)
(324, 113)
(324, 113)
(324, 113)
(324, 113)
(324, 113)
(324, 113)
(324, 114)
(324, 114)
(323, 114)
(323, 114)
(323, 114)
(323, 114)
(323, 114)
(323, 114)
(323, 114)
(323, 114)
(323, 114)
(323, 114)
(323, 114)
(323, 114)
(323, 114)
(323, 115)
(322, 115)
(322, 115)
(322, 115)
(322, 115)
(322, 115)
(322, 115)
(322, 115)
(322, 115)
(322, 115)
(322, 115)
(322, 115)
(322, 115)
(322, 115)
(322, 116)
(321, 116)
(321, 116)
(321, 116)
(321, 116)
(321, 116)
(321, 116)
(321, 116)
(321, 116)
(321, 116)
(321, 116)
(321, 116)
(321, 116)
(321, 116)
(321, 117)
(320, 117)
(320, 117)
(320, 117)
(320, 117)
(320, 117)
(320, 117)
(320, 117)
(320, 117)
(320, 117)
(320, 117)
(320, 117)
(320, 117)
(320, 117)
(320, 118)
(319, 118)
(319, 118)
(319, 118)
(319, 118)
(319, 118)
(319, 118)
(319, 118)
(319, 118)
(319, 118)
(319, 118)
(319, 118)
(319, 118)
(319, 118)
(319, 119)
(318, 119)
(318, 119)
(318, 119)
(318, 119)
(318, 119)
(318, 119)
(318, 119)
(318, 119)
(318, 119)
(318, 119)
(318, 119)
(318, 119)
(318, 119)
(318, 119)
(317, 120)
(317, 120)
(317, 120)
(317, 120)
(317, 120)
(317, 120)
(317, 120)
(317, 120)
(317, 120)
(317, 120)
(317, 120)
(317, 120)
(317, 120)
(317, 120)
(316, 121)
(316, 121)
(316, 121)
(316, 121)
(316, 121)
(316, 121)
(316, 121)
(316, 121)
(316, 121)
(316, 121)
(316, 121)
(316, 121)
(316, 121)
(316, 121)
(315, 121)
(315, 122)
(315, 122)
(315, 122)
(315, 122)
(315, 122)
(315, 122)
(315, 122)
(315, 122)
(315, 122)
(315, 122)
(315, 122)
(315, 122)
(315, 122)
(314, 122)
(314, 123)
(314, 123)
(314, 123)
(314, 123)
(314, 123)
(314, 123)
(314, 123)
(314, 123)
(314, 123)
(314, 123)
(314, 123)
(314, 123)
(313, 123)
(313, 123)
(313, 123)
(313, 124)
(313, 124)
(313, 124)
(313, 124)
(313, 124)
(313, 124)
(313, 124)
(313, 124)
(313, 124)
(313, 124)
(313, 124)
(312, 124)
(312, 124)
(312, 124)
(312, 125)
(312, 125)
(312, 125)
(312, 125)
(312, 125)
(312, 125)
(312, 125)
(312, 125)
(312, 125)
(312, 125)
(312, 125)
(311, 125)
(311, 125)
(311, 125)
(311, 125)
(311, 126)
(311, 126)
(311, 126)
(311, 126)
(311, 126)
(311, 126)
(311, 126)
(311, 126)
(311, 126)
(310, 126)
(310, 126)
(310, 126)
(310, 126)
(310, 126)
(310, 126)
(310, 127)
(310, 127)
(310, 127)
(310, 127)
(310, 127)
(310, 127)
(310, 127)
(310, 127)
(309, 127)
(309, 127)
(309, 127)
(309, 127)
(309, 127)
(309, 127)
(309, 127)
(309, 128)
(309, 128)
(309, 128)
(309, 128)
(309, 128)
(309, 128)
(308, 128)
(308, 128)
(308, 128)
(308, 128)
(308, 128)
(308, 128)
(308, 128)
(308, 128)
(308, 128)
(308, 129)
(308, 129)
(308, 129)
(308, 129)
(308, 129)
(307, 129)
(307, 129)
(307, 129)
(307, 129)
(307, 129)
(307, 129)
(307, 129)
(307, 129)
(307, 129)
(307, 129)
(307, 130)
(307, 130)
(307, 130)
(306, 130)
(306, 130)
(306, 130)
(306, 130)
(306, 130)
(306, 130)
(306, 130)
(306, 130)
(306, 130)
(306, 130)
(306, 130)
(306, 130)
(306, 131)
(306, 131)
(305, 131)
(305, 131)
(305, 131)
(305, 131)
(305, 131)
(305, 131)
(305, 131)
(305, 131)
(305, 131)
(305, 131)
(305, 131)
(305, 131)
(305, 131)
(304, 132)
(304, 132)
(304, 132)
(304, 132)
(304, 132)
(304, 132)
(304, 132)
(304, 132)
(304, 132)
(304, 132)
(304, 132)
(304, 132)
(304, 132)
(303, 132)
(303, 132)
(303, 133)
(303, 133)
(303, 133)
(303, 133)
(303, 133)
(303, 133)
(303, 133)
(303, 133)
(303, 133)
(303, 133)
(303, 133)
(302, 133)
(302, 133)
(302, 133)
(302, 133)
(302, 134)
(302, 134)
(302, 134)
(302, 134)
(302, 134)
(302, 134)
(302, 134)
(302, 134)
(302, 134)
(302, 134)
(301, 134)
(301, 134)
(301, 134)
(301, 134)
(301, 134)
(301, 134)
(301, 135)
(301, 135)
(301, 135)
(301, 135)
(301, 135)
(301, 135)
(301, 135)
(300, 135)
(300, 135)
(300, 135)
(300, 135)
(300, 135)
(300, 135)
(300, 135)
(300, 135)
(300, 136)
(300, 136)
(300, 136)
(300, 136)
(300, 136)
(299, 136)
(299, 136)
(299, 136)
(299, 136)
(299, 136)
(299, 136)
(299, 136)
(299, 136)
(299, 136)
(299, 136)
(299, 137)
(299, 137)
(299, 137)
(298, 137)
(298, 137)
(298, 137)
(298, 137)
(298, 137)
(298, 137)
(298, 137)
(298, 137)
(298, 137)
(298, 137)
(298, 137)
(298, 137)
(298, 137)
(297, 138)
(297, 138)
(297, 138)
(297, 138)
(297, 138)
(297, 138)
(297, 138)
(297, 138)
(297, 138)
(297, 138)
(297, 138)
(297, 138)
(297, 138)
(296, 138)
(296, 138)
(296, 138)
(296, 139)
(296, 139)
(296, 139)
(296, 139)
(296, 139)
(296, 139)
(296, 139)
(296, 139)
(296, 139)
(296, 139)
(295, 139)
(295, 139)
(295, 139)
(295, 139)
(295, 139)
(295, 140)
(295, 140)
(295, 140)
(295, 140)
(295, 140)
(295, 140)
(295, 140)
(295, 140)
(294, 140)
(294, 140)
(294, 140)
(294, 140)
(294, 140)
(294, 140)
(294, 140)
(294, 140)
(294, 141)
(294, 141)
(294, 141)
(294, 141)
(294, 141)
(293, 141)
(293, 141)
(293, 141)
(293, 141)
(293, 141)
(293, 141)
(293, 141)
(293, 141)
(293, 141)
(293, 141)
(293, 141)
(293, 142)
(293, 142)
(292, 142)
(292, 142)
(292, 142)
(292, 142)
(292, 142)
(292, 142)
(292, 142)
(292, 142)
(292, 142)
(292, 142)
(292, 142)
(292, 142)
(291, 142)
(291, 142)
(291, 143)
(291, 143)
(291, 143)
(291, 143)
(291, 143)
(291, 143)
(291, 143)
(291, 143)
(291, 143)
(291, 143)
(291, 143)
(290, 143)
(290, 143)
(290, 143)
(290, 143)
(290, 143)
(290, 144)
(290, 144)
(290, 144)
(290, 144)
(290, 144)
(290, 144)
(290, 144)
(290, 144)
(289, 144)
(289, 144)
(289, 144)
(289, 144)
(289, 144)
(289, 144)
(289, 144)
(289, 144)
(289, 145)
(289, 145)
(289, 145)
(289, 145)
(289, 145)
(288, 145)
(288, 145)
(288, 145)
(288, 145)
(288, 145)
(288, 145)
(288, 145)
(288, 145)
(288, 145)
(288, 145)
(288, 145)
(288, 145)
(287, 146)
(287, 146)
(287, 146)
(287, 146)
(287, 146)
(287, 146)
(287, 146)
(287, 146)
(287, 146)
(287, 146)
(287, 146)
(287, 146)
(287, 146)
(286, 146)
(286, 146)
(286, 146)
(286, 147)
(286, 147)
(286, 147)
(286, 147)
(286, 147)
(286, 147)
(286, 147)
(286, 147)
(286, 147)
(286, 147)
(285, 147)
(285, 147)
(285, 147)
(285, 147)
(285, 147)
(285, 147)
(285, 147)
(285, 148)
(285, 148)
(285, 148)
(285, 148)
(285, 148)
(284, 148)
(284, 148)
(284, 148)
(284, 148)
(284, 148)
(284, 148)
(284, 148)
(284, 148)
(284, 148)
(284, 148)
(284, 148)
(284, 149)
(284, 149)
(283, 149)
(283, 149)
(283, 149)
(283, 149)
(283, 149)
(283, 149)
(283, 149)
(283, 149)
(283, 149)
(283, 149)
(283, 149)
(283, 149)
(282, 149)
(282, 149)
(282, 149)
(282, 150)
(282, 150)
(282, 150)
(282, 150)
(282, 150)
(282, 150)
(282, 150)
(282, 150)
(282, 150)
(282, 150)
(281, 150)
(281, 150)
(281, 150)
(281, 150)
(281, 150)
(281, 150)
(281, 150)
(281, 151)
(281, 151)
(281, 151)
(281, 151)
(281, 151)
(280, 151)
(280, 151)
(280, 151)
(280, 151)
(280, 151)
(280, 151)
(280, 151)
(280, 151)
(280, 151)
(280, 151)
(280, 151)
(280, 152)
(280, 152)
(279, 152)
(279, 152)
(279, 152)
(279, 152)
(279, 152)
(279, 152)
(279, 152)
(279, 152)
(279, 152)
(279, 152)
(279, 152)
(279, 152)
(278, 152)
(278, 152)
(278, 152)
(278, 153)
(278, 153)
(278, 153)
(278, 153)
(278, 153)
(278, 153)
(278, 153)
(278, 153)
(278, 153)
(277, 153)
(277, 153)
(277, 153)
(277, 153)
(277, 153)
(277, 153)
(277, 153)
(277, 153)
(277, 154)
(277, 154)
(277, 154)
(277, 154)
(277, 154)
(276, 154)
(276, 154)
(276, 154)
(276, 154)
(276, 154)
(276, 154)
(276, 154)
(276, 154)
(276, 154)
(276, 154)
(276, 154)
(276, 154)
(275, 154)
(275, 155)
(275, 155)
(275, 155)
(275, 155)
(275, 155)
(275, 155)
(275, 155)
(275, 155)
(275, 155)
(275, 155)
(275, 155)
(274, 155)
(274, 155)
(274, 155)
(274, 155)
(274, 155)
(274, 155)
(274, 156)
(274, 156)
(274, 156)
(274, 156)
(274, 156)
(274, 156)
(273, 156)
(273, 156)
(273, 156)
(273, 156)
(273, 156)
(273, 156)
(273, 156)
(273, 156)
(273, 156)
(273, 156)
(273, 156)
(273, 157)
(273, 157)
(272, 157)
(272, 157)
(272, 157)
(272, 157)
(272, 157)
(272, 157)
(272, 157)
(272, 157)
(272, 157)
(272, 157)
(272, 157)
(272, 157)
(271, 157)
(271, 157)
(271, 157)
(271, 157)
(271, 158)
(271, 158)
(271, 158)
(271, 158)
(271, 158)
(271, 158)
(271, 158)
(271, 158)
(270, 158)
(270, 158)
(270, 158)
(270, 158)
(270, 158)
(270, 158)
(270, 158)
(270, 158)
(270, 158)
(270, 158)
(270, 159)
(270, 159)
(269, 159)
(269, 159)
(269, 159)
(269, 159)
(269, 159)
(269, 159)
(269, 159)
(269, 159)
(269, 159)
(269, 159)
(269, 159)
(269, 159)
(268, 159)
(268, 159)
(268, 159)
(268, 160)
(268, 160)
(268, 160)
(268, 160)
(268, 160)
(268, 160)
(268, 160)
(268, 160)
(268, 160)
(267, 160)
(267, 160)
(267, 160)
(267, 160)
(267, 160)
(267, 160)
(267, 160)
(267, 160)
(267, 160)
(267, 161)
(267, 161)
(267, 161)
(266, 161)
(266, 161)
(266, 161)
(266, 161)
(266, 161)
(266, 161)
(266, 161)
(266, 161)
(266, 161)
(266, 161)
(266, 161)
(266, 161)
(265, 161)
(265, 161)
(265, 161)
(265, 162)
(265, 162)
(265, 162)
(265, 162)
(265, 162)
(265, 162)
(265, 162)
(265, 162)
(265, 162)
(264, 162)
(264, 162)
(264, 162)
(264, 162)
(264, 162)
(264, 162)
(264, 162)
(264, 162)
(264, 162)
(264, 162)
(264, 163)
(264, 163)
(263, 163)
(263, 163)
(263, 163)
(263, 163)
(263, 163)
(263, 163)
(263, 163)
(263, 163)
(263, 163)
(263, 163)
(263, 163)
(263, 163)
(262, 163)
(262, 163)
(262, 163)
(262, 163)
(262, 164)
(262, 164)
(262, 164)
(262, 164)
(262, 164)
(262, 164)
(262, 164)
(262, 164)
(261, 164)
(261, 164)
(261, 164)
(261, 164)
(261, 164)
(261, 164)
(261, 164)
(261, 164)
(261, 164)
(261, 164)
(261, 164)
(261, 165)
(260, 165)
(260, 165)
(260, 165)
(260, 165)
(260, 165)
(260, 165)
(260, 165)
(260, 165)
(260, 165)
(260, 165)
(260, 165)
(260, 165)
(259, 165)
(259, 165)
(259, 165)
(259, 165)
(259, 165)
(259, 166)
(259, 166)
(259, 166)
(259, 166)
(259, 166)
(259, 166)
(258, 166)
(258, 166)
(258, 166)
(258, 166)
(258, 166)
(258, 166)
(258, 166)
(258, 166)
(258, 166)
(258, 166)
(258, 166)
(258, 166)
(257, 166)
(257, 167)
(257, 167)
(257, 167)
(257, 167)
(257, 167)
(257, 167)
(257, 167)
(257, 167)
(257, 167)
(257, 167)
(257, 167)
(256, 167)
(256, 167)
(256, 167)
(256, 167)
(256, 167)
(256, 167)
(256, 167)
(256, 167)
(256, 168)
(256, 168)
(256, 168)
(256, 168)
(255, 168)
(255, 168)
(255, 168)
(255, 168)
(255, 168)
(255, 168)
(255, 168)
(255, 168)
(255, 168)
(255, 168)
(255, 168)
(255, 168)
(254, 168)
(254, 168)
(254, 168)
(254, 169)
(254, 169)
(254, 169)
(254, 169)
(254, 169)
(254, 169)
(254, 169)
(254, 169)
(253, 169)
(253, 169)
(253, 169)
(253, 169)
(253, 169)
(253, 169)
(253, 169)
(253, 169)
(253, 169)
(253, 169)
(253, 169)
(253, 170)
(252, 170)
(252, 170)
(252, 170)
(252, 170)
(252, 170)
(252, 170)
(252, 170)
(252, 170)
(252, 170)
(252, 170)
(252, 170)
(252, 170)
(251, 170)
(251, 170)
(251, 170)
(251, 170)
(251, 170)
(251, 170)
(251, 170)
(251, 171)
(251, 171)
(251, 171)
(251, 171)
(250, 171)
(250, 171)
(250, 171)
(250, 171)
(250, 171)
(250, 171)
(250, 171)
(250, 171)
(250, 171)
(250, 171)
(250, 171)
(250, 171)
(249, 171)
(249, 171)
(249, 171)
(249, 172)
(249, 172)
(249, 172)
(249, 172)
(249, 172)
(249, 172)
(249, 172)
(249, 172)
(248, 172)
(248, 172)
(248, 172)
(248, 172)
(248, 172)
(248, 172)
(248, 172)
(248, 172)
(248, 172)
(248, 172)
(248, 172)
(248, 172)
(247, 173)
(247, 173)
(247, 173)
(247, 173)
(247, 173)
(247, 173)
(247, 173)
(247, 173)
(247, 173)
(247, 173)
(247, 173)
(247, 173)
(246, 173)
(246, 173)
(246, 173)
(246, 173)
(246, 173)
(246, 173)
(246, 173)
(246, 173)
(246, 174)
(246, 174)
(246, 174)
(245, 174)
(245, 174)
(245, 174)
(245, 174)
(245, 174)
(245, 174)
(245, 174)
(245, 174)
(245, 174)
(245, 174)
(245, 174)
(245, 174)
(244, 174)
(244, 174)
(244, 174)
(244, 174)
(244, 174)
(244, 174)
(244, 175)
(244, 175)
(244, 175)
(244, 175)
(244, 175)
(243, 175)
(243, 175)
(243, 175)
(243, 175)
(243, 175)
(243, 175)
(243, 175)
(243, 175)
(243, 175)
(243, 175)
(243, 175)
(243, 175)
(242, 175)
(242, 175)
(242, 175)
(242, 176)
(242, 176)
(242, 176)
(242, 176)
(242, 176)
(242, 176)
(242, 176)
(242, 176)
(241, 176)
(241, 176)
(241, 176)
(241, 176)
(241, 176)
(241, 176)
(241, 176)
(241, 176)
(241, 176)
(241, 176)
(241, 176)
(240, 176)
(240, 176)
(240, 177)
(240, 177)
(240, 177)
(240, 177)
(240, 177)
(240, 177)
(240, 177)
(240, 177)
(240, 177)
(240, 177)
(239, 177)
(239, 177)
(239, 177)
(239, 177)
(239, 177)
(239, 177)
(239, 177)
(239, 177)
(239, 177)
(239, 177)
(239, 178)
(238, 178)
(238, 178)
(238, 178)
(238, 178)
(238, 178)
(238, 178)
(238, 178)
(238, 178)
(238, 178)
(238, 178)
(238, 178)
(238, 178)
(237, 178)
(237, 178)
(237, 178)
(237, 178)
(237, 178)
(237, 178)
(237, 178)
(237, 178)
(237, 179)
(237, 179)
(237, 179)
(236, 179)
(236, 179)
(236, 179)
(236, 179)
(236, 179)
(236, 179)
(236, 179)
(236, 179)
(236, 179)
(236, 179)
(236, 179)
(235, 179)
(235, 179)
(235, 179)
(235, 179)
(235, 179)
(235, 179)
(235, 179)
(235, 179)
(235, 180)
(235, 180)
(235, 180)
(235, 180)
(234, 180)
(234, 180)
(234, 180)
(234, 180)
(234, 180)
(234, 180)
(234, 180)
(234, 180)
(234, 180)
(234, 180)
(234, 180)
(233, 180)
(233, 180)
(233, 180)
(233, 180)
(233, 180)
(233, 180)
(233, 181)
(233, 181)
(233, 181)
(233, 181)
(233, 181)
(232, 181)
(232, 181)
(232, 181)
(232, 181)
(232, 181)
(232, 181)
(232, 181)
(232, 181)
(232, 181)
(232, 181)
(232, 181)
(231, 181)
(231, 181)
(231, 181)
(231, 181)
(231, 181)
(231, 181)
(231, 182)
(231, 182)
(231, 182)
(231, 182)
(231, 182)
(231, 182)
(230, 182)
(230, 182)
(230, 182)
(230, 182)
(230, 182)
(230, 182)
(230, 182)
(230, 182)
(230, 182)
(230, 182)
(230, 182)
(229, 182)
(229, 182)
(229, 182)
(229, 182)
(229, 182)
(229, 183)
(229, 183)
(229, 183)
(229, 183)
(229, 183)
(229, 183)
(228, 183)
(228, 183)
(228, 183)
(228, 183)
(228, 183)
(228, 183)
(228, 183)
(228, 183)
(228, 183)
(228, 183)
(228, 183)
(227, 183)
(227, 183)
(227, 183)
(227, 183)
(227, 183)
(227, 184)
(227, 184)
(227, 184)
(227, 184)
(227, 184)
(227, 184)
(226, 184)
(226, 184)
(226, 184)
(226, 184)
(226, 184)
(226, 184)
(226, 184)
(226, 184)
(226, 184)
(226, 184)
(226, 184)
(226, 184)
(225, 184)
(225, 184)
(225, 184)
(225, 184)
(225, 184)
(225, 185)
(225, 185)
(225, 185)
(225, 185)
(225, 185)
(225, 185)
(224, 185)
(224, 185)
(224, 185)
(224, 185)
(224, 185)
(224, 185)
(224, 185)
(224, 185)
(224, 185)
(224, 185)
(224, 185)
(223, 185)
(223, 185)
(223, 185)
(223, 185)
(223, 185)
(223, 185)
(223, 186)
(223, 186)
(223, 186)
(223, 186)
(223, 186)
(222, 186)
(222, 186)
(222, 186)
(222, 186)
(222, 186)
(222, 186)
(222, 186)
(222, 186)
(222, 186)
(222, 186)
(222, 186)
(221, 186)
(221, 186)
(221, 186)
(221, 186)
(221, 186)
(221, 186)
(221, 186)
(221, 187)
(221, 187)
(221, 187)
(221, 187)
(220, 187)
(220, 187)
(220, 187)
(220, 187)
(220, 187)
(220, 187)
(220, 187)
(220, 187)
(220, 187)
(220, 187)
(220, 187)
(219, 187)
(219, 187)
(219, 187)
(219, 187)
(219, 187)
(219, 187)
(219, 187)
(219, 187)
(219, 187)
(219, 188)
(219, 188)
(218, 188)
(218, 188)
(218, 188)
(218, 188)
(218, 188)
(218, 188)
(218, 188)
(218, 188)
(218, 188)
(218, 188)
(218, 188)
(217, 188)
(217, 188)
(217, 188)
(217, 188)
(217, 188)
(217, 188)
(217, 188)
(217, 188)
(217, 188)
(217, 188)
(217, 189)
(216, 189)
(216, 189)
(216, 189)
(216, 189)
(216, 189)
(216, 189)
(216, 189)
(216, 189)
(216, 189)
(216, 189)
(216, 189)
(215, 189)
(215, 189)
(215, 189)
(215, 189)
(215, 189)
(215, 189)
(215, 189)
(215, 189)
(215, 189)
(215, 189)
(215, 189)
(214, 189)
(214, 189)
(214, 190)
(214, 190)
(214, 190)
(214, 190)
(214, 190)
(214, 190)
(214, 190)
(214, 190)
(214, 190)
(213, 190)
(213, 190)
(213, 190)
(213, 190)
(213, 190)
(213, 190)
(213, 190)
(213, 190)
(213, 190)
(213, 190)
(213, 190)
(212, 190)
(212, 190)
(212, 190)
(212, 190)
(212, 191)
(212, 191)
(212, 191)
(212, 191)
(212, 191)
(212, 191)
(212, 191)
(211, 191)
(211, 191)
(211, 191)
(211, 191)
(211, 191)
(211, 191)
(211, 191)
(211, 191)
(211, 191)
(211, 191)
(211, 191)
(210, 191)
(210, 191)
(210, 191)
(210, 191)
(210, 191)
(210, 191)
(210, 191)
(210, 192)
(210, 192)
(210, 192)
(210, 192)
(209, 192)
(209, 192)
(209, 192)
(209, 192)
(209, 192)
(209, 192)
(209, 192)
(209, 192)
(209, 192)
(209, 192)
(209, 192)
(208, 192)
(208, 192)
(208, 192)
(208, 192)
(208, 192)
(208, 192)
(208, 192)
(208, 192)
(208, 192)
(208, 192)
(208, 193)
(207, 193)
(207, 193)
(207, 193)
(207, 193)
(207, 193)
(207, 193)
(207, 193)
(207, 193)
(207, 193)
(207, 193)
(207, 193)
(206, 193)
(206, 193)
(206, 193)
(206, 193)
(206, 193)
(206, 193)
(206, 193)
(206, 193)
(206, 193)
(206, 193)
(205, 193)
(205, 193)
(205, 193)
(205, 193)
(205, 194)
(205, 194)
(205, 194)
(205, 194)
(205, 194)
(205, 194)
(205, 194)
(204, 194)
(204, 194)
(204, 194)
(204, 194)
(204, 194)
(204, 194)
(204, 194)
(204, 194)
(204, 194)
(204, 194)
(204, 194)
(203, 194)
(203, 194)
(203, 194)
(203, 194)
(203, 194)
(203, 194)
(203, 194)
(203, 194)
(203, 195)
(203, 195)
(203, 195)
(202, 195)
(202, 195)
(202, 195)
(202, 195)
(202, 195)
(202, 195)
(202, 195)
(202, 195)
(202, 195)
(202, 195)
(202, 195)
(201, 195)
(201, 195)
(201, 195)
(201, 195)
(201, 195)
(201, 195)
(201, 195)
(201, 195)
(201, 195)
(201, 195)
(200, 195)
(200, 195)
(200, 195)
(200, 196)
(200, 196)
(200, 196)
(200, 196)
(200, 196)
(200, 196)
(200, 196)
(200, 196)
(199, 196)
(199, 196)
(199, 196)
(199, 196)
(199, 196)
(199, 196)
(199, 196)
(199, 196)
(199, 196)
(199, 196)
(199, 196)
(198, 196)
(198, 196)
(198, 196)
(198, 196)
(198, 196)
(198, 196)
(198, 196)
(198, 196)
(198, 197)
(198, 197)
(198, 197)
(197, 197)
(197, 197)
(197, 197)
(197, 197)
(197, 197)
(197, 197)
(197, 197)
(197, 197)
(197, 197)
(197, 197)
(196, 197)
(196, 197)
(196, 197)
(196, 197)
(196, 197)
(196, 197)
(196, 197)
(196, 197)
(196, 197)
(196, 197)
(196, 197)
(195, 197)
(195, 197)
(195, 197)
(195, 197)
(195, 198)
(195, 198)
(195, 198)
(195, 198)
(195, 198)
(195, 198)
(195, 198)
(194, 198)
(194, 198)
(194, 198)
(194, 198)
(194, 198)
(194, 198)
(194, 198)
(194, 198)
(194, 198)
(194, 198)
(194, 198)
(193, 198)
(193, 198)
(193, 198)
(193, 198)
(193, 198)
(193, 198)
(193, 198)
(193, 198)
(193, 198)
(193, 198)
(192, 199)
(192, 199)
(192, 199)
(192, 199)
(192, 199)
(192, 199)
(192, 199)
(192, 199)
(192, 199)
(192, 199)
(192, 199)
(191, 199)
(191, 199)
(191, 199)
(191, 199)
(191, 199)
(191, 199)
(191, 199)
(191, 199)
(191, 199)
(191, 199)
(191, 199)
(190, 199)
(190, 199)
(190, 199)
(190, 199)
(190, 199)
(190, 199)
(190, 199)
(190, 200)
(190, 200)
(190, 200)
(189, 200)
(189, 200)
(189, 200)
(189, 200)
(189, 200)
(189, 200)
(189, 200)
(189, 200)
(189, 200)
(189, 200)
(189, 200)
(188, 200)
(188, 200)
(188, 200)
(188, 200)
(188, 200)
(188, 200)
(188, 200)
(188, 200)
(188, 200)
(188, 200)
(187, 200)
(187, 200)
(187, 200)
(187, 200)
(187, 200)
(187, 201)
(187, 201)
(187, 201)
(187, 201)
(187, 201)
(187, 201)
(186, 201)
(186, 201)
(186, 201)
(186, 201)
(186, 201)
(186, 201)
(186, 201)
(186, 201)
(186, 201)
(186, 201)
(186, 201)
(185, 201)
(185, 201)
(185, 201)
(185, 201)
(185, 201)
(185, 201)
(185, 201)
(185, 201)
(185, 201)
(185, 201)
(184, 201)
(184, 201)
(184, 201)
(184, 201)
(184, 202)
(184, 202)
(184, 202)
(184, 202)
(184, 202)
(184, 202)
(184, 202)
(183, 202)
(183, 202)
(183, 202)
(183, 202)
(183, 202)
(183, 202)
(183, 202)
(183, 202)
(183, 202)
(183, 202)
(182, 202)
(182, 202)
(182, 202)
(182, 202)
(182, 202)
(182, 202)
(182, 202)
(182, 202)
(182, 202)
(182, 202)
(182, 202)
(181, 202)
(181, 202)
(181, 202)
(181, 203)
(181, 203)
(181, 203)
(181, 203)
(181, 203)
(181, 203)
(181, 203)
(180, 203)
(180, 203)
(180, 203)
(180, 203)
(180, 203)
(180, 203)
(180, 203)
(180, 203)
(180, 203)
(180, 203)
(180, 203)
(179, 203)
(179, 203)
(179, 203)
(179, 203)
(179, 203)
(179, 203)
(179, 203)
(179, 203)
(179, 203)
(179, 203)
(179, 203)
(178, 203)
(178, 203)
(178, 204)
(178, 204)
(178, 204)
(178, 204)
(178, 204)
(178, 204)
(178, 204)
(178, 204)
(177, 204)
(177, 204)
(177, 204)
(177, 204)
(177, 204)
(177, 204)
(177, 204)
(177, 204)
(177, 204)
(177, 204)
(177, 204)
(176, 204)
(176, 204)
(176, 204)
(176, 204)
(176, 204)
(176, 204)
(176, 204)
(176, 204)
(176, 204)
(176, 204)
(175, 204)
(175, 204)
(175, 204)
(175, 204)
(175, 205)
(175, 205)
(175, 205)
(175, 205)
(175, 205)
(175, 205)
(175, 205)
(174, 205)
(174, 205)
(174, 205)
(174, 205)
(174, 205)
(174, 205)
(174, 205)
(174, 205)
(174, 205)
(174, 205)
(173, 205)
(173, 205)
(173, 205)
(173, 205)
(173, 205)
(173, 205)
(173, 205)
(173, 205)
(173, 205)
(173, 205)
(173, 205)
(172, 205)
(172, 205)
(172, 205)
(172, 205)
(172, 205)
(172, 206)
(172, 206)
(172, 206)
(172, 206)
(172, 206)
(171, 206)
(171, 206)
(171, 206)
(171, 206)
(171, 206)
(171, 206)
(171, 206)
(171, 206)
(171, 206)
(171, 206)
(170, 206)
(170, 206)
(170, 206)
(170, 206)
(170, 206)
(170, 206)
(170, 206)
(170, 206)
(170, 206)
(170, 206)
(170, 206)
(169, 206)
(169, 206)
(169, 206)
(169, 206)
(169, 206)
(169, 206)
(169, 206)
(169, 206)
(169, 206)
(169, 207)
(168, 207)
(168, 207)
(168, 207)
(168, 207)
(168, 207)
(168, 207)
(168, 207)
(168, 207)
(168, 207)
(168, 207)
(168, 207)
(167, 207)
(167, 207)
(167, 207)
(167, 207)
(167, 207)
(167, 207)
(167, 207)
(167, 207)
(167, 207)
(167, 207)
(166, 207)
(166, 207)
(166, 207)
(166, 207)
(166, 207)
(166, 207)
(166, 207)
(166, 207)
(166, 207)
(166, 207)
(166, 207)
(165, 207)
(165, 207)
(165, 207)
(165, 208)
(165, 208)
(165, 208)
(165, 208)
(165, 208)
(165, 208)
(165, 208)
(164, 208)
(164, 208)
(164, 208)
(164, 208)
(164, 208)
(164, 208)
(164, 208)
(164, 208)
(164, 208)
(164, 208)
(163, 208)
(163, 208)
(163, 208)
(163, 208)
(163, 208)
(163, 208)
(163, 208)
(163, 208)
(163, 208)
(163, 208)
(163, 208)
(162, 208)
(162, 208)
(162, 208)
(162, 208)
(162, 208)
(162, 208)
(162, 208)
(162, 208)
(162, 208)
(162, 209)
(161, 209)
(161, 209)
(161, 209)
(161, 209)
(161, 209)
(161, 209)
(161, 209)
(161, 209)
(161, 209)
(161, 209)
(160, 209)
(160, 209)
(160, 209)
(160, 209)
(160, 209)
(160, 209)
(160, 209)
(160, 209)
(160, 209)
(160, 209)
(160, 209)
(159, 209)
(159, 209)
(159, 209)
(159, 209)
(159, 209)
(159, 209)
(159, 209)
(159, 209)
(159, 209)
(159, 209)
(158, 209)
(158, 209)
(158, 209)
(158, 209)
(158, 209)
(158, 209)
(158, 209)
(158, 210)
(158, 210)
(158, 210)
(158, 210)
(157, 210)
(157, 210)
(157, 210)
(157, 210)
(157, 210)
(157, 210)
(157, 210)
(157, 210)
(157, 210)
(157, 210)
(156, 210)
(156, 210)
(156, 210)
(156, 210)
(156, 210)
(156, 210)
(156, 210)
(156, 210)
(156, 210)
(156, 210)
(155, 210)
(155, 210)
(155, 210)
(155, 210)
(155, 210)
(155, 210)
(155, 210)
(155, 210)
(155, 210)
(155, 210)
(154, 210)
(154, 210)
(154, 210)
(154, 210)
(154, 210)
(154, 210)
(154, 211)
(154, 211)
(154, 211)
(154, 211)
(154, 211)
(153, 211)
(153, 211)
(153, 211)
(153, 211)
(153, 211)
(153, 211)
(153, 211)
(153, 211)
(153, 211)
(153, 211)
(152, 211)
(152, 211)
(152, 211)
(152, 211)
(152, 211)
(152, 211)
(152, 211)
(152, 211)
(152, 211)
(152, 211)
(151, 211)
(151, 211)
(151, 211)
(151, 211)
(151, 211)
(151, 211)
(151, 211)
(151, 211)
(151, 211)
(151, 211)
(151, 211)
(150, 211)
(150, 211)
(150, 211)
(150, 211)
(150, 211)
(150, 211)
(150, 212)
(150, 212)
(150, 212)
(150, 212)
(149, 212)
(149, 212)
(149, 212)
(149, 212)
(149, 212)
(149, 212)
(149, 212)
(149, 212)
(149, 212)
(149, 212)
(148, 212)
(148, 212)
(148, 212)
(148, 212)
(148, 212)
(148, 212)
(148, 212)
(148, 212)
(148, 212)
(148, 212)
(148, 212)
(147, 212)
(147, 212)
(147, 212)
(147, 212)
(147, 212)
(147, 212)
(147, 212)
(147, 212)
(147, 212)
(147, 212)
(146, 212)
(146, 212)
(146, 212)
(146, 212)
(146, 212)
(146, 212)
(146, 212)
(146, 212)
(146, 212)
(146, 213)
(145, 213)
(145, 213)
(145, 213)
(145, 213)
(145, 213)
(145, 213)
(145, 213)
(145, 213)
(145, 213)
(145, 213)
(144, 213)
(144, 213)
(144, 213)
(144, 213)
(144, 213)
(144, 213)
(144, 213)
(144, 213)
(144, 213)
(144, 213)
(144, 213)
(143, 213)
(143, 213)
(143, 213)
(143, 213)
(143, 213)
(143, 213)
(143, 213)
(143, 213)
(143, 213)
(143, 213)
(142, 213)
(142, 213)
(142, 213)
(142, 213)
(142, 213)
(142, 213)
(142, 213)
(142, 213)
(142, 213)
(142, 213)
(141, 213)
(141, 213)
(141, 213)
(141, 213)
(141, 214)
(141, 214)
(141, 214)
(141, 214)
(141, 214)
(141, 214)
(140, 214)
(140, 214)
(140, 214)
(140, 214)
(140, 214)
(140, 214)
(140, 214)
(140, 214)
(140, 214)
(140, 214)
(139, 214)
(139, 214)
(139, 214)
(139, 214)
(139, 214)
(139, 214)
(139, 214)
(139, 214)
(139, 214)
(139, 214)
(139, 214)
(138, 214)
(138, 214)
(138, 214)
(138, 214)
(138, 214)
(138, 214)
(138, 214)
(138, 214)
(138, 214)
(138, 214)
(137, 214)
(137, 214)
(137, 214)
(137, 214)
(137, 214)
(137, 214)
(137, 214)
(137, 214)
(137, 214)
(137, 214)
(136, 214)
(136, 214)
(136, 214)
(136, 215)
(136, 215)
(136, 215)
(136, 215)
(136, 215)
(136, 215)
(136, 215)
(135, 215)
(135, 215)
(135, 215)
(135, 215)
(135, 215)
(135, 215)
(135, 215)
(135, 215)
(135, 215)
(135, 215)
(134, 215)
(134, 215)
(134, 215)
(134, 215)
(134, 215)
(134, 215)
(134, 215)
(134, 215)
(134, 215)
(134, 215)
(134, 215)
(133, 215)
(133, 215)
(133, 215)
(133, 215)
(133, 215)
(133, 215)
(133, 215)
(133, 215)
(133, 215)
(133, 215)
(132, 215)
(132, 215)
(132, 215)
(132, 215)
(132, 215)
(132, 215)
(132, 215)
(132, 215)
(132, 215)
(132, 215)
(131, 215)
(131, 215)
(131, 215)
(131, 215)
(131, 215)
(131, 216)
(131, 216)
(131, 216)
(131, 216)
(131, 216)
(130, 216)
(130, 216)
(130, 216)
(130, 216)
(130, 216)
(130, 216)
(130, 216)
(130, 216)
(130, 216)
(130, 216)
(129, 216)
(129, 216)
(129, 216)
(129, 216)
(129, 216)
(129, 216)
(129, 216)
(129, 216)
(129, 216)
(129, 216)
(128, 216)
(128, 216)
(128, 216)
(128, 216)
(128, 216)
(128, 216)
(128, 216)
(128, 216)
(128, 216)
(128, 216)
(128, 216)
(127, 216)
(127, 216)
(127, 216)
(127, 216)
(127, 216)
(127, 216)
(127, 216)
(127, 216)
(127, 216)
(127, 216)
(126, 216)
(126, 216)
(126, 216)
(126, 216)
(126, 216)
(126, 216)
(126, 216)
(126, 216)
(126, 216)
(126, 216)
(125, 216)
(125, 216)
(125, 216)
(125, 217)
(125, 217)
(125, 217)
(125, 217)
(125, 217)
(125, 217)
(125, 217)
(124, 217)
(124, 217)
(124, 217)
(124, 217)
(124, 217)
(124, 217)
(124, 217)
(124, 217)
(124, 217)
(124, 217)
(123, 217)
(123, 217)
(123, 217)
(123, 217)
(123, 217)
(123, 217)
(123, 217)
(123, 217)
(123, 217)
(123, 217)
(122, 217)
(122, 217)
(122, 217)
(122, 217)
(122, 217)
(122, 217)
(122, 217)
(122, 217)
(122, 217)
(122, 217)
(121, 217)
(121, 217)
(121, 217)
(121, 217)
(121, 217)
(121, 217)
(121, 217)
(121, 217)
(121, 217)
(121, 217)
(121, 217)
(120, 217)
(120, 217)
(120, 217)
(120, 217)
(120, 217)
(120, 217)
(120, 217)
(120, 217)
(120, 217)
(120, 217)
(119, 217)
(119, 217)
(119, 217)
(119, 217)
(119, 217)
(119, 217)
(119, 218)
(119, 218)
(119, 218)
(119, 218)
(118, 218)
(118, 218)
(118, 218)
(118, 218)
(118, 218)
(118, 218)
(118, 218)
(118, 218)
(118, 218)
(118, 218)
(117, 218)
(117, 218)
(117, 218)
(117, 218)
(117, 218)
(117, 218)
(117, 218)
(117, 218)
(117, 218)
(117, 218)
(116, 218)
(116, 218)
(116, 218)
(116, 218)
(116, 218)
(116, 218)
(116, 218)
(116, 218)
(116, 218)
(116, 218)
(115, 218)
(115, 218)
(115, 218)
(115, 218)
(115, 218)
(115, 218)
(115, 218)
(115, 218)
(115, 218)
(115, 218)
(114, 218)
(114, 218)
(114, 218)
(114, 218)
(114, 218)
(114, 218)
(114, 218)
(114, 218)
(114, 218)
(114, 218)
(113, 218)
(113, 218)
(113, 218)
(113, 218)
(113, 218)
(113, 218)
(113, 218)
(113, 218)
(113, 218)
(113, 218)
(112, 218)
(112, 218)
(112, 218)
(112, 218)
(112, 218)
(112, 218)
(112, 218)
(112, 218)
(112, 218)
(112, 219)
(111, 219)
(111, 219)
(111, 219)
(111, 219)
(111, 219)
(111, 219)
(111, 219)
(111, 219)
(111, 219)
(111, 219)
(110, 219)
(110, 219)
(110, 219)
(110, 219)
(110, 219)
(110, 219)
(110, 219)
(110, 219)
(110, 219)
(110, 219)
(110, 219)
(109, 219)
(109, 219)
(109, 219)
(109, 219)
(109, 219)
(109, 219)
(109, 219)
(109, 219)
(109, 219)
(109, 219)
(108, 219)
(108, 219)
(108, 219)
(108, 219)
(108, 219)
(108, 219)
(108, 219)
(108, 219)
(108, 219)
(108, 219)
(107, 219)
(107, 219)
(107, 219)
(107, 219)
(107, 219)
(107, 219)
(107, 219)
(107, 219)
(107, 219)
(107, 219)
(106, 219)
(106, 219)
(106, 219)
(106, 219)
(106, 219)
(106, 219)
(106, 219)
(106, 219)
(106, 219)
(106, 219)
(105, 219)
(105, 219)
(105, 219)
(105, 219)
(105, 219)
(105, 219)
(105, 219)
(105, 219)
(105, 219)
(105, 219)
(104, 219)
(104, 219)
(104, 219)
(104, 219)
(104, 219)
(104, 219)
(104, 219)
(104, 219)
(104, 219)
(104, 219)
(103, 219)
(103, 219)
(103, 219)
(103, 219)
(103, 219)
(103, 220)
(103, 220)
(103, 220)
(103, 220)
(103, 220)
(102, 220)
(102, 220)
(102, 220)
(102, 220)
(102, 220)
(102, 220)
(102, 220)
(102, 220)
(102, 220)
(102, 220)
(101, 220)
(101, 220)
(101, 220)
(101, 220)
(101, 220)
(101, 220)
(101, 220)
(101, 220)
(101, 220)
(101, 220)
(100, 220)
(100, 220)
(100, 220)
(100, 220)
(100, 220)
(100, 220)
(100, 220)
(100, 220)
(100, 220)
(100, 220)
(99, 220)
(99, 220)
(99, 220)
(99, 220)
(99, 220)
(99, 220)
(99, 220)
(99, 220)
(99, 220)
(99, 220)
(98, 220)
(98, 220)
(98, 220)
(98, 220)
(98, 220)
(98, 220)
(98, 220)
(98, 220)
(98, 220)
(98, 220)
(97, 220)
(97, 220)
(97, 220)
(97, 220)
(97, 220)
(97, 220)
(97, 220)
(97, 220)
(97, 220)
(97, 220)
(96, 220)
(96, 220)
(96, 220)
(96, 220)
(96, 220)
(96, 220)
(96, 220)
(96, 220)
(96, 220)
(96, 220)
(95, 220)
(95, 220)
(95, 220)
(95, 220)
(95, 220)
(95, 220)
(95, 220)
(95, 220)
(95, 220)
(95, 220)
(94, 220)
(94, 220)
(94, 220)
(94, 220)
(94, 220)
(94, 220)
(94, 220)
(94, 220)
(94, 220)
(94, 220)
(93, 220)
(93, 220)
(93, 220)
(93, 220)
(93, 220)
(93, 220)
(93, 220)
(93, 220)
(93, 220)
(93, 220)
(92, 220)
(92, 220)
(92, 220)
(92, 220)
(92, 220)
(92, 220)
(92, 220)
(92, 220)
(92, 220)
(92, 220)
(91, 221)
(91, 221)
(91, 221)
(91, 221)
(91, 221)
(91, 221)
(91, 221)
(91, 221)
(91, 221)
(91, 221)
(90, 221)
(90, 221)
(90, 221)
(90, 221)
(90, 221)
(90, 221)
(90, 221)
(90, 221)
(90, 221)
(90, 221)
(89, 221)
(89, 221)
(89, 221)
(89, 221)
(89, 221)
(89, 221)
(89, 221)
(89, 221)
(89, 221)
(89, 221)
(88, 221)
(88, 221)
(88, 221)
(88, 221)
(88, 221)
(88, 221)
(88, 221)
(88, 221)
(88, 221)
(88, 221)
(87, 221)
(87, 221)
(87, 221)
(87, 221)
(87, 221)
(87, 221)
(87, 221)
(87, 221)
(87, 221)
(87, 221)
(87, 221)
(86, 221)
(86, 221)
(86, 221)
(86, 221)
(86, 221)
(86, 221)
(86, 221)
(86, 221)
(86, 221)
(86, 221)
(85, 221)
(85, 221)
(85, 221)
(85, 221)
(85, 221)
(85, 221)
(85, 221)
(85, 221)
(85, 221)
(85, 221)
(84, 221)
(84, 221)
(84, 221)
(84, 221)
(84, 221)
(84, 221)
(84, 221)
(84, 221)
(84, 221)
(84, 221)
(83, 221)
(83, 221)
(83, 221)
(83, 221)
(83, 221)
(83, 221)
(83, 221)
(83, 221)
(83, 221)
(83, 221)
(82, 221)
(82, 221)
(82, 221)
(82, 221)
(82, 221)
(82, 221)
(82, 221)
(82, 221)
(82, 221)
(82, 221)
(81, 221)
(81, 221)
(81, 221)
(81, 221)
(81, 221)
(81, 221)
(81, 221)
(81, 221)
(81, 221)
(81, 221)
(80, 221)
(80, 221)
(80, 221)
(80, 221)
(80, 221)
(80, 221)
(80, 221)
(80, 221)
(80, 221)
(80, 221)
(79, 221)
(79, 221)
(79, 221)
(79, 221)
(79, 221)
(79, 221)
(79, 221)
(79, 221)
(79, 221)
(79, 221)
(78, 221)
(78, 221)
(78, 221)
(78, 221)
(78, 221)
(78, 221)
(78, 221)
(78, 221)
(78, 221)
(78, 221)
(77, 221)
(77, 221)
(77, 221)
(77, 221)
(77, 221)
(77, 221)
(77, 221)
(77, 221)
(77, 221)
(77, 221)
(76, 221)
(76, 221)
(76, 221)
(76, 221)
(76, 221)
(76, 221)
(76, 221)
(76, 221)
(76, 221)
(76, 221)
(75, 221)
(75, 221)
(75, 221)
(75, 221)
(75, 221)
(75, 221)
(75, 221)
(75, 221)
(75, 221)
(75, 221)
(74, 221)
(74, 221)
(74, 221)
(74, 221)
(74, 221)
(74, 221)
(74, 221)
(74, 221)
(74, 221)
(74, 221)
(73, 221)
(73, 221)
(73, 221)
(73, 221)
(73, 221)
(73, 221)
(73, 221)
(73, 221)
(73, 221)
(73, 221)
(72, 221)
(72, 221)
(72, 221)
(72, 221)
(72, 221)
(72, 221)
(72, 221)
(72, 221)
(72, 221)
(72, 221)
(71, 221)
(71, 221)
(71, 221)
(71, 221)
(71, 221)
(71, 221)
(71, 221)
(71, 221)
(71, 221)
(71, 221)
(70, 221)
(70, 221)
(70, 221)
(70, 221)
(70, 221)
(70, 221)
(70, 221)
(70, 221)
(70, 221)
(70, 221)
(69, 221)
(69, 221)
(69, 221)
(69, 221)
(69, 221)
(69, 221)
(69, 221)
(69, 221)
(69, 221)
(69, 221)
(68, 221)
(68, 221)
(68, 221)
(68, 221)
(68, 221)
(68, 221)
(68, 221)
(68, 221)
(68, 221)
(68, 221)
(67, 221)
(67, 221)
(67, 221)
(67, 221)
(67, 221)
(67, 221)
(67, 221)
(67, 221)
(67, 221)
(67, 221)
(66, 221)
(66, 221)
(66, 221)
(66, 221)
(66, 221)
(66, 221)
(66, 221)
(66, 221)
(66, 221)
(66, 221)
(65, 221)
(65, 221)
(65, 221)
(65, 221)
(65, 221)
(65, 221)
(65, 221)
(65, 221)
(65, 221)
(65, 221)
(64, 221)
(64, 221)
(64, 221)
(64, 221)
(64, 221)
(64, 221)
(64, 221)
(64, 221)
(64, 221)
(64, 221)
(63, 221)
(63, 221)
(63, 221)
(63, 221)
(63, 221)
(63, 221)
(63, 221)
(63, 221)
(63, 221)
(63, 221)
(62, 221)
(62, 221)
(62, 221)
(62, 221)
(62, 221)
(62, 221)
(62, 221)
(62, 221)
(62, 221)
(62, 221)
(61, 221)
(61, 221)
(61, 221)
(61, 221)
(61, 221)
(61, 221)
(61, 221)
(61, 221)
(61, 221)
(61, 221)
(60, 221)
(60, 221)
(60, 221)
(60, 221)
(60, 221)
(60, 221)
(60, 221)
(60, 221)
(60, 221)
(60, 221)
(59, 221)
(59, 221)
(59, 221)
(59, 221)
(59, 221)
(59, 221)
(59, 221)
(59, 221)
(59, 221)
(59, 221)
(58, 221)
(58, 221)
(58, 221)
(58, 221)
(58, 221)
(58, 221)
(58, 221)
(58, 221)
(58, 221)
(58, 221)
(57, 221)
(57, 221)
(57, 221)
(57, 221)
(57, 221)
(57, 221)
(57, 221)
(57, 221)
(57, 221)
(57, 221)
(56, 221)
(56, 221)
(56, 221)
(56, 221)
(56, 221)
(56, 221)
(56, 221)
(56, 221)
(56, 221)
(56, 221)
(55, 221)
(55, 221)
(55, 221)
(55, 221)
(55, 221)
(55, 221)
(55, 221)
(55, 221)
(55, 221)
(55, 221)
(54, 221)
(54, 221)
(54, 221)
(54, 221)
(54, 221)
(54, 221)
(54, 221)
(54, 221)
(54, 221)
(54, 221)
(53, 221)
(53, 221)
(53, 221)
(53, 221)
(53, 221)
(53, 221)
(53, 221)
(53, 221)
(53, 221)
(53, 221)
(52, 221)
(52, 221)
(52, 221)
(52, 221)
(52, 221)
(52, 221)
(52, 221)
(52, 221)
(52, 221)
(52, 221)
(51, 221)
(51, 221)
(51, 221)
(51, 221)
(51, 221)
(51, 221)
(51, 221)
(51, 221)
(51, 221)
(51, 221)
(50, 221)
(50, 221)
(50, 221)
(50, 221)
(50, 221)
(50, 221)
(50, 221)
(50, 221)
(50, 221)
(50, 221)
(49, 221)
(49, 221)
(49, 221)
(49, 221)
(49, 221)
(49, 221)
(49, 221)
(49, 221)
(49, 221)
(49, 221)
(48, 221)
(48, 221)
(48, 221)
(48, 221)
(48, 221)
(48, 221)
(48, 221)
(48, 221)
(48, 221)
(48, 221)
(47, 221)
(47, 221)
(47, 221)
(47, 221)
(47, 221)
(47, 221)
(47, 221)
(47, 221)
(47, 221)
(47, 221)
(46, 221)
(46, 221)
(46, 221)
(46, 221)
(46, 221)
(46, 221)
(46, 221)
(46, 221)
(46, 221)
(46, 221)
(45, 221)
(45, 221)
(45, 221)
(45, 221)
(45, 221)
(45, 221)
(45, 221)
(45, 221)
(45, 221)
(45, 221)
(44, 221)
(44, 221)
(44, 221)
(44, 221)
(44, 221)
(44, 221)
(44, 221)
(44, 221)
(44, 221)
(44, 221)
(43, 221)
(43, 221)
(43, 221)
(43, 221)
(43, 221)
(43, 221)
(43, 221)
(43, 221)
(43, 221)
(43, 221)
(42, 221)
(42, 221)
(42, 221)
(42, 221)
(42, 221)
(42, 221)
(42, 221)
(42, 221)
(42, 221)
(42, 221)
(41, 221)
(41, 221)
(41, 221)
(41, 221)
(41, 221)
(41, 221)
(41, 221)
(41, 221)
(41, 221)
(41, 221)
(40, 221)
(40, 221)
(40, 221)
(40, 221)
(40, 220)
(40, 220)
(40, 220)
(40, 220)
(40, 220)
(40, 220)
(39, 220)
(39, 220)
(39, 220)
(39, 220)
(39, 220)
(39, 220)
(39, 220)
(39, 220)
(39, 220)
(39, 220)
(38, 220)
(38, 220)
(38, 220)
(38, 220)
(38, 220)
(38, 220)
(38, 220)
(38, 220)
(38, 220)
(38, 220)
(37, 220)
(37, 220)
(37, 220)
(37, 220)
(37, 220)
(37, 220)
(37, 220)
(37, 220)
(37, 220)
(37, 220)
(36, 220)
(36, 220)
(36, 220)
(36, 220)
(36, 220)
(36, 220)
(36, 220)
(36, 220)
(36, 220)
(36, 220)
(35, 220)
(35, 220)
(35, 220)
(35, 220)
(35, 220)
(35, 220)
(35, 220)
(35, 220)
(35, 220)
(35, 220)
(34, 220)
(34, 220)
(34, 220)
(34, 220)
(34, 220)
(34, 220)
(34, 220)
(34, 220)
(34, 220)
(34, 220)
(33, 220)
(33, 220)
(33, 220)
(33, 220)
(33, 220)
(33, 220)
(33, 220)
(33, 220)
(33, 220)
(33, 220)
(32, 220)
(32, 220)
(32, 220)
(32, 220)
(32, 220)
(32, 220)
(32, 220)
(32, 220)
(32, 220)
(32, 220)
(31, 220)
(31, 220)
(31, 220)
(31, 220)
(31, 220)
(31, 220)
(31, 220)
(31, 220)
(31, 220)
(31, 220)
(30, 220)
(30, 220)
(30, 220)
(30, 220)
(30, 220)
(30, 220)
(30, 220)
(30, 220)
(30, 220)
(30, 220)
(29, 220)
(29, 220)
(29, 220)
(29, 220)
(29, 220)
(29, 220)
(29, 220)
(29, 220)
(29, 220)
(29, 219)
(28, 219)
(28, 219)
(28, 219)
(28, 219)
(28, 219)
(28, 219)
(28, 219)
(28, 219)
(28, 219)
(28, 219)
(27, 219)
(27, 219)
(27, 219)
(27, 219)
(27, 219)
(27, 219)
(27, 219)
(27, 219)
(27, 219)
(27, 219)
(26, 219)
(26, 219)
(26, 219)
(26, 219)
(26, 219)
(26, 219)
(26, 219)
(26, 219)
(26, 219)
(26, 219)
(25, 219)
(25, 219)
(25, 219)
(25, 219)
(25, 219)
(25, 219)
(25, 219)
(25, 219)
(25, 219)
(25, 219)
(25, 219)
(24, 219)
(24, 219)
(24, 219)
(24, 219)
(24, 219)
(24, 219)
(24, 219)
(24, 219)
(24, 219)
(24, 219)
(23, 219)
(23, 219)
(23, 219)
(23, 219)
(23, 219)
(23, 219)
(23, 219)
(23, 219)
(23, 219)
(23, 219)
(22, 219)
(22, 219)
(22, 219)
(22, 219)
(22, 219)
(22, 219)
(22, 219)
(22, 219)
(22, 219)
(22, 219)
(21, 219)
(21, 219)
(21, 219)
(21, 219)
(21, 219)
(21, 219)
(21, 219)
(21, 219)
(21, 219)
(21, 219)
(20, 219)
(20, 219)
(20, 219)
(20, 219)
(20, 219)
(20, 218)
(20, 218)
(20, 218)
(20, 218)
(20, 218)
(19, 218)
(19, 218)
(19, 218)
(19, 218)
(19, 218)
(19, 218)
(19, 218)
(19, 218)
(19, 218)
(19, 218)
(18, 218)
(18, 218)
(18, 218)
(18, 218)
(18, 218)
(18, 218)
(18, 218)
(18, 218)
(18, 218)
(18, 218)
(17, 218)
(17, 218)
(17, 218)
(17, 218)
(17, 218)
(17, 218)
(17, 218)
(17, 218)
(17, 218)
(17, 218)
(16, 218)
(16, 218)
(16, 218)
(16, 218)
(16, 218)
(16, 218)
(16, 218)
(16, 218)
(16, 218)
(16, 218)
(15, 218)
(15, 218)
(15, 218)
(15, 218)
(15, 218)
(15, 218)
(15, 218)
(15, 218)
(15, 218)
(15, 218)
(14, 218)
(14, 218)
(14, 218)
(14, 218)
(14, 218)
(14, 218)
(14, 218)
(14, 218)
(14, 218)
(14, 218)
(13, 218)
(13, 218)
(13, 218)
(13, 218)
(13, 218)
(13, 218)
(13, 218)
(13, 218)
(13, 218)
(13, 217)
(13, 217)
(12, 217)
(12, 217)
(12, 217)
(12, 217)
(12, 217)
(12, 217)
(12, 217)
(12, 217)
(12, 217)
(12, 217)
(11, 217)
(11, 217)
(11, 217)
(11, 217)
(11, 217)
(11, 217)
(11, 217)
(11, 217)
(11, 217)
(11, 217)
(10, 217)
(10, 217)
(10, 217)
(10, 217)
(10, 217)
(10, 217)
(10, 217)
(10, 217)
(10, 217)
(10, 217)
(9, 217)
(9, 217)
(9, 217)
(9, 217)
(9, 217)
(9, 217)
(9, 217)
(9, 217)
(9, 217)
(9, 217)
(8, 217)
(8, 217)
(8, 217)
(8, 217)
(8, 217)
(8, 217)
(8, 217)
(8, 217)
(8, 217)
(8, 217)
(7, 217)
(7, 217)
(7, 217)
(7, 217)
(7, 217)
(7, 217)
(7, 217)
(7, 217)
(7, 217)
(7, 217)
(6, 217)
(6, 217)
(6, 216)
(6, 216)
(6, 216)
(6, 216)
(6, 216)
(6, 216)
(6, 216)
(6, 216)
(5, 216)
(5, 216)
(5, 216)
(5, 216)
(5, 216)
(5, 216)
(5, 216)
(5, 216)
(5, 216)
(5, 216)
(5, 216)
(4, 216)
(4, 216)
(4, 216)
(4, 216)
(4, 216)
(4, 216)
(4, 216)
(4, 216)
(4, 216)
(4, 216)
(3, 216)
(3, 216)
(3, 216)
(3, 216)
(3, 216)
(3, 216)
(3, 216)
(3, 216)
(3, 216)
(3, 216)
(2, 216)
(2, 216)
(2, 216)
(2, 216)
(2, 216)
(2, 216)
(2, 216)
(2, 216)
(2, 216)
(2, 216)
(1, 216)
(1, 216)
(1, 216)
(1, 216)
(1, 216)
(1, 216)
(1, 216)
(1, 216)
(1, 216)
(1, 215)
(0, 215)
(0, 215)
(0, 215)
(0, 215)
(0, 215)
(0, 215)
(0, 215)
(0, 215)
(0, 215)
(0, 215)
(0, 215)
(0, 215)
(0, 215)
(0, 215)
(0, 215)
(0, 215)
(0, 215)
(0, 215)
(0, 215)
(0, 215)
(0, 215)
(400, 1)
(400, 1)
(400, 1)
(400, 1)
(400, 1)
(400, 1)
(400, 1)
(400, 1)
(400, 1)
(400, 1)
(400, 1)
(400, 2)
(400, 2)
(400, 2)
(400, 2)
(401, 2)
(401, 2)
(401, 2)
(401, 2)
(401, 2)
(401, 2)
(401, 2)
(401, 3)
(401, 3)
(401, 3)
(401, 3)
(401, 3)
(401, 3)
(401, 3)
(401, 3)
(401, 3)
(401, 3)
(401, 3)
(401, 4)
(401, 4)
(401, 4)
(401, 4)
(401, 4)
(401, 4)
(401, 4)
(402, 4)
(402, 4)
(402, 4)
(402, 4)
(402, 5)
(402, 5)
(402, 5)
(402, 5)
(402, 5)
(402, 5)
(402, 5)
(402, 5)
(402, 5)
(402, 5)
(402, 5)
(402, 6)
(402, 6)
(402, 6)
(402, 6)
(402, 6)
(402, 6)
(402, 6)
(402, 6)
(402, 6)
(402, 6)
(403, 6)
(403, 7)
(403, 7)
(403, 7)
(403, 7)
(403, 7)
(403, 7)
(403, 7)
(403, 7)
(403, 7)
(403, 7)
(403, 7)
(403, 8)
(403, 8)
(403, 8)
(403, 8)
(403, 8)
(403, 8)
(403, 8)
(403, 8)
(403, 8)
(403, 8)
(403, 8)
(403, 9)
(403, 9)
(404, 9)
(404, 9)
(404, 9)
(404, 9)
(404, 9)
(404, 9)
(404, 9)
(404, 9)
(404, 9)
(404, 10)
(404, 10)
(404, 10)
(404, 10)
(404, 10)
(404, 10)
(404, 10)
(404, 10)
(404, 10)
(404, 10)
(404, 10)
(404, 11)
(404, 11)
(404, 11)
(404, 11)
(405, 11)
(405, 11)
(405, 11)
(405, 11)
(405, 11)
(405, 11)
(405, 11)
(405, 12)
(405, 12)
(405, 12)
(405, 12)
(405, 12)
(405, 12)
(405, 12)
(405, 12)
(405, 12)
(405, 12)
(405, 12)
(405, 13)
(405, 13)
(405, 13)
(405, 13)
(405, 13)
(406, 13)
(406, 13)
(406, 13)
(406, 13)
(406, 13)
(406, 13)
(406, 14)
(406, 14)
(406, 14)
(406, 14)
(406, 14)
(406, 14)
(406, 14)
(406, 14)
(406, 14)
(406, 14)
(406, 14)
(406, 15)
(406, 15)
(406, 15)
(406, 15)
(406, 15)
(406, 15)
(406, 15)
(407, 15)
(407, 15)
(407, 15)
(407, 15)
(407, 16)
(407, 16)
(407, 16)
(407, 16)
(407, 16)
(407, 16)
(407, 16)
(407, 16)
(407, 16)
(407, 16)
(407, 16)
(407, 17)
(407, 17)
(407, 17)
(407, 17)
(407, 17)
(407, 17)
(407, 17)
(407, 17)
(408, 17)
(408, 17)
(408, 17)
(408, 18)
(408, 18)
(408, 18)
(408, 18)
(408, 18)
(408, 18)
(408, 18)
(408, 18)
(408, 18)
(408, 18)
(408, 18)
(408, 19)
(408, 19)
(408, 19)
(408, 19)
(408, 19)
(408, 19)
(408, 19)
(408, 19)
(408, 19)
(409, 19)
(409, 19)
(409, 20)
(409, 20)
(409, 20)
(409, 20)
(409, 20)
(409, 20)
(409, 20)
(409, 20)
(409, 20)
(409, 20)
(409, 20)
(409, 21)
(409, 21)
(409, 21)
(409, 21)
(409, 21)
(409, 21)
(409, 21)
(409, 21)
(409, 21)
(410, 21)
(410, 21)
(410, 21)
(410, 22)
(410, 22)
(410, 22)
(410, 22)
(410, 22)
(410, 22)
(410, 22)
(410, 22)
(410, 22)
(410, 22)
(410, 22)
(410, 23)
(410, 23)
(410, 23)
(410, 23)
(410, 23)
(410, 23)
(410, 23)
(410, 23)
(410, 23)
(411, 23)
(411, 23)
(411, 24)
(411, 24)
(411, 24)
(411, 24)
(411, 24)
(411, 24)
(411, 24)
(411, 24)
(411, 24)
(411, 24)
(411, 24)
(411, 25)
(411, 25)
(411, 25)
(411, 25)
(411, 25)
(411, 25)
(411, 25)
(411, 25)
(411, 25)
(412, 25)
(412, 25)
(412, 25)
(412, 26)
(412, 26)
(412, 26)
(412, 26)
(412, 26)
(412, 26)
(412, 26)
(412, 26)
(412, 26)
(412, 26)
(412, 26)
(412, 27)
(412, 27)
(412, 27)
(412, 27)
(412, 27)
(412, 27)
(412, 27)
(413, 27)
(413, 27)
(413, 27)
(413, 27)
(413, 28)
(413, 28)
(413, 28)
(413, 28)
(413, 28)
(413, 28)
(413, 28)
(413, 28)
(413, 28)
(413, 28)
(413, 28)
(413, 29)
(413, 29)
(413, 29)
(413, 29)
(413, 29)
(413, 29)
(413, 29)
(414, 29)
(414, 29)
(414, 29)
(414, 29)
(414, 29)
(414, 30)
(414, 30)
(414, 30)
(414, 30)
(414, 30)
(414, 30)
(414, 30)
(414, 30)
(414, 30)
(414, 30)
(414, 30)
(414, 31)
(414, 31)
(414, 31)
(414, 31)
(414, 31)
(415, 31)
(415, 31)
(415, 31)
(415, 31)
(415, 31)
(415, 31)
(415, 32)
(415, 32)
(415, 32)
(415, 32)
(415, 32)
(415, 32)
(415, 32)
(415, 32)
(415, 32)
(415, 32)
(415, 32)
(415, 32)
(415, 33)
(415, 33)
(415, 33)
(416, 33)
(416, 33)
(416, 33)
(416, 33)
(416, 33)
(416, 33)
(416, 33)
(416, 33)
(416, 34)
(416, 34)
(416, 34)
(416, 34)
(416, 34)
(416, 34)
(416, 34)
(416, 34)
(416, 34)
(416, 34)
(416, 34)
(416, 34)
(416, 35)
(417, 35)
(417, 35)
(417, 35)
(417, 35)
(417, 35)
(417, 35)
(417, 35)
(417, 35)
(417, 35)
(417, 35)
(417, 36)
(417, 36)
(417, 36)
(417, 36)
(417, 36)
(417, 36)
(417, 36)
(417, 36)
(417, 36)
(417, 36)
(418, 36)
(418, 37)
(418, 37)
(418, 37)
(418, 37)
(418, 37)
(418, 37)
(418, 37)
(418, 37)
(418, 37)
(418, 37)
(418, 37)
(418, 37)
(418, 38)
(418, 38)
(418, 38)
(418, 38)
(418, 38)
(418, 38)
(418, 38)
(418, 38)
(419, 38)
(419, 38)
(419, 38)
(419, 39)
(419, 39)
(419, 39)
(419, 39)
(419, 39)
(419, 39)
(419, 39)
(419, 39)
(419, 39)
(419, 39)
(419, 39)
(419, 39)
(419, 40)
(419, 40)
(419, 40)
(419, 40)
(419, 40)
(420, 40)
(420, 40)
(420, 40)
(420, 40)
(420, 40)
(420, 40)
(420, 41)
(420, 41)
(420, 41)
(420, 41)
(420, 41)
(420, 41)
(420, 41)
(420, 41)
(420, 41)
(420, 41)
(420, 41)
(420, 41)
(420, 42)
(420, 42)
(421, 42)
(421, 42)
(421, 42)
(421, 42)
(421, 42)
(421, 42)
(421, 42)
(421, 42)
(421, 42)
(421, 42)
(421, 43)
(421, 43)
(421, 43)
(421, 43)
(421, 43)
(421, 43)
(421, 43)
(421, 43)
(421, 43)
(421, 43)
(422, 43)
(422, 44)
(422, 44)
(422, 44)
(422, 44)
(422, 44)
(422, 44)
(422, 44)
(422, 44)
(422, 44)
(422, 44)
(422, 44)
(422, 44)
(422, 45)
(422, 45)
(422, 45)
(422, 45)
(422, 45)
(422, 45)
(423, 45)
(423, 45)
(423, 45)
(423, 45)
(423, 45)
(423, 46)
(423, 46)
(423, 46)
(423, 46)
(423, 46)
(423, 46)
(423, 46)
(423, 46)
(423, 46)
(423, 46)
(423, 46)
(423, 46)
(423, 47)
(423, 47)
(423, 47)
(424, 47)
(424, 47)
(424, 47)
(424, 47)
(424, 47)
(424, 47)
(424, 47)
(424, 47)
(424, 47)
(424, 48)
(424, 48)
(424, 48)
(424, 48)
(424, 48)
(424, 48)
(424, 48)
(424, 48)
(424, 48)
(424, 48)
(425, 48)
(425, 48)
(425, 49)
(425, 49)
(425, 49)
(425, 49)
(425, 49)
(425, 49)
(425, 49)
(425, 49)
(425, 49)
(425, 49)
(425, 49)
(425, 50)
(425, 50)
(425, 50)
(425, 50)
(425, 50)
(425, 50)
(426, 50)
(426, 50)
(426, 50)
(426, 50)
(426, 50)
(426, 50)
(426, 51)
(426, 51)
(426, 51)
(426, 51)
(426, 51)
(426, 51)
(426, 51)
(426, 51)
(426, 51)
(426, 51)
(426, 51)
(426, 51)
(426, 52)
(427, 52)
(427, 52)
(427, 52)
(427, 52)
(427, 52)
(427, 52)
(427, 52)
(427, 52)
(427, 52)
(427, 52)
(427, 52)
(427, 53)
(427, 53)
(427, 53)
(427, 53)
(427, 53)
(427, 53)
(427, 53)
(427, 53)
(428, 53)
(428, 53)
(428, 53)
(428, 54)
(428, 54)
(428, 54)
(428, 54)
(428, 54)
(428, 54)
(428, 54)
(428, 54)
(428, 54)
(428, 54)
(428, 54)
(428, 54)
(428, 55)
(428, 55)
(428, 55)
(429, 55)
(429, 55)
(429, 55)
(429, 55)
(429, 55)
(429, 55)
(429, 55)
(429, 55)
(429, 55)
(429, 56)
(429, 56)
(429, 56)
(429, 56)
(429, 56)
(429, 56)
(429, 56)
(429, 56)
(429, 56)
(429, 56)
(430, 56)
(430, 56)
(430, 57)
(430, 57)
(430, 57)
(430, 57)
(430, 57)
(430, 57)
(430, 57)
(430, 57)
(430, 57)
(430, 57)
(430, 57)
(430, 57)
(430, 58)
(430, 58)
(430, 58)
(430, 58)
(431, 58)
(431, 58)
(431, 58)
(431, 58)
(431, 58)
(431, 58)
(431, 58)
(431, 58)
(431, 59)
(431, 59)
(431, 59)
(431, 59)
(431, 59)
(431, 59)
(431, 59)
(431, 59)
(431, 59)
(431, 59)
(432, 59)
(432, 59)
(432, 60)
(432, 60)
(432, 60)
(432, 60)
(432, 60)
(432, 60)
(432, 60)
(432, 60)
(432, 60)
(432, 60)
(432, 60)
(432, 60)
(432, 61)
(432, 61)
(432, 61)
(432, 61)
(433, 61)
(433, 61)
(433, 61)
(433, 61)
(433, 61)
(433, 61)
(433, 61)
(433, 61)
(433, 62)
(433, 62)
(433, 62)
(433, 62)
(433, 62)
(433, 62)
(433, 62)
(433, 62)
(433, 62)
(433, 62)
(434, 62)
(434, 62)
(434, 63)
(434, 63)
(434, 63)
(434, 63)
(434, 63)
(434, 63)
(434, 63)
(434, 63)
(434, 63)
(434, 63)
(434, 63)
(434, 63)
(434, 64)
(434, 64)
(434, 64)
(434, 64)
(435, 64)
(435, 64)
(435, 64)
(435, 64)
(435, 64)
(435, 64)
(435, 64)
(435, 64)
(435, 65)
(435, 65)
(435, 65)
(435, 65)
(435, 65)
(435, 65)
(435, 65)
(435, 65)
(435, 65)
(435, 65)
(436, 65)
(436, 65)
(436, 66)
(436, 66)
(436, 66)
(436, 66)
(436, 66)
(436, 66)
(436, 66)
(436, 66)
(436, 66)
(436, 66)
(436, 66)
(436, 66)
(436, 66)
(436, 67)
(436, 67)
(437, 67)
(437, 67)
(437, 67)
(437, 67)
(437, 67)
(437, 67)
(437, 67)
(437, 67)
(437, 67)
(437, 67)
(437, 68)
(437, 68)
(437, 68)
(437, 68)
(437, 68)
(437, 68)
(437, 68)
(438, 68)
(438, 68)
(438, 68)
(438, 68)
(438, 68)
(438, 69)
(438, 69)
(438, 69)
(438, 69)
(438, 69)
(438, 69)
(438, 69)
(438, 69)
(438, 69)
(438, 69)
(438, 69)
(438, 69)
(438, 70)
(439, 70)
(439, 70)
(439, 70)
(439, 70)
(439, 70)
(439, 70)
(439, 70)
(439, 70)
(439, 70)
(439, 70)
(439, 70)
(439, 70)
(439, 71)
(439, 71)
(439, 71)
(439, 71)
(439, 71)
(440, 71)
(440, 71)
(440, 71)
(440, 71)
(440, 71)
(440, 71)
(440, 71)
(440, 72)
(440, 72)
(440, 72)
(440, 72)
(440, 72)
(440, 72)
(440, 72)
(440, 72)
(440, 72)
(440, 72)
(441, 72)
(441, 72)
(441, 73)
(441, 73)
(441, 73)
(441, 73)
(441, 73)
(441, 73)
(441, 73)
(441, 73)
(441, 73)
(441, 73)
(441, 73)
(441, 73)
(441, 73)
(441, 74)
(441, 74)
(442, 74)
(442, 74)
(442, 74)
(442, 74)
(442, 74)
(442, 74)
(442, 74)
(442, 74)
(442, 74)
(442, 74)
(442, 75)
(442, 75)
(442, 75)
(442, 75)
(442, 75)
(442, 75)
(442, 75)
(443, 75)
(443, 75)
(443, 75)
(443, 75)
(443, 75)
(443, 75)
(443, 76)
(443, 76)
(443, 76)
(443, 76)
(443, 76)
(443, 76)
(443, 76)
(443, 76)
(443, 76)
(443, 76)
(443, 76)
(444, 76)
(444, 77)
(444, 77)
(444, 77)
(444, 77)
(444, 77)
(444, 77)
(444, 77)
(444, 77)
(444, 77)
(444, 77)
(444, 77)
(444, 77)
(444, 77)
(444, 78)
(444, 78)
(445, 78)
(445, 78)
(445, 78)
(445, 78)
(445, 78)
(445, 78)
(445, 78)
(445, 78)
(445, 78)
(445, 78)
(445, 79)
(445, 79)
(445, 79)
(445, 79)
(445, 79)
(445, 79)
(445, 79)
(446, 79)
(446, 79)
(446, 79)
(446, 79)
(446, 79)
(446, 79)
(446, 80)
(446, 80)
(446, 80)
(446, 80)
(446, 80)
(446, 80)
(446, 80)
(446, 80)
(446, 80)
(446, 80)
(447, 80)
(447, 80)
(447, 81)
(447, 81)
(447, 81)
(447, 81)
(447, 81)
(447, 81)
(447, 81)
(447, 81)
(447, 81)
(447, 81)
(447, 81)
(447, 81)
(447, 81)
(447, 82)
(447, 82)
(448, 82)
(448, 82)
(448, 82)
(448, 82)
(448, 82)
(448, 82)
(448, 82)
(448, 82)
(448, 82)
(448, 82)
(448, 82)
(448, 83)
(448, 83)
(448, 83)
(448, 83)
(448, 83)
(449, 83)
(449, 83)
(449, 83)
(449, 83)
(449, 83)
(449, 83)
(449, 83)
(449, 84)
(449, 84)
(449, 84)
(449, 84)
(449, 84)
(449, 84)
(449, 84)
(449, 84)
(449, 84)
(450, 84)
(450, 84)
(450, 84)
(450, 84)
(450, 85)
(450, 85)
(450, 85)
(450, 85)
(450, 85)
(450, 85)
(450, 85)
(450, 85)
(450, 85)
(450, 85)
(450, 85)
(450, 85)
(451, 85)
(451, 86)
(451, 86)
(451, 86)
(451, 86)
(451, 86)
(451, 86)
(451, 86)
(451, 86)
(451, 86)
(451, 86)
(451, 86)
(451, 86)
(451, 86)
(451, 87)
(451, 87)
(452, 87)
(452, 87)
(452, 87)
(452, 87)
(452, 87)
(452, 87)
(452, 87)
(452, 87)
(452, 87)
(452, 87)
(452, 87)
(452, 88)
(452, 88)
(452, 88)
(452, 88)
(452, 88)
(453, 88)
(453, 88)
(453, 88)
(453, 88)
(453, 88)
(453, 88)
(453, 88)
(453, 89)
(453, 89)
(453, 89)
(453, 89)
(453, 89)
(453, 89)
(453, 89)
(453, 89)
(453, 89)
(454, 89)
(454, 89)
(454, 89)
(454, 89)
(454, 90)
(454, 90)
(454, 90)
(454, 90)
(454, 90)
(454, 90)
(454, 90)
(454, 90)
(454, 90)
(454, 90)
(454, 90)
(455, 90)
(455, 90)
(455, 91)
(455, 91)
(455, 91)
(455, 91)
(455, 91)
(455, 91)
(455, 91)
(455, 91)
(455, 91)
(455, 91)
(455, 91)
(455, 91)
(455, 91)
(455, 92)
(456, 92)
(456, 92)
(456, 92)
(456, 92)
(456, 92)
(456, 92)
(456, 92)
(456, 92)
(456, 92)
(456, 92)
(456, 92)
(456, 92)
(456, 93)
(456, 93)
(456, 93)
(456, 93)
(457, 93)
(457, 93)
(457, 93)
(457, 93)
(457, 93)
(457, 93)
(457, 93)
(457, 93)
(457, 93)
(457, 94)
(457, 94)
(457, 94)
(457, 94)
(457, 94)
(457, 94)
(458, 94)
(458, 94)
(458, 94)
(458, 94)
(458, 94)
(458, 94)
(458, 94)
(458, 94)
(458, 95)
(458, 95)
(458, 95)
(458, 95)
(458, 95)
(458, 95)
(458, 95)
(459, 95)
(459, 95)
(459, 95)
(459, 95)
(459, 95)
(459, 95)
(459, 96)
(459, 96)
(459, 96)
(459, 96)
(459, 96)
(459, 96)
(459, 96)
(459, 96)
(459, 96)
(459, 96)
(460, 96)
(460, 96)
(460, 96)
(460, 97)
(460, 97)
(460, 97)
(460, 97)
(460, 97)
(460, 97)
(460, 97)
(460, 97)
(460, 97)
(460, 97)
(460, 97)
(460, 97)
(461, 97)
(461, 98)
(461, 98)
(461, 98)
(461, 98)
(461, 98)
(461, 98)
(461, 98)
(461, 98)
(461, 98)
(461, 98)
(461, 98)
(461, 98)
(461, 98)
(461, 98)
(462, 99)
(462, 99)
(462, 99)
(462, 99)
(462, 99)
(462, 99)
(462, 99)
(462, 99)
(462, 99)
(462, 99)
(462, 99)
(462, 99)
(462, 99)
(462, 100)
(462, 100)
(463, 100)
(463, 100)
(463, 100)
(463, 100)
(463, 100)
(463, 100)
(463, 100)
(463, 100)
(463, 100)
(463, 100)
(463, 100)
(463, 101)
(463, 101)
(463, 101)
(463, 101)
(464, 101)
(464, 101)
(464, 101)
(464, 101)
(464, 101)
(464, 101)
(464, 101)
(464, 101)
(464, 101)
(464, 101)
(464, 102)
(464, 102)
(464, 102)
(464, 102)
(464, 102)
(465, 102)
(465, 102)
(465, 102)
(465, 102)
(465, 102)
(465, 102)
(465, 102)
(465, 102)
(465, 103)
(465, 103)
(465, 103)
(465, 103)
(465, 103)
(465, 103)
(465, 103)
(466, 103)
(466, 103)
(466, 103)
(466, 103)
(466, 103)
(466, 103)
(466, 103)
(466, 104)
(466, 104)
(466, 104)
(466, 104)
(466, 104)
(466, 104)
(466, 104)
(466, 104)
(467, 104)
(467, 104)
(467, 104)
(467, 104)
(467, 104)
(467, 105)
(467, 105)
(467, 105)
(467, 105)
(467, 105)
(467, 105)
(467, 105)
(467, 105)
(467, 105)
(467, 105)
(468, 105)
(468, 105)
(468, 105)
(468, 105)
(468, 106)
(468, 106)
(468, 106)
(468, 106)
(468, 106)
(468, 106)
(468, 106)
(468, 106)
(468, 106)
(468, 106)
(469, 106)
(469, 106)
(469, 106)
(469, 107)
(469, 107)
(469, 107)
(469, 107)
(469, 107)
(469, 107)
(469, 107)
(469, 107)
(469, 107)
(469, 107)
(469, 107)
(469, 107)
(470, 107)
(470, 107)
(470, 108)
(470, 108)
(470, 108)
(470, 108)
(470, 108)
(470, 108)
(470, 108)
(470, 108)
(470, 108)
(470, 108)
(470, 108)
(470, 108)
(470, 108)
(471, 108)
(471, 109)
(471, 109)
(471, 109)
(471, 109)
(471, 109)
(471, 109)
(471, 109)
(471, 109)
(471, 109)
(471, 109)
(471, 109)
(471, 109)
(471, 109)
(472, 109)
(472, 110)
(472, 110)
(472, 110)
(472, 110)
(472, 110)
(472, 110)
(472, 110)
(472, 110)
(472, 110)
(472, 110)
(472, 110)
(472, 110)
(472, 110)
(472, 110)
(473, 111)
(473, 111)
(473, 111)
(473, 111)
(473, 111)
(473, 111)
(473, 111)
(473, 111)
(473, 111)
(473, 111)
(473, 111)
(473, 111)
(473, 111)
(473, 112)
(474, 112)
(474, 112)
(474, 112)
(474, 112)
(474, 112)
(474, 112)
(474, 112)
(474, 112)
(474, 112)
(474, 112)
(474, 112)
(474, 112)
(474, 112)
(474, 113)
(475, 113)
(475, 113)
(475, 113)
(475, 113)
(475, 113)
(475, 113)
(475, 113)
(475, 113)
(475, 113)
(475, 113)
(475, 113)
(475, 113)
(475, 113)
(475, 114)
(475, 114)
(476, 114)
(476, 114)
(476, 114)
(476, 114)
(476, 114)
(476, 114)
(476, 114)
(476, 114)
(476, 114)
(476, 114)
(476, 114)
(476, 114)
(476, 114)
(476, 115)
(477, 115)
(477, 115)
(477, 115)
(477, 115)
(477, 115)
(477, 115)
(477, 115)
(477, 115)
(477, 115)
(477, 115)
(477, 115)
(477, 115)
(477, 115)
(477, 116)
(478, 116)
(478, 116)
(478, 116)
(478, 116)
(478, 116)
(478, 116)
(478, 116)
(478, 116)
(478, 116)
(478, 116)
(478, 116)
(478, 116)
(478, 116)
(478, 117)
(479, 117)
(479, 117)
(479, 117)
(479, 117)
(479, 117)
(479, 117)
(479, 117)
(479, 117)
(479, 117)
(479, 117)
(479, 117)
(479, 117)
(479, 117)
(479, 118)
(480, 118)
(480, 118)
(480, 118)
(480, 118)
(480, 118)
(480, 118)
(480, 118)
(480, 118)
(480, 118)
(480, 118)
(480, 118)
(480, 118)
(480, 118)
(480, 119)
(481, 119)
(481, 119)
(481, 119)
(481, 119)
(481, 119)
(481, 119)
(481, 119)
(481, 119)
(481, 119)
(481, 119)
(481, 119)
(481, 119)
(481, 119)
(481, 119)
(482, 120)
(482, 120)
(482, 120)
(482, 120)
(482, 120)
(482, 120)
(482, 120)
(482, 120)
(482, 120)
(482, 120)
(482, 120)
(482, 120)
(482, 120)
(482, 120)
(483, 121)
(483, 121)
(483, 121)
(483, 121)
(483, 121)
(483, 121)
(483, 121)
(483, 121)
(483, 121)
(483, 121)
(483, 121)
(483, 121)
(483, 121)
(483, 121)
(484, 121)
(484, 122)
(484, 122)
(484, 122)
(484, 122)
(484, 122)
(484, 122)
(484, 122)
(484, 122)
(484, 122)
(484, 122)
(484, 122)
(484, 122)
(484, 122)
(485, 122)
(485, 123)
(485, 123)
(485, 123)
(485, 123)
(485, 123)
(485, 123)
(485, 123)
(485, 123)
(485, 123)
(485, 123)
(485, 123)
(485, 123)
(486, 123)
(486, 123)
(486, 123)
(486, 124)
(486, 124)
(486, 124)
(486, 124)
(486, 124)
(486, 124)
(486, 124)
(486, 124)
(486, 124)
(486, 124)
(486, 124)
(487, 124)
(487, 124)
(487, 124)
(487, 125)
(487, 125)
(487, 125)
(487, 125)
(487, 125)
(487, 125)
(487, 125)
(487, 125)
(487, 125)
(487, 125)
(487, 125)
(488, 125)
(488, 125)
(488, 125)
(488, 125)
(488, 126)
(488, 126)
(488, 126)
(488, 126)
(488, 126)
(488, 126)
(488, 126)
(488, 126)
(488, 126)
(489, 126)
(489, 126)
(489, 126)
(489, 126)
(489, 126)
(489, 126)
(489, 127)
(489, 127)
(489, 127)
(489, 127)
(489, 127)
(489, 127)
(489, 127)
(489, 127)
(490, 127)
(490, 127)
(490, 127)
(490, 127)
(490, 127)
(490, 127)
(490, 127)
(490, 128)
(490, 128)
(490, 128)
(490, 128)
(490, 128)
(490, 128)
(491, 128)
(491, 128)
(491, 128)
(491, 128)
(491, 128)
(491, 128)
(491, 128)
(491, 128)
(491, 128)
(491, 129)
(491, 129)
(491, 129)
(491, 129)
(491, 129)
(492, 129)
(492, 129)
(492, 129)
(492, 129)
(492, 129)
(492, 129)
(492, 129)
(492, 129)
(492, 129)
(492, 129)
(492, 130)
(492, 130)
(492, 130)
(493, 130)
(493, 130)
(493, 130)
(493, 130)
(493, 130)
(493, 130)
(493, 130)
(493, 130)
(493, 130)
(493, 130)
(493, 130)
(493, 130)
(493, 131)
(493, 131)
(494, 131)
(494, 131)
(494, 131)
(494, 131)
(494, 131)
(494, 131)
(494, 131)
(494, 131)
(494, 131)
(494, 131)
(494, 131)
(494, 131)
(494, 131)
(495, 132)
(495, 132)
(495, 132)
(495, 132)
(495, 132)
(495, 132)
(495, 132)
(495, 132)
(495, 132)
(495, 132)
(495, 132)
(495, 132)
(495, 132)
(496, 132)
(496, 132)
(496, 133)
(496, 133)
(496, 133)
(496, 133)
(496, 133)
(496, 133)
(496, 133)
(496, 133)
(496, 133)
(496, 133)
(496, 133)
(497, 133)
(497, 133)
(497, 133)
(497, 133)
(497, 134)
(497, 134)
(497, 134)
(497, 134)
(497, 134)
(497, 134)
(497, 134)
(497, 134)
(497, 134)
(497, 134)
(498, 134)
(498, 134)
(498, 134)
(498, 134)
(498, 134)
(498, 134)
(498, 135)
(498, 135)
(498, 135)
(498, 135)
(498, 135)
(498, 135)
(498, 135)
(499, 135)
(499, 135)
(499, 135)
(499, 135)
(499, 135)
(499, 135)
(499, 135)
(499, 135)
(499, 136)
(499, 136)
(499, 136)
(499, 136)
(499, 136)
(500, 136)
(500, 136)
(500, 136)
(500, 136)
(500, 136)
(500, 136)
(500, 136)
(500, 136)
(500, 136)
(500, 136)
(500, 137)
(500, 137)
(500, 137)
(501, 137)
(501, 137)
(501, 137)
(501, 137)
(501, 137)
(501, 137)
(501, 137)
(501, 137)
(501, 137)
(501, 137)
(501, 137)
(501, 137)
(501, 137)
(502, 138)
(502, 138)
(502, 138)
(502, 138)
(502, 138)
(502, 138)
(502, 138)
(502, 138)
(502, 138)
(502, 138)
(502, 138)
(502, 138)
(502, 138)
(503, 138)
(503, 138)
(503, 138)
(503, 139)
(503, 139)
(503, 139)
(503, 139)
(503, 139)
(503, 139)
(503, 139)
(503, 139)
(503, 139)
(503, 139)
(504, 139)
(504, 139)
(504, 139)
(504, 139)
(504, 139)
(504, 140)
(504, 140)
(504, 140)
(504, 140)
(504, 140)
(504, 140)
(504, 140)
(504, 140)
(505, 140)
(505, 140)
(505, 140)
(505, 140)
(505, 140)
(505, 140)
(505, 140)
(505, 140)
(505, 141)
(505, 141)
(505, 141)
(505, 141)
(505, 141)
(506, 141)
(506, 141)
(506, 141)
(506, 141)
(506, 141)
(506, 141)
(506, 141)
(506, 141)
(506, 141)
(506, 141)
(506, 141)
(506, 142)
(506, 142)
(507, 142)
(507, 142)
(507, 142)
(507, 142)
(507, 142)
(507, 142)
(507, 142)
(507, 142)
(507, 142)
(507, 142)
(507, 142)
(507, 142)
(508, 142)
(508, 142)
(508, 143)
(508, 143)
(508, 143)
(508, 143)
(508, 143)
(508, 143)
(508, 143)
(508, 143)
(508, 143)
(508, 143)
(508, 143)
(509, 143)
(509, 143)
(509, 143)
(509, 143)
(509, 143)
(509, 144)
(509, 144)
(509, 144)
(509, 144)
(509, 144)
(509, 144)
(509, 144)
(509, 144)
(510, 144)
(510, 144)
(510, 144)
(510, 144)
(510, 144)
(510, 144)
(510, 144)
(510, 144)
(510, 145)
(510, 145)
(510, 145)
(510, 145)
(510, 145)
(511, 145)
(511, 145)
(511, 145)
(511, 145)
(511, 145)
(511, 145)
(511, 145)
(511, 145)
(511, 145)
(511, 145)
(511, 145)
(511, 145)
(512, 146)
(512, 146)
(512, 146)
(512, 146)
(512, 146)
(512, 146)
(512, 146)
(512, 146)
(512, 146)
(512, 146)
(512, 146)
(512, 146)
(512, 146)
(513, 146)
(513, 146)
(513, 146)
(513, 147)
(513, 147)
(513, 147)
(513, 147)
(513, 147)
(513, 147)
(513, 147)
(513, 147)
(513, 147)
(513, 147)
(514, 147)
(514, 147)
(514, 147)
(514, 147)
(514, 147)
(514, 147)
(514, 147)
(514, 148)
(514, 148)
(514, 148)
(514, 148)
(514, 148)
(515, 148)
(515, 148)
(515, 148)
(515, 148)
(515, 148)
(515, 148)
(515, 148)
(515, 148)
(515, 148)
(515, 148)
(515, 148)
(515, 149)
(515, 149)
(516, 149)
(516, 149)
(516, 149)
(516, 149)
(516, 149)
(516, 149)
(516, 149)
(516, 149)
(516, 149)
(516, 149)
(516, 149)
(516, 149)
(517, 149)
(517, 149)
(517, 149)
(517, 150)
(517, 150)
(517, 150)
(517, 150)
(517, 150)
(517, 150)
(517, 150)
(517, 150)
(517, 150)
(517, 150)
(518, 150)
(518, 150)
(518, 150)
(518, 150)
(518, 150)
(518, 150)
(518, 150)
(518, 151)
(518, 151)
(518, 151)
(518, 151)
(518, 151)
(519, 151)
(519, 151)
(519, 151)
(519, 151)
(519, 151)
(519, 151)
(519, 151)
(519, 151)
(519, 151)
(519, 151)
(519, 151)
(519, 152)
(519, 152)
(520, 152)
(520, 152)
(520, 152)
(520, 152)
(520, 152)
(520, 152)
(520, 152)
(520, 152)
(520, 152)
(520, 152)
(520, 152)
(520, 152)
(521, 152)
(521, 152)
(521, 152)
(521, 153)
(521, 153)
(521, 153)
(521, 153)
(521, 153)
(521, 153)
(521, 153)
(521, 153)
(521, 153)
(522, 153)
(522, 153)
(522, 153)
(522, 153)
(522, 153)
(522, 153)
(522, 153)
(522, 153)
(522, 154)
(522, 154)
(522, 154)
(522, 154)
(522, 154)
(523, 154)
(523, 154)
(523, 154)
(523, 154)
(523, 154)
(523, 154)
(523, 154)
(523, 154)
(523, 154)
(523, 154)
(523, 154)
(523, 154)
(524, 154)
(524, 155)
(524, 155)
(524, 155)
(524, 155)
(524, 155)
(524, 155)
(524, 155)
(524, 155)
(524, 155)
(524, 155)
(524, 155)
(525, 155)
(525, 155)
(525, 155)
(525, 155)
(525, 155)
(525, 155)
(525, 156)
(525, 156)
(525, 156)
(525, 156)
(525, 156)
(525, 156)
(526, 156)
(526, 156)
(526, 156)
(526, 156)
(526, 156)
(526, 156)
(526, 156)
(526, 156)
(526, 156)
(526, 156)
(526, 156)
(526, 157)
(526, 157)
(527, 157)
(527, 157)
(527, 157)
(527, 157)
(527, 157)
(527, 157)
(527, 157)
(527, 157)
(527, 157)
(527, 157)
(527, 157)
(527, 157)
(528, 157)
(528, 157)
(528, 157)
(528, 157)
(528, 158)
(528, 158)
(528, 158)
(528, 158)
(528, 158)
(528, 158)
(528, 158)
(528, 158)
(529, 158)
(529, 158)
(529, 158)
(529, 158)
(529, 158)
(529, 158)
(529, 158)
(529, 158)
(529, 158)
(529, 158)
(529, 159)
(529, 159)
(530, 159)
(530, 159)
(530, 159)
(530, 159)
(530, 159)
(530, 159)
(530, 159)
(530, 159)
(530, 159)
(530, 159)
(530, 159)
(530, 159)
(531, 159)
(531, 159)
(531, 159)
(531, 160)
(531, 160)
(531, 160)
(531, 160)
(531, 160)
(531, 160)
(531, 160)
(531, 160)
(531, 160)
(532, 160)
(532, 160)
(532, 160)
(532, 160)
(532, 160)
(532, 160)
(532, 160)
(532, 160)
(532, 160)
(532, 161)
(532, 161)
(532, 161)
(533, 161)
(533, 161)
(533, 161)
(533, 161)
(533, 161)
(533, 161)
(533, 161)
(533, 161)
(533, 161)
(533, 161)
(533, 161)
(533, 161)
(534, 161)
(534, 161)
(534, 161)
(534, 162)
(534, 162)
(534, 162)
(534, 162)
(534, 162)
(534, 162)
(534, 162)
(534, 162)
(534, 162)
(535, 162)
(535, 162)
(535, 162)
(535, 162)
(535, 162)
(535, 162)
(535, 162)
(535, 162)
(535, 162)
(535, 162)
(535, 163)
(535, 163)
(536, 163)
(536, 163)
(536, 163)
(536, 163)
(536, 163)
(536, 163)
(536, 163)
(536, 163)
(536, 163)
(536, 163)
(536, 163)
(536, 163)
(537, 163)
(537, 163)
(537, 163)
(537, 163)
(537, 164)
(537, 164)
(537, 164)
(537, 164)
(537, 164)
(537, 164)
(537, 164)
(537, 164)
(538, 164)
(538, 164)
(538, 164)
(538, 164)
(538, 164)
(538, 164)
(538, 164)
(538, 164)
(538, 164)
(538, 164)
(538, 164)
(538, 165)
(539, 165)
(539, 165)
(539, 165)
(539, 165)
(539, 165)
(539, 165)
(539, 165)
(539, 165)
(539, 165)
(539, 165)
(539, 165)
(539, 165)
(540, 165)
(540, 165)
(540, 165)
(540, 165)
(540, 165)
(540, 166)
(540, 166)
(540, 166)
(540, 166)
(540, 166)
(540, 166)
(541, 166)
(541, 166)
(541, 166)
(541, 166)
(541, 166)
(541, 166)
(541, 166)
(541, 166)
(541, 166)
(541, 166)
(541, 166)
(541, 166)
(542, 166)
(542, 167)
(542, 167)
(542, 167)
(542, 167)
(542, 167)
(542, 167)
(542, 167)
(542, 167)
(542, 167)
(542, 167)
(542, 167)
(543, 167)
(543, 167)
(543, 167)
(543, 167)
(543, 167)
(543, 167)
(543, 167)
(543, 167)
(543, 168)
(543, 168)
(543, 168)
(543, 168)
(544, 168)
(544, 168)
(544, 168)
(544, 168)
(544, 168)
(544, 168)
(544, 168)
(544, 168)
(544, 168)
(544, 168)
(544, 168)
(544, 168)
(545, 168)
(545, 168)
(545, 168)
(545, 169)
(545, 169)
(545, 169)
(545, 169)
(545, 169)
(545, 169)
(545, 169)
(545, 169)
(546, 169)
(546, 169)
(546, 169)
(546, 169)
(546, 169)
(546, 169)
(546, 169)
(546, 169)
(546, 169)
(546, 169)
(546, 169)
(546, 170)
(547, 170)
(547, 170)
(547, 170)
(547, 170)
(547, 170)
(547, 170)
(547, 170)
(547, 170)
(547, 170)
(547, 170)
(547, 170)
(547, 170)
(548, 170)
(548, 170)
(548, 170)
(548, 170)
(548, 170)
(548, 170)
(548, 170)
(548, 171)
(548, 171)
(548, 171)
(548, 171)
(549, 171)
(549, 171)
(549, 171)
(549, 171)
(549, 171)
(549, 171)
(549, 171)
(549, 171)
(549, 171)
(549, 171)
(549, 171)
(549, 171)
(550, 171)
(550, 171)
(550, 171)
(550, 172)
(550, 172)
(550, 172)
(550, 172)
(550, 172)
(550, 172)
(550, 172)
(550, 172)
(551, 172)
(551, 172)
(551, 172)
(551, 172)
(551, 172)
(551, 172)
(551, 172)
(551, 172)
(551, 172)
(551, 172)
(551, 172)
(551, 172)
(552, 173)
(552, 173)
(552, 173)
(552, 173)
(552, 173)
(552, 173)
(552, 173)
(552, 173)
(552, 173)
(552, 173)
(552, 173)
(552, 173)
(553, 173)
(553, 173)
(553, 173)
(553, 173)
(553, 173)
(553, 173)
(553, 173)
(553, 173)
(553, 174)
(553, 174)
(553, 174)
(554, 174)
(554, 174)
(554, 174)
(554, 174)
(554, 174)
(554, 174)
(554, 174)
(554, 174)
(554, 174)
(554, 174)
(554, 174)
(554, 174)
(555, 174)
(555, 174)
(555, 174)
(555, 174)
(555, 174)
(555, 174)
(555, 175)
(555, 175)
(555, 175)
(555, 175)
(555, 175)
(556, 175)
(556, 175)
(556, 175)
(556, 175)
(556, 175)
(556, 175)
(556, 175)
(556, 175)
(556, 175)
(556, 175)
(556, 175)
(556, 175)
(557, 175)
(557, 175)
(557, 175)
(557, 176)
(557, 176)
(557, 176)
(557, 176)
(557, 176)
(557, 176)
(557, 176)
(557, 176)
(558, 176)
(558, 176)
(558, 176)
(558, 176)
(558, 176)
(558, 176)
(558, 176)
(558, 176)
(558, 176)
(558, 176)
(558, 176)
(559, 176)
(559, 176)
(559, 177)
(559, 177)
(559, 177)
(559, 177)
(559, 177)
(559, 177)
(559, 177)
(559, 177)
(559, 177)
(559, 177)
(560, 177)
(560, 177)
(560, 177)
(560, 177)
(560, 177)
(560, 177)
(560, 177)
(560, 177)
(560, 177)
(560, 177)
(560, 178)
(561, 178)
(561, 178)
(561, 178)
(561, 178)
(561, 178)
(561, 178)
(561, 178)
(561, 178)
(561, 178)
(561, 178)
(561, 178)
(561, 178)
(562, 178)
(562, 178)
(562, 178)
(562, 178)
(562, 178)
(562, 178)
(562, 178)
(562, 178)
(562, 179)
(562, 179)
(562, 179)
(563, 179)
(563, 179)
(563, 179)
(563, 179)
(563, 179)
(563, 179)
(563, 179)
(563, 179)
(563, 179)
(563, 179)
(563, 179)
(564, 179)
(564, 179)
(564, 179)
(564, 179)
(564, 179)
(564, 179)
(564, 179)
(564, 179)
(564, 180)
(564, 180)
(564, 180)
(564, 180)
(565, 180)
(565, 180)
(565, 180)
(565, 180)
(565, 180)
(565, 180)
(565, 180)
(565, 180)
(565, 180)
(565, 180)
(565, 180)
(566, 180)
(566, 180)
(566, 180)
(566, 180)
(566, 180)
(566, 180)
(566, 181)
(566, 181)
(566, 181)
(566, 181)
(566, 181)
(567, 181)
(567, 181)
(567, 181)
(567, 181)
(567, 181)
(567, 181)
(567, 181)
(567, 181)
(567, 181)
(567, 181)
(567, 181)
(568, 181)
(568, 181)
(568, 181)
(568, 181)
(568, 181)
(568, 181)
(568, 182)
(568, 182)
(568, 182)
(568, 182)
(568, 182)
(568, 182)
(569, 182)
(569, 182)
(569, 182)
(569, 182)
(569, 182)
(569, 182)
(569, 182)
(569, 182)
(569, 182)
(569, 182)
(569, 182)
(570, 182)
(570, 182)
(570, 182)
(570, 182)
(570, 182)
(570, 183)
(570, 183)
(570, 183)
(570, 183)
(570, 183)
(570, 183)
(571, 183)
(571, 183)
(571, 183)
(571, 183)
(571, 183)
(571, 183)
(571, 183)
(571, 183)
(571, 183)
(571, 183)
(571, 183)
(572, 183)
(572, 183)
(572, 183)
(572, 183)
(572, 183)
(572, 184)
(572, 184)
(572, 184)
(572, 184)
(572, 184)
(572, 184)
(573, 184)
(573, 184)
(573, 184)
(573, 184)
(573, 184)
(573, 184)
(573, 184)
(573, 184)
(573, 184)
(573, 184)
(573, 184)
(573, 184)
(574, 184)
(574, 184)
(574, 184)
(574, 184)
(574, 184)
(574, 185)
(574, 185)
(574, 185)
(574, 185)
(574, 185)
(574, 185)
(575, 185)
(575, 185)
(575, 185)
(575, 185)
(575, 185)
(575, 185)
(575, 185)
(575, 185)
(575, 185)
(575, 185)
(575, 185)
(576, 185)
(576, 185)
(576, 185)
(576, 185)
(576, 185)
(576, 185)
(576, 186)
(576, 186)
(576, 186)
(576, 186)
(576, 186)
(577, 186)
(577, 186)
(577, 186)
(577, 186)
(577, 186)
(577, 186)
(577, 186)
(577, 186)
(577, 186)
(577, 186)
(577, 186)
(578, 186)
(578, 186)
(578, 186)
(578, 186)
(578, 186)
(578, 186)
(578, 186)
(578, 187)
(578, 187)
(578, 187)
(578, 187)
(579, 187)
(579, 187)
(579, 187)
(579, 187)
(579, 187)
(579, 187)
(579, 187)
(579, 187)
(579, 187)
(579, 187)
(579, 187)
(580, 187)
(580, 187)
(580, 187)
(580, 187)
(580, 187)
(580, 187)
(580, 187)
(580, 187)
(580, 187)
(580, 188)
(580, 188)
(581, 188)
(581, 188)
(581, 188)
(581, 188)
(581, 188)
(581, 188)
(581, 188)
(581, 188)
(581, 188)
(581, 188)
(581, 188)
(582, 188)
(582, 188)
(582, 188)
(582, 188)
(582, 188)
(582, 188)
(582, 188)
(582, 188)
(582, 188)
(582, 188)
(582, 189)
(583, 189)
(583, 189)
(583, 189)
(583, 189)
(583, 189)
(583, 189)
(583, 189)
(583, 189)
(583, 189)
(583, 189)
(583, 189)
(584, 189)
(584, 189)
(584, 189)
(584, 189)
(584, 189)
(584, 189)
(584, 189)
(584, 189)
(584, 189)
(584, 189)
(584, 189)
(585, 189)
(585, 189)
(585, 190)
(585, 190)
(585, 190)
(585, 190)
(585, 190)
(585, 190)
(585, 190)
(585, 190)
(585, 190)
(586, 190)
(586, 190)
(586, 190)
(586, 190)
(586, 190)
(586, 190)
(586, 190)
(586, 190)
(586, 190)
(586, 190)
(586, 190)
(587, 190)
(587, 190)
(587, 190)
(587, 190)
(587, 191)
(587, 191)
(587, 191)
(587, 191)
(587, 191)
(587, 191)
(587, 191)
(588, 191)
(588, 191)
(588, 191)
(588, 191)
(588, 191)
(588, 191)
(588, 191)
(588, 191)
(588, 191)
(588, 191)
(588, 191)
(589, 191)
(589, 191)
(589, 191)
(589, 191)
(589, 191)
(589, 191)
(589, 191)
(589, 192)
(589, 192)
(589, 192)
(589, 192)
(590, 192)
(590, 192)
(590, 192)
(590, 192)
(590, 192)
(590, 192)
(590, 192)
(590, 192)
(590, 192)
(590, 192)
(590, 192)
(591, 192)
(591, 192)
(591, 192)
(591, 192)
(591, 192)
(591, 192)
(591, 192)
(591, 192)
(591, 192)
(591, 192)
(591, 193)
(592, 193)
(592, 193)
(592, 193)
(592, 193)
(592, 193)
(592, 193)
(592, 193)
(592, 193)
(592, 193)
(592, 193)
(592, 193)
(593, 193)
(593, 193)
(593, 193)
(593, 193)
(593, 193)
(593, 193)
(593, 193)
(593, 193)
(593, 193)
(593, 193)
(594, 193)
(594, 193)
(594, 193)
(594, 193)
(594, 194)
(594, 194)
(594, 194)
(594, 194)
(594, 194)
(594, 194)
(594, 194)
(595, 194)
(595, 194)
(595, 194)
(595, 194)
(595, 194)
(595, 194)
(595, 194)
(595, 194)
(595, 194)
(595, 194)
(595, 194)
(596, 194)
(596, 194)
(596, 194)
(596, 194)
(596, 194)
(596, 194)
(596, 194)
(596, 194)
(596, 195)
(596, 195)
(596, 195)
(597, 195)
(597, 195)
(597, 195)
(597, 195)
(597, 195)
(597, 195)
(597, 195)
(597, 195)
(597, 195)
(597, 195)
(597, 195)
(598, 195)
(598, 195)
(598, 195)
(598, 195)
(598, 195)
(598, 195)
(598, 195)
(598, 195)
(598, 195)
(598, 195)
(599, 195)
(599, 195)
(599, 195)
(599, 196)
(599, 196)
(599, 196)
(599, 196)
(599, 196)
(599, 196)
(599, 196)
(599, 196)
(600, 196)
(600, 196)
(600, 196)
(600, 196)
(600, 196)
(600, 196)
(600, 196)
(600, 196)
(600, 196)
(600, 196)
(600, 196)
(601, 196)
(601, 196)
(601, 196)
(601, 196)
(601, 196)
(601, 196)
(601, 196)
(601, 196)
(601, 197)
(601, 197)
(601, 197)
(602, 197)
(602, 197)
(602, 197)
(602, 197)
(602, 197)
(602, 197)
(602, 197)
(602, 197)
(602, 197)
(602, 197)
(603, 197)
(603, 197)
(603, 197)
(603, 197)
(603, 197)
(603, 197)
(603, 197)
(603, 197)
(603, 197)
(603, 197)
(603, 197)
(604, 197)
(604, 197)
(604, 197)
(604, 197)
(604, 198)
(604, 198)
(604, 198)
(604, 198)
(604, 198)
(604, 198)
(604, 198)
(605, 198)
(605, 198)
(605, 198)
(605, 198)
(605, 198)
(605, 198)
(605, 198)
(605, 198)
(605, 198)
(605, 198)
(605, 198)
(606, 198)
(606, 198)
(606, 198)
(606, 198)
(606, 198)
(606, 198)
(606, 198)
(606, 198)
(606, 198)
(606, 198)
(607, 199)
(607, 199)
(607, 199)
(607, 199)
(607, 199)
(607, 199)
(607, 199)
(607, 199)
(607, 199)
(607, 199)
(607, 199)
(608, 199)
(608, 199)
(608, 199)
(608, 199)
(608, 199)
(608, 199)
(608, 199)
(608, 199)
(608, 199)
(608, 199)
(608, 199)
(609, 199)
(609, 199)
(609, 199)
(609, 199)
(609, 199)
(609, 199)
(609, 199)
(609, 200)
(609, 200)
(609, 200)
(610, 200)
(610, 200)
(610, 200)
(610, 200)
(610, 200)
(610, 200)
(610, 200)
(610, 200)
(610, 200)
(610, 200)
(610, 200)
(611, 200)
(611, 200)
(611, 200)
(611, 200)
(611, 200)
(611, 200)
(611, 200)
(611, 200)
(611, 200)
(611, 200)
(612, 200)
(612, 200)
(612, 200)
(612, 200)
(612, 200)
(612, 201)
(612, 201)
(612, 201)
(612, 201)
(612, 201)
(612, 201)
(613, 201)
(613, 201)
(613, 201)
(613, 201)
(613, 201)
(613, 201)
(613, 201)
(613, 201)
(613, 201)
(613, 201)
(613, 201)
(614, 201)
(614, 201)
(614, 201)
(614, 201)
(614, 201)
(614, 201)
(614, 201)
(614, 201)
(614, 201)
(614, 201)
(615, 201)
(615, 201)
(615, 201)
(615, 201)
(615, 202)
(615, 202)
(615, 202)
(615, 202)
(615, 202)
(615, 202)
(615, 202)
(616, 202)
(616, 202)
(616, 202)
(616, 202)
(616, 202)
(616, 202)
(616, 202)
(616, 202)
(616, 202)
(616, 202)
(617, 202)
(617, 202)
(617, 202)
(617, 202)
(617, 202)
(617, 202)
(617, 202)
(617, 202)
(617, 202)
(617, 202)
(617, 202)
(618, 202)
(618, 202)
(618, 202)
(618, 203)
(618, 203)
(618, 203)
(618, 203)
(618, 203)
(618, 203)
(618, 203)
(619, 203)
(619, 203)
(619, 203)
(619, 203)
(619, 203)
(619, 203)
(619, 203)
(619, 203)
(619, 203)
(619, 203)
(619, 203)
(620, 203)
(620, 203)
(620, 203)
(620, 203)
(620, 203)
(620, 203)
(620, 203)
(620, 203)
(620, 203)
(620, 203)
(620, 203)
(621, 203)
(621, 203)
(621, 204)
(621, 204)
(621, 204)
(621, 204)
(621, 204)
(621, 204)
(621, 204)
(621, 204)
(622, 204)
(622, 204)
(622, 204)
(622, 204)
(622, 204)
(622, 204)
(622, 204)
(622, 204)
(622, 204)
(622, 204)
(622, 204)
(623, 204)
(623, 204)
(623, 204)
(623, 204)
(623, 204)
(623, 204)
(623, 204)
(623, 204)
(623, 204)
(623, 204)
(624, 204)
(624, 204)
(624, 204)
(624, 204)
(624, 205)
(624, 205)
(624, 205)
(624, 205)
(624, 205)
(624, 205)
(624, 205)
(625, 205)
(625, 205)
(625, 205)
(625, 205)
(625, 205)
(625, 205)
(625, 205)
(625, 205)
(625, 205)
(625, 205)
(626, 205)
(626, 205)
(626, 205)
(626, 205)
(626, 205)
(626, 205)
(626, 205)
(626, 205)
(626, 205)
(626, 205)
(626, 205)
(627, 205)
(627, 205)
(627, 205)
(627, 205)
(627, 205)
(627, 206)
(627, 206)
(627, 206)
(627, 206)
(627, 206)
(628, 206)
(628, 206)
(628, 206)
(628, 206)
(628, 206)
(628, 206)
(628, 206)
(628, 206)
(628, 206)
(628, 206)
(629, 206)
(629, 206)
(629, 206)
(629, 206)
(629, 206)
(629, 206)
(629, 206)
(629, 206)
(629, 206)
(629, 206)
(629, 206)
(630, 206)
(630, 206)
(630, 206)
(630, 206)
(630, 206)
(630, 206)
(630, 206)
(630, 206)
(630, 206)
(630, 207)
(631, 207)
(631, 207)
(631, 207)
(631, 207)
(631, 207)
(631, 207)
(631, 207)
(631, 207)
(631, 207)
(631, 207)
(631, 207)
(632, 207)
(632, 207)
(632, 207)
(632, 207)
(632, 207)
(632, 207)
(632, 207)
(632, 207)
(632, 207)
(632, 207)
(633, 207)
(633, 207)
(633, 207)
(633, 207)
(633, 207)
(633, 207)
(633, 207)
(633, 207)
(633, 207)
(633, 207)
(633, 207)
(634, 207)
(634, 207)
(634, 207)
(634, 208)
(634, 208)
(634, 208)
(634, 208)
(634, 208)
(634, 208)
(634, 208)
(635, 208)
(635, 208)
(635, 208)
(635, 208)
(635, 208)
(635, 208)
(635, 208)
(635, 208)
(635, 208)
(635, 208)
(636, 208)
(636, 208)
(636, 208)
(636, 208)
(636, 208)
(636, 208)
(636, 208)
(636, 208)
(636, 208)
(636, 208)
(636, 208)
(637, 208)
(637, 208)
(637, 208)
(637, 208)
(637, 208)
(637, 208)
(637, 208)
(637, 208)
(637, 208)
(637, 209)
(638, 209)
(638, 209)
(638, 209)
(638, 209)
(638, 209)
(638, 209)
(638, 209)
(638, 209)
(638, 209)
(638, 209)
(639, 209)
(639, 209)
(639, 209)
(639, 209)
(639, 209)
(639, 209)
(639, 209)
(639, 209)
(639, 209)
(639, 209)
(639, 209)
(640, 209)
(640, 209)
(640, 209)
(640, 209)
(640, 209)
(640, 209)
(640, 209)
(640, 209)
(640, 209)
(640, 209)
(641, 209)
(641, 209)
(641, 209)
(641, 209)
(641, 209)
(641, 209)
(641, 209)
(641, 210)
(641, 210)
(641, 210)
(641, 210)
(642, 210)
(642, 210)
(642, 210)
(642, 210)
(642, 210)
(642, 210)
(642, 210)
(642, 210)
(642, 210)
(642, 210)
(643, 210)
(643, 210)
(643, 210)
(643, 210)
(643, 210)
(643, 210)
(643, 210)
(643, 210)
(643, 210)
(643, 210)
(644, 210)
(644, 210)
(644, 210)
(644, 210)
(644, 210)
(644, 210)
(644, 210)
(644, 210)
(644, 210)
(644, 210)
(645, 210)
(645, 210)
(645, 210)
(645, 210)
(645, 210)
(645, 210)
(645, 211)
(645, 211)
(645, 211)
(645, 211)
(645, 211)
(646, 211)
(646, 211)
(646, 211)
(646, 211)
(646, 211)
(646, 211)
(646, 211)
(646, 211)
(646, 211)
(646, 211)
(647, 211)
(647, 211)
(647, 211)
(647, 211)
(647, 211)
(647, 211)
(647, 211)
(647, 211)
(647, 211)
(647, 211)
(648, 211)
(648, 211)
(648, 211)
(648, 211)
(648, 211)
(648, 211)
(648, 211)
(648, 211)
(648, 211)
(648, 211)
(648, 211)
(649, 211)
(649, 211)
(649, 211)
(649, 211)
(649, 211)
(649, 211)
(649, 212)
(649, 212)
(649, 212)
(649, 212)
(650, 212)
(650, 212)
(650, 212)
(650, 212)
(650, 212)
(650, 212)
(650, 212)
(650, 212)
(650, 212)
(650, 212)
(651, 212)
(651, 212)
(651, 212)
(651, 212)
(651, 212)
(651, 212)
(651, 212)
(651, 212)
(651, 212)
(651, 212)
(651, 212)
(652, 212)
(652, 212)
(652, 212)
(652, 212)
(652, 212)
(652, 212)
(652, 212)
(652, 212)
(652, 212)
(652, 212)
(653, 212)
(653, 212)
(653, 212)
(653, 212)
(653, 212)
(653, 212)
(653, 212)
(653, 212)
(653, 212)
(653, 213)
(654, 213)
(654, 213)
(654, 213)
(654, 213)
(654, 213)
(654, 213)
(654, 213)
(654, 213)
(654, 213)
(654, 213)
(655, 213)
(655, 213)
(655, 213)
(655, 213)
(655, 213)
(655, 213)
(655, 213)
(655, 213)
(655, 213)
(655, 213)
(655, 213)
(656, 213)
(656, 213)
(656, 213)
(656, 213)
(656, 213)
(656, 213)
(656, 213)
(656, 213)
(656, 213)
(656, 213)
(657, 213)
(657, 213)
(657, 213)
(657, 213)
(657, 213)
(657, 213)
(657, 213)
(657, 213)
(657, 213)
(657, 213)
(658, 213)
(658, 213)
(658, 213)
(658, 213)
(658, 214)
(658, 214)
(658, 214)
(658, 214)
(658, 214)
(658, 214)
(659, 214)
(659, 214)
(659, 214)
(659, 214)
(659, 214)
(659, 214)
(659, 214)
(659, 214)
(659, 214)
(659, 214)
(660, 214)
(660, 214)
(660, 214)
(660, 214)
(660, 214)
(660, 214)
(660, 214)
(660, 214)
(660, 214)
(660, 214)
(660, 214)
(661, 214)
(661, 214)
(661, 214)
(661, 214)
(661, 214)
(661, 214)
(661, 214)
(661, 214)
(661, 214)
(661, 214)
(662, 214)
(662, 214)
(662, 214)
(662, 214)
(662, 214)
(662, 214)
(662, 214)
(662, 214)
(662, 214)
(662, 214)
(663, 214)
(663, 214)
(663, 214)
(663, 215)
(663, 215)
(663, 215)
(663, 215)
(663, 215)
(663, 215)
(663, 215)
(664, 215)
(664, 215)
(664, 215)
(664, 215)
(664, 215)
(664, 215)
(664, 215)
(664, 215)
(664, 215)
(664, 215)
(665, 215)
(665, 215)
(665, 215)
(665, 215)
(665, 215)
(665, 215)
(665, 215)
(665, 215)
(665, 215)
(665, 215)
(665, 215)
(666, 215)
(666, 215)
(666, 215)
(666, 215)
(666, 215)
(666, 215)
(666, 215)
(666, 215)
(666, 215)
(666, 215)
(667, 215)
(667, 215)
(667, 215)
(667, 215)
(667, 215)
(667, 215)
(667, 215)
(667, 215)
(667, 215)
(667, 215)
(668, 215)
(668, 215)
(668, 215)
(668, 215)
(668, 215)
(668, 216)
(668, 216)
(668, 216)
(668, 216)
(668, 216)
(669, 216)
(669, 216)
(669, 216)
(669, 216)
(669, 216)
(669, 216)
(669, 216)
(669, 216)
(669, 216)
(669, 216)
(670, 216)
(670, 216)
(670, 216)
(670, 216)
(670, 216)
(670, 216)
(670, 216)
(670, 216)
(670, 216)
(670, 216)
(671, 216)
(671, 216)
(671, 216)
(671, 216)
(671, 216)
(671, 216)
(671, 216)
(671, 216)
(671, 216)
(671, 216)
(671, 216)
(672, 216)
(672, 216)
(672, 216)
(672, 216)
(672, 216)
(672, 216)
(672, 216)
(672, 216)
(672, 216)
(672, 216)
(673, 216)
(673, 216)
(673, 216)
(673, 216)
(673, 216)
(673, 216)
(673, 216)
(673, 216)
(673, 216)
(673, 216)
(674, 216)
(674, 216)
(674, 216)
(674, 217)
(674, 217)
(674, 217)
(674, 217)
(674, 217)
(674, 217)
(674, 217)
(675, 217)
(675, 217)
(675, 217)
(675, 217)
(675, 217)
(675, 217)
(675, 217)
(675, 217)
(675, 217)
(675, 217)
(676, 217)
(676, 217)
(676, 217)
(676, 217)
(676, 217)
(676, 217)
(676, 217)
(676, 217)
(676, 217)
(676, 217)
(677, 217)
(677, 217)
(677, 217)
(677, 217)
(677, 217)
(677, 217)
(677, 217)
(677, 217)
(677, 217)
(677, 217)
(678, 217)
(678, 217)
(678, 217)
(678, 217)
(678, 217)
(678, 217)
(678, 217)
(678, 217)
(678, 217)
(678, 217)
(678, 217)
(679, 217)
(679, 217)
(679, 217)
(679, 217)
(679, 217)
(679, 217)
(679, 217)
(679, 217)
(679, 217)
(679, 217)
(680, 217)
(680, 217)
(680, 217)
(680, 217)
(680, 217)
(680, 217)
(680, 218)
(680, 218)
(680, 218)
(680, 218)
(681, 218)
(681, 218)
(681, 218)
(681, 218)
(681, 218)
(681, 218)
(681, 218)
(681, 218)
(681, 218)
(681, 218)
(682, 218)
(682, 218)
(682, 218)
(682, 218)
(682, 218)
(682, 218)
(682, 218)
(682, 218)
(682, 218)
(682, 218)
(683, 218)
(683, 218)
(683, 218)
(683, 218)
(683, 218)
(683, 218)
(683, 218)
(683, 218)
(683, 218)
(683, 218)
(684, 218)
(684, 218)
(684, 218)
(684, 218)
(684, 218)
(684, 218)
(684, 218)
(684, 218)
(684, 218)
(684, 218)
(685, 218)
(685, 218)
(685, 218)
(685, 218)
(685, 218)
(685, 218)
(685, 218)
(685, 218)
(685, 218)
(685, 218)
(686, 218)
(686, 218)
(686, 218)
(686, 218)
(686, 218)
(686, 218)
(686, 218)
(686, 218)
(686, 218)
(686, 218)
(687, 218)
(687, 218)
(687, 218)
(687, 218)
(687, 218)
(687, 218)
(687, 218)
(687, 218)
(687, 218)
(687, 219)
(688, 219)
(688, 219)
(688, 219)
(688, 219)
(688, 219)
(688, 219)
(688, 219)
(688, 219)
(688, 219)
(688, 219)
(689, 219)
(689, 219)
(689, 219)
(689, 219)
(689, 219)
(689, 219)
(689, 219)
(689, 219)
(689, 219)
(689, 219)
(689, 219)
(690, 219)
(690, 219)
(690, 219)
(690, 219)
(690, 219)
(690, 219)
(690, 219)
(690, 219)
(690, 219)
(690, 219)
(691, 219)
(691, 219)
(691, 219)
(691, 219)
(691, 219)
(691, 219)
(691, 219)
(691, 219)
(691, 219)
(691, 219)
(692, 219)
(692, 219)
(692, 219)
(692, 219)
(692, 219)
(692, 219)
(692, 219)
(692, 219)
(692, 219)
(692, 219)
(693, 219)
(693, 219)
(693, 219)
(693, 219)
(693, 219)
(693, 219)
(693, 219)
(693, 219)
(693, 219)
(693, 219)
(694, 219)
(694, 219)
(694, 219)
(694, 219)
(694, 219)
(694, 219)
(694, 219)
(694, 219)
(694, 219)
(694, 219)
(695, 219)
(695, 219)
(695, 219)
(695, 219)
(695, 219)
(695, 219)
(695, 219)
(695, 219)
(695, 219)
(695, 219)
(696, 219)
(696, 219)
(696, 219)
(696, 219)
(696, 219)
(696, 220)
(696, 220)
(696, 220)
(696, 220)
(696, 220)
(697, 220)
(697, 220)
(697, 220)
(697, 220)
(697, 220)
(697, 220)
(697, 220)
(697, 220)
(697, 220)
(697, 220)
(698, 220)
(698, 220)
(698, 220)
(698, 220)
(698, 220)
(698, 220)
(698, 220)
(698, 220)
(698, 220)
(698, 220)
(699, 220)
(699, 220)
(699, 220)
(699, 220)
(699, 220)
(699, 220)
(699, 220)
(699, 220)
(699, 220)
(699, 220)
(700, 220)
(700, 220)
(700, 220)
(700, 220)
(700, 220)
(700, 220)
(700, 220)
(700, 220)
(700, 220)
(700, 220)
(701, 220)
(701, 220)
(701, 220)
(701, 220)
(701, 220)
(701, 220)
(701, 220)
(701, 220)
(701, 220)
(701, 220)
(702, 220)
(702, 220)
(702, 220)
(702, 220)
(702, 220)
(702, 220)
(702, 220)
(702, 220)
(702, 220)
(702, 220)
(703, 220)
(703, 220)
(703, 220)
(703, 220)
(703, 220)
(703, 220)
(703, 220)
(703, 220)
(703, 220)
(703, 220)
(704, 220)
(704, 220)
(704, 220)
(704, 220)
(704, 220)
(704, 220)
(704, 220)
(704, 220)
(704, 220)
(704, 220)
(705, 220)
(705, 220)
(705, 220)
(705, 220)
(705, 220)
(705, 220)
(705, 220)
(705, 220)
(705, 220)
(705, 220)
(706, 220)
(706, 220)
(706, 220)
(706, 220)
(706, 220)
(706, 220)
(706, 220)
(706, 220)
(706, 220)
(706, 220)
(707, 220)
(707, 220)
(707, 220)
(707, 220)
(707, 220)
(707, 220)
(707, 220)
(707, 220)
(707, 220)
(707, 220)
(708, 221)
(708, 221)
(708, 221)
(708, 221)
(708, 221)
(708, 221)
(708, 221)
(708, 221)
(708, 221)
(708, 221)
(709, 221)
(709, 221)
(709, 221)
(709, 221)
(709, 221)
(709, 221)
(709, 221)
(709, 221)
(709, 221)
(709, 221)
(710, 221)
(710, 221)
(710, 221)
(710, 221)
(710, 221)
(710, 221)
(710, 221)
(710, 221)
(710, 221)
(710, 221)
(711, 221)
(711, 221)
(711, 221)
(711, 221)
(711, 221)
(711, 221)
(711, 221)
(711, 221)
(711, 221)
(711, 221)
(712, 221)
(712, 221)
(712, 221)
(712, 221)
(712, 221)
(712, 221)
(712, 221)
(712, 221)
(712, 221)
(712, 221)
(712, 221)
(713, 221)
(713, 221)
(713, 221)
(713, 221)
(713, 221)
(713, 221)
(713, 221)
(713, 221)
(713, 221)
(713, 221)
(714, 221)
(714, 221)
(714, 221)
(714, 221)
(714, 221)
(714, 221)
(714, 221)
(714, 221)
(714, 221)
(714, 221)
(715, 221)
(715, 221)
(715, 221)
(715, 221)
(715, 221)
(715, 221)
(715, 221)
(715, 221)
(715, 221)
(715, 221)
(716, 221)
(716, 221)
(716, 221)
(716, 221)
(716, 221)
(716, 221)
(716, 221)
(716, 221)
(716, 221)
(716, 221)
(717, 221)
(717, 221)
(717, 221)
(717, 221)
(717, 221)
(717, 221)
(717, 221)
(717, 221)
(717, 221)
(717, 221)
(718, 221)
(718, 221)
(718, 221)
(718, 221)
(718, 221)
(718, 221)
(718, 221)
(718, 221)
(718, 221)
(718, 221)
(719, 221)
(719, 221)
(719, 221)
(719, 221)
(719, 221)
(719, 221)
(719, 221)
(719, 221)
(719, 221)
(719, 221)
(720, 221)
(720, 221)
(720, 221)
(720, 221)
(720, 221)
(720, 221)
(720, 221)
(720, 221)
(720, 221)
(720, 221)
(721, 221)
(721, 221)
(721, 221)
(721, 221)
(721, 221)
(721, 221)
(721, 221)
(721, 221)
(721, 221)
(721, 221)
(722, 221)
(722, 221)
(722, 221)
(722, 221)
(722, 221)
(722, 221)
(722, 221)
(722, 221)
(722, 221)
(722, 221)
(723, 221)
(723, 221)
(723, 221)
(723, 221)
(723, 221)
(723, 221)
(723, 221)
(723, 221)
(723, 221)
(723, 221)
(724, 221)
(724, 221)
(724, 221)
(724, 221)
(724, 221)
(724, 221)
(724, 221)
(724, 221)
(724, 221)
(724, 221)
(725, 221)
(725, 221)
(725, 221)
(725, 221)
(725, 221)
(725, 221)
(725, 221)
(725, 221)
(725, 221)
(725, 221)
(726, 221)
(726, 221)
(726, 221)
(726, 221)
(726, 221)
(726, 221)
(726, 221)
(726, 221)
(726, 221)
(726, 221)
(727, 221)
(727, 221)
(727, 221)
(727, 221)
(727, 221)
(727, 221)
(727, 221)
(727, 221)
(727, 221)
(727, 221)
(728, 221)
(728, 221)
(728, 221)
(728, 221)
(728, 221)
(728, 221)
(728, 221)
(728, 221)
(728, 221)
(728, 221)
(729, 221)
(729, 221)
(729, 221)
(729, 221)
(729, 221)
(729, 221)
(729, 221)
(729, 221)
(729, 221)
(729, 221)
(730, 221)
(730, 221)
(730, 221)
(730, 221)
(730, 221)
(730, 221)
(730, 221)
(730, 221)
(730, 221)
(730, 221)
(731, 221)
(731, 221)
(731, 221)
(731, 221)
(731, 221)
(731, 221)
(731, 221)
(731, 221)
(731, 221)
(731, 221)
(732, 221)
(732, 221)
(732, 221)
(732, 221)
(732, 221)
(732, 221)
(732, 221)
(732, 221)
(732, 221)
(732, 221)
(733, 221)
(733, 221)
(733, 221)
(733, 221)
(733, 221)
(733, 221)
(733, 221)
(733, 221)
(733, 221)
(733, 221)
(734, 221)
(734, 221)
(734, 221)
(734, 221)
(734, 221)
(734, 221)
(734, 221)
(734, 221)
(734, 221)
(734, 221)
(735, 221)
(735, 221)
(735, 221)
(735, 221)
(735, 221)
(735, 221)
(735, 221)
(735, 221)
(735, 221)
(735, 221)
(736, 221)
(736, 221)
(736, 221)
(736, 221)
(736, 221)
(736, 221)
(736, 221)
(736, 221)
(736, 221)
(736, 221)
(737, 221)
(737, 221)
(737, 221)
(737, 221)
(737, 221)
(737, 221)
(737, 221)
(737, 221)
(737, 221)
(737, 221)
(738, 221)
(738, 221)
(738, 221)
(738, 221)
(738, 221)
(738, 221)
(738, 221)
(738, 221)
(738, 221)
(738, 221)
(739, 221)
(739, 221)
(739, 221)
(739, 221)
(739, 221)
(739, 221)
(739, 221)
(739, 221)
(739, 221)
(739, 221)
(740, 221)
(740, 221)
(740, 221)
(740, 221)
(740, 221)
(740, 221)
(740, 221)
(740, 221)
(740, 221)
(740, 221)
(741, 221)
(741, 221)
(741, 221)
(741, 221)
(741, 221)
(741, 221)
(741, 221)
(741, 221)
(741, 221)
(741, 221)
(742, 221)
(742, 221)
(742, 221)
(742, 221)
(742, 221)
(742, 221)
(742, 221)
(742, 221)
(742, 221)
(742, 221)
(743, 221)
(743, 221)
(743, 221)
(743, 221)
(743, 221)
(743, 221)
(743, 221)
(743, 221)
(743, 221)
(743, 221)
(744, 221)
(744, 221)
(744, 221)
(744, 221)
(744, 221)
(744, 221)
(744, 221)
(744, 221)
(744, 221)
(744, 221)
(745, 221)
(745, 221)
(745, 221)
(745, 221)
(745, 221)
(745, 221)
(745, 221)
(745, 221)
(745, 221)
(745, 221)
(746, 221)
(746, 221)
(746, 221)
(746, 221)
(746, 221)
(746, 221)
(746, 221)
(746, 221)
(746, 221)
(746, 221)
(747, 221)
(747, 221)
(747, 221)
(747, 221)
(747, 221)
(747, 221)
(747, 221)
(747, 221)
(747, 221)
(747, 221)
(748, 221)
(748, 221)
(748, 221)
(748, 221)
(748, 221)
(748, 221)
(748, 221)
(748, 221)
(748, 221)
(748, 221)
(749, 221)
(749, 221)
(749, 221)
(749, 221)
(749, 221)
(749, 221)
(749, 221)
(749, 221)
(749, 221)
(749, 221)
(750, 221)
(750, 221)
(750, 221)
(750, 221)
(750, 221)
(750, 221)
(750, 221)
(750, 221)
(750, 221)
(750, 221)
(751, 221)
(751, 221)
(751, 221)
(751, 221)
(751, 221)
(751, 221)
(751, 221)
(751, 221)
(751, 221)
(751, 221)
(752, 221)
(752, 221)
(752, 221)
(752, 221)
(752, 221)
(752, 221)
(752, 221)
(752, 221)
(752, 221)
(752, 221)
(753, 221)
(753, 221)
(753, 221)
(753, 221)
(753, 221)
(753, 221)
(753, 221)
(753, 221)
(753, 221)
(753, 221)
(754, 221)
(754, 221)
(754, 221)
(754, 221)
(754, 221)
(754, 221)
(754, 221)
(754, 221)
(754, 221)
(754, 221)
(755, 221)
(755, 221)
(755, 221)
(755, 221)
(755, 221)
(755, 221)
(755, 221)
(755, 221)
(755, 221)
(755, 221)
(756, 221)
(756, 221)
(756, 221)
(756, 221)
(756, 221)
(756, 221)
(756, 221)
(756, 221)
(756, 221)
(756, 221)
(757, 221)
(757, 221)
(757, 221)
(757, 221)
(757, 221)
(757, 221)
(757, 221)
(757, 221)
(757, 221)
(757, 221)
(758, 221)
(758, 221)
(758, 221)
(758, 221)
(758, 221)
(758, 221)
(758, 221)
(758, 221)
(758, 221)
(758, 221)
(759, 221)
(759, 221)
(759, 221)
(759, 221)
(759, 220)
(759, 220)
(759, 220)
(759, 220)
(759, 220)
(759, 220)
(760, 220)
(760, 220)
(760, 220)
(760, 220)
(760, 220)
(760, 220)
(760, 220)
(760, 220)
(760, 220)
(760, 220)
(761, 220)
(761, 220)
(761, 220)
(761, 220)
(761, 220)
(761, 220)
(761, 220)
(761, 220)
(761, 220)
(761, 220)
(762, 220)
(762, 220)
(762, 220)
(762, 220)
(762, 220)
(762, 220)
(762, 220)
(762, 220)
(762, 220)
(762, 220)
(763, 220)
(763, 220)
(763, 220)
(763, 220)
(763, 220)
(763, 220)
(763, 220)
(763, 220)
(763, 220)
(763, 220)
(764, 220)
(764, 220)
(764, 220)
(764, 220)
(764, 220)
(764, 220)
(764, 220)
(764, 220)
(764, 220)
(764, 220)
(765, 220)
(765, 220)
(765, 220)
(765, 220)
(765, 220)
(765, 220)
(765, 220)
(765, 220)
(765, 220)
(765, 220)
(766, 220)
(766, 220)
(766, 220)
(766, 220)
(766, 220)
(766, 220)
(766, 220)
(766, 220)
(766, 220)
(766, 220)
(767, 220)
(767, 220)
(767, 220)
(767, 220)
(767, 220)
(767, 220)
(767, 220)
(767, 220)
(767, 220)
(767, 220)
(768, 220)
(768, 220)
(768, 220)
(768, 220)
(768, 220)
(768, 220)
(768, 220)
(768, 220)
(768, 220)
(768, 220)
(769, 220)
(769, 220)
(769, 220)
(769, 220)
(769, 220)
(769, 220)
(769, 220)
(769, 220)
(769, 220)
(769, 220)
(770, 220)
(770, 220)
(770, 220)
(770, 220)
(770, 220)
(770, 220)
(770, 220)
(770, 220)
(770, 220)
(770, 219)
(771, 219)
(771, 219)
(771, 219)
(771, 219)
(771, 219)
(771, 219)
(771, 219)
(771, 219)
(771, 219)
(771, 219)
(772, 219)
(772, 219)
(772, 219)
(772, 219)
(772, 219)
(772, 219)
(772, 219)
(772, 219)
(772, 219)
(772, 219)
(773, 219)
(773, 219)
(773, 219)
(773, 219)
(773, 219)
(773, 219)
(773, 219)
(773, 219)
(773, 219)
(773, 219)
(774, 219)
(774, 219)
(774, 219)
(774, 219)
(774, 219)
(774, 219)
(774, 219)
(774, 219)
(774, 219)
(774, 219)
(774, 219)
(775, 219)
(775, 219)
(775, 219)
(775, 219)
(775, 219)
(775, 219)
(775, 219)
(775, 219)
(775, 219)
(775, 219)
(776, 219)
(776, 219)
(776, 219)
(776, 219)
(776, 219)
(776, 219)
(776, 219)
(776, 219)
(776, 219)
(776, 219)
(777, 219)
(777, 219)
(777, 219)
(777, 219)
(777, 219)
(777, 219)
(777, 219)
(777, 219)
(777, 219)
(777, 219)
(778, 219)
(778, 219)
(778, 219)
(778, 219)
(778, 219)
(778, 219)
(778, 219)
(778, 219)
(778, 219)
(778, 219)
(779, 219)
(779, 219)
(779, 219)
(779, 219)
(779, 219)
(779, 218)
(779, 218)
(779, 218)
(779, 218)
(779, 218)
(780, 218)
(780, 218)
(780, 218)
(780, 218)
(780, 218)
(780, 218)
(780, 218)
(780, 218)
(780, 218)
(780, 218)
(781, 218)
(781, 218)
(781, 218)
(781, 218)
(781, 218)
(781, 218)
(781, 218)
(781, 218)
(781, 218)
(781, 218)
(782, 218)
(782, 218)
(782, 218)
(782, 218)
(782, 218)
(782, 218)
(782, 218)
(782, 218)
(782, 218)
(782, 218)
(783, 218)
(783, 218)
(783, 218)
(783, 218)
(783, 218)
(783, 218)
(783, 218)
(783, 218)
(783, 218)
(783, 218)
(784, 218)
(784, 218)
(784, 218)
(784, 218)
(784, 218)
(784, 218)
(784, 218)
(784, 218)
(784, 218)
(784, 218)
(785, 218)
(785, 218)
(785, 218)
(785, 218)
(785, 218)
(785, 218)
(785, 218)
(785, 218)
(785, 218)
(785, 218)
(786, 218)
(786, 218)
(786, 218)
(786, 218)
(786, 218)
(786, 218)
(786, 218)
(786, 218)
(786, 218)
(786, 217)
(786, 217)
(787, 217)
(787, 217)
(787, 217)
(787, 217)
(787, 217)
(787, 217)
(787, 217)
(787, 217)
(787, 217)
(787, 217)
(788, 217)
(788, 217)
(788, 217)
(788, 217)
(788, 217)
(788, 217)
(788, 217)
(788, 217)
(788, 217)
(788, 217)
(789, 217)
(789, 217)
(789, 217)
(789, 217)
(789, 217)
(789, 217)
(789, 217)
(789, 217)
(789, 217)
(789, 217)
(790, 217)
(790, 217)
(790, 217)
(790, 217)
(790, 217)
(790, 217)
(790, 217)
(790, 217)
(790, 217)
(790, 217)
(791, 217)
(791, 217)
(791, 217)
(791, 217)
(791, 217)
(791, 217)
(791, 217)
(791, 217)
(791, 217)
(791, 217)
(792, 217)
(792, 217)
(792, 217)
(792, 217)
(792, 217)
(792, 217)
(792, 217)
(792, 217)
(792, 217)
(792, 217)
(793, 217)
(793, 217)
(793, 216)
(793, 216)
(793, 216)
(793, 216)
(793, 216)
(793, 216)
(793, 216)
(793, 216)
(794, 216)
(794, 216)
(794, 216)
(794, 216)
(794, 216)
(794, 216)
(794, 216)
(794, 216)
(794, 216)
(794, 216)
(794, 216)
(795, 216)
(795, 216)
(795, 216)
(795, 216)
(795, 216)
(795, 216)
(795, 216)
(795, 216)
(795, 216)
(795, 216)
(796, 216)
(796, 216)
(796, 216)
(796, 216)
(796, 216)
(796, 216)
(796, 216)
(796, 216)
(796, 216)
(796, 216)
(797, 216)
(797, 216)
(797, 216)
(797, 216)
(797, 216)
(797, 216)
(797, 216)
(797, 216)
(797, 216)
(797, 216)
(798, 216)
(798, 216)
(798, 216)
(798, 216)
(798, 216)
(798, 216)
(798, 216)
(798, 216)
(798, 216)
(798, 215)
(799, 215)
(799, 215)
(799, 215)
(799, 215)
(799, 215)
(799, 215)
(799, 215)
(799, 215)
(799, 215)
(799, 215)
