{"pre_planning": "{\"result_type\": 0, \"path\": [], \"timeout\": false, \"planner_name\": \"-\", \"total_exec_time_ms\": 0, \"local_start\": \"None\", \"local_goal\": \"None\", \"goal_direction\": 0, \"ego_location\": \"-65.58950805664062|0.001125363283790648|0.02854112535715103|0.0016917751636356115\", \"map_goal\": \"-29.611574172973633|0.3|0|-0.5670166015625\", \"map_next_goal\": \"0.5285676717758179|0.4524883061647415|0|-0.5581969618797302\"}", "planning": "{\"result_type\": 1, \"path\": [\"(128, 126, 0)\", \"(128, 124, 0)\", \"(128, 122, 0)\", \"(128, 120, 0)\", \"(128, 118, 0)\", \"(128, 116, 0)\", \"(128, 115, 0)\", \"(128, 113, 0)\", \"(128, 111, 0)\", \"(128, 109, 0)\", \"(128, 107, 0)\", \"(128, 105, 0)\", \"(128, 103, 0)\", \"(128, 102, 0)\", \"(128, 100, 0)\", \"(128, 98, 0)\", \"(128, 96, 0)\", \"(128, 94, 0)\", \"(128, 92, 0)\", \"(128, 91, 0)\", \"(128, 89, 0)\", \"(128, 87, 0)\", \"(128, 85, 0)\", \"(128, 83, 0)\", \"(128, 81, 0)\", \"(128, 79, 0)\", \"(128, 78, 0)\", \"(128, 76, 0)\", \"(128, 74, 0)\", \"(128, 72, 0)\", \"(128, 70, 0)\", \"(128, 68, 0)\", \"(128, 67, 0)\", \"(128, 65, 0)\", \"(128, 63, 0)\", \"(128, 61, 0)\", \"(128, 59, 0)\", \"(128, 57, 0)\", \"(128, 55, 0)\", \"(128, 54, 0)\", \"(128, 52, 0)\", \"(128, 50, 0)\", \"(128, 48, 0)\", \"(128, 46, 0)\", \"(128, 44, 0)\", \"(128, 43, 0)\", \"(128, 41, 0)\", \"(128, 39, 0)\", \"(128, 37, 0)\", \"(128, 35, 0)\", \"(128, 33, 0)\", \"(128, 31, 0)\", \"(128, 30, 0)\", \"(128, 28, 0)\", \"(128, 26, 0)\", \"(128, 24, 0)\", \"(128, 22, 0)\", \"(128, 20, 0)\", \"(128, 18, 0)\", \"(128, 17, 0)\", \"(128, 15, 0)\", \"(128, 13, 0)\", \"(128, 11, 0)\", \"(128, 9, 0)\", \"(128, 7, 0)\", \"(128, 6, 0)\", \"(128, 4, 0)\", \"(128, 2, 0)\", \"(128, 0, 0)\"], \"timeout\": false, \"planner_name\": \"Hybrid A*\", \"total_exec_time_ms\": 14.554738998413086, \"local_start\": \"(128, 107, 0)\", \"local_goal\": \"(130, 0, 0.4696270196896407)\", \"goal_direction\": 9, \"ego_location\": \"-65.58950805664062|0.001125363283790648|0.02854112535715103|0.0016917751636356115\", \"map_goal\": \"-29.611574172973633|0.3|0|-0.5670166015625\", \"map_next_goal\": \"0.5285676717758179|0.4524883061647415|0|-0.5581969618797302\"}", "collision_report": ""}
