{"pre_planning": "{\"result_type\": 0, \"path\": [], \"timeout\": false, \"planner_name\": \"-\", \"total_exec_time_ms\": 0, \"local_start\": \"None\", \"local_goal\": \"None\", \"goal_direction\": 0, \"ego_location\": \"-15.247983932495117|-1.0749397277832031|0.0284479521214962|13.139248847961426\", \"map_goal\": \"0.5285676717758179|0.4524883061647415|0|-0.5581969618797302\", \"map_next_goal\": \"10.564472198486328|0.4549951829016209|0|-0.558319091796875\"}", "planning": "{\"result_type\": 1, \"path\": [\"(128, 107, -0.5235987305641174)\", \"(127, 106, 0.0)\", \"(127, 105, 0.0)\", \"(127, 104, 0.0)\", \"(127, 103, 0.0)\", \"(127, 102, -0.10725017637014389)\", \"(127, 101, -0.26179933547973633)\", \"(127, 100, -0.5235987305641174)\", \"(126, 99, 0.0)\", \"(126, 98, 0.0)\", \"(126, 97, 0.0)\", \"(126, 96, 0.0)\", \"(126, 95, 0.0)\", \"(126, 94, -0.10725017637014389)\", \"(126, 93, -0.26179933547973633)\", \"(126, 92, -0.5235987305641174)\", \"(125, 91, 0.0)\", \"(125, 90, 0.0)\", \"(125, 89, 0.0)\", \"(125, 88, 0.0)\", \"(125, 87, -0.10725017637014389)\", \"(125, 86, -0.26179933547973633)\", \"(125, 85, -0.5235987305641174)\", \"(124, 84, 0.0)\", \"(124, 83, 0.0)\", \"(124, 82, 0.0)\", \"(124, 81, 0.0)\", \"(124, 80, -0.10725017637014389)\", \"(124, 79, -0.26179933547973633)\", \"(124, 78, -0.5235987305641174)\", \"(123, 77, 0.0)\", \"(123, 76, 0.0)\", \"(123, 75, 0.0)\", \"(123, 74, -0.10725017637014389)\", \"(123, 73, -0.26179933547973633)\", \"(123, 72, -0.5235987305641174)\", \"(122, 71, 0.0)\", \"(122, 70, 0.0)\", \"(122, 69, 0.0)\", \"(122, 68, -0.10725017637014389)\", \"(122, 67, -0.26179933547973633)\", \"(122, 66, -0.5235987305641174)\", \"(121, 65, 0.0)\", \"(121, 64, 0.0)\", \"(121, 63, 0.0)\", \"(121, 62, 0.0)\", \"(121, 61, -0.10725017637014389)\", \"(121, 60, -0.26179933547973633)\", \"(121, 59, -0.5235987305641174)\", \"(120, 58, 0.0)\", \"(120, 57, 0.0)\", \"(120, 56, -0.10725017637014389)\", \"(120, 55, -0.26179933547973633)\", \"(120, 54, -0.5235987305641174)\", \"(119, 53, 0.0)\", \"(119, 52, 0.0)\", \"(119, 51, 0.0)\", \"(119, 50, -0.10725017637014389)\", \"(119, 49, -0.26179933547973633)\", \"(119, 48, -0.5235987305641174)\", \"(118, 47, 0.0)\", \"(118, 46, 0.0)\", \"(118, 45, 0.0)\", \"(118, 44, -0.10725017637014389)\", \"(118, 43, -0.26179933547973633)\", \"(118, 42, -0.5235987305641174)\", \"(117, 41, 0.0)\", \"(117, 40, 0.0)\", \"(117, 39, -0.10725017637014389)\", \"(117, 38, -0.26179933547973633)\", \"(117, 37, -0.5235987305641174)\", \"(116, 36, 0.0)\", \"(116, 35, 0.0)\", \"(116, 34, -0.10725017637014389)\", \"(116, 33, -0.26179933547973633)\", \"(116, 32, -0.5235987305641174)\", \"(115, 31, 0.0)\", \"(115, 30, 0.0)\", \"(115, 29, 0.0)\", \"(115, 28, -0.10725017637014389)\", \"(115, 27, -0.26179933547973633)\", \"(115, 26, -0.5235987305641174)\", \"(114, 25, 0.0)\", \"(114, 24, 0.0)\", \"(114, 23, -0.10725017637014389)\", \"(114, 22, -0.26179933547973633)\", \"(114, 21, -0.5235987305641174)\", \"(113, 20, 0.0)\", \"(113, 19, 0.0)\", \"(113, 18, -0.10725017637014389)\", \"(113, 17, -0.26179933547973633)\", \"(113, 16, -0.5235987305641174)\", \"(112, 15, 0.0)\", \"(112, 14, -0.26179933547973633)\", \"(112, 13, -0.10725017637014389)\", \"(112, 12, 0.0)\"], \"timeout\": false, \"planner_name\": \"interpolator\", \"total_exec_time_ms\": 6.211042404174805, \"local_start\": \"(128, 107, 0)\", \"local_goal\": \"(112, 11, -13.46520809481171)\", \"goal_direction\": 10, \"ego_location\": \"-15.247983932495117|-1.0749397277832031|0.0284479521214962|13.139248847961426\", \"map_goal\": \"0.5285676717758179|0.4524883061647415|0|-0.5581969618797302\", \"map_next_goal\": \"10.564472198486328|0.4549951829016209|0|-0.558319091796875\"}", "collision_report": ""}
