{"pre_planning": "{\"result_type\": 0, \"path\": [], \"timeout\": false, \"planner_name\": \"-\", \"total_exec_time_ms\": 0, \"local_start\": \"None\", \"local_goal\": \"None\", \"goal_direction\": 0, \"ego_location\": \"21.41097640991211|-6.372843265533447|0.028464317321777344|7.750381946563721\", \"map_goal\": \"40.688690185546875|-0.07684602588415146|0|0.14715316891670227\", \"map_next_goal\": \"50.688690185546875|-0.07684602588415146|0|0.14715316891670227\"}", "planning": "{\"result_type\": 1, \"path\": [\"(129, 124, 0)\", \"(130, 121, 0)\", \"(132, 117, 0)\", \"(133, 114, 0)\", \"(135, 111, 0)\", \"(136, 107, 0)\", \"(137, 104, 0)\", \"(138, 100, 0)\", \"(139, 97, 0)\", \"(140, 93, 0)\", \"(141, 90, 0)\", \"(142, 86, 0)\", \"(143, 83, 0)\", \"(144, 79, 0)\", \"(145, 75, 0)\", \"(147, 72, 0)\", \"(148, 68, 0)\", \"(149, 65, 0)\", \"(150, 61, 0)\", \"(151, 58, 0)\", \"(152, 54, 0)\", \"(153, 51, 0)\", \"(154, 47, 0)\", \"(155, 44, 0)\", \"(156, 40, 0)\", \"(157, 37, 0)\", \"(158, 33, 0)\", \"(159, 30, 0)\", \"(161, 26, 0)\", \"(161, 22, 0)\", \"(160, 19, 0)\", \"(160, 15, 0)\", \"(159, 11, 0)\", \"(158, 8, 0)\", \"(156, 4, 0)\", \"(155, 1, 0)\"], \"timeout\": false, \"planner_name\": \"Hybrid A*\", \"total_exec_time_ms\": 269.7267532348633, \"local_start\": \"(128, 107, 0)\", \"local_goal\": \"(154, 0, -7.800187884181708)\", \"goal_direction\": 10, \"ego_location\": \"21.41097640991211|-6.372843265533447|0.028464317321777344|7.750381946563721\", \"map_goal\": \"40.688690185546875|-0.07684602588415146|0|0.14715316891670227\", \"map_next_goal\": \"50.688690185546875|-0.07684602588415146|0|0.14715316891670227\"}", "collision_report": ""}
