{"pre_planning": "{\"result_type\": 0, \"path\": [], \"timeout\": false, \"planner_name\": \"-\", \"total_exec_time_ms\": 0, \"local_start\": \"None\", \"local_goal\": \"None\", \"goal_direction\": 0, \"ego_location\": \"-49.71664047241211|0.3035207986831665|0.04429107531905174|2.984212875366211\", \"map_goal\": \"-39.657249450683594|0.3|0|-0.6009825468063354\", \"map_next_goal\": \"-29.611574172973633|0.3|0|-0.5670166015625\"}", "planning": "{\"result_type\": 5, \"path\": [], \"timeout\": 0, \"planner_name\": \"-\", \"total_exec_time_ms\": 0, \"local_start\": \"(128, 107, 0)\", \"local_goal\": \"(124, 53, -3.136358368332592)\", \"goal_direction\": 10, \"ego_location\": \"-49.71664047241211|0.3035207986831665|0.04429107531905174|2.984212875366211\", \"map_goal\": \"-39.657249450683594|0.3|0|-0.6009825468063354\", \"map_next_goal\": \"-29.611574172973633|0.3|0|-0.5670166015625\"}", "collision_report": ""}
