{"pre_planning": "{\"result_type\": 0, \"path\": [], \"timeout\": false, \"planner_name\": \"-\", \"total_exec_time_ms\": 0, \"local_start\": \"None\", \"local_goal\": \"None\", \"goal_direction\": 0, \"ego_location\": \"-82.37981414794922|-2.530587911605835|0.028531646355986595|4.45688533782959\", \"map_goal\": \"-59.809959411621094|0.3|0|-0.555572509765625\", \"map_next_goal\": \"-49.68109130859375|0.3|0|-0.5505065321922302\"}", "planning": "{\"result_type\": 1, \"path\": [\"(128, 107, 0.0)\", \"(128, 106, 0.0)\", \"(128, 105, 0.0)\", \"(128, 104, 0.0)\", \"(128, 103, 0.0)\", \"(128, 102, 0.0)\", \"(128, 101, 0.10725017637014389)\", \"(128, 100, 0.2617993652820587)\", \"(128, 99, 0.5235987901687622)\", \"(129, 98, 0.0)\", \"(129, 97, 0.0)\", \"(129, 96, 0.0)\", \"(129, 95, 0.0)\", \"(129, 94, 0.0)\", \"(129, 93, 0.0)\", \"(129, 92, 0.0)\", \"(129, 91, 0.10725017637014389)\", \"(129, 90, 0.2617993652820587)\", \"(129, 89, 0.5235987901687622)\", \"(130, 88, 0.0)\", \"(130, 87, 0.0)\", \"(130, 86, 0.0)\", \"(130, 85, 0.0)\", \"(130, 84, 0.0)\", \"(130, 83, 0.0)\", \"(130, 82, 0.0)\", \"(130, 81, 0.10725017637014389)\", \"(130, 80, 0.2617993652820587)\", \"(130, 79, 0.5235987901687622)\", \"(131, 78, 0.0)\", \"(131, 77, 0.0)\", \"(131, 76, 0.0)\", \"(131, 75, 0.0)\", \"(131, 74, 0.0)\", \"(131, 73, 0.0)\", \"(131, 72, 0.0)\", \"(131, 71, 0.0)\", \"(131, 70, 0.0)\", \"(131, 69, 0.10725017637014389)\", \"(131, 68, 0.2617993652820587)\", \"(131, 67, 0.5235987901687622)\", \"(132, 66, 0.0)\", \"(132, 65, 0.0)\", \"(132, 64, 0.0)\", \"(132, 63, 0.0)\", \"(132, 62, 0.0)\", \"(132, 61, 0.0)\", \"(132, 60, 0.0)\", \"(132, 59, 0.0)\", \"(132, 58, 0.0)\", \"(132, 57, 0.0)\", \"(132, 56, 0.0)\", \"(132, 55, 0.10725017637014389)\", \"(132, 54, 0.2617993652820587)\", \"(132, 53, 0.5235987901687622)\", \"(133, 52, 0.0)\", \"(133, 51, 0.0)\", \"(133, 50, 0.0)\", \"(133, 49, 0.0)\", \"(133, 48, 0.0)\", \"(133, 47, 0.0)\", \"(133, 46, 0.0)\", \"(133, 45, 0.0)\", \"(133, 44, 0.0)\", \"(133, 43, 0.0)\", \"(133, 42, 0.0)\", \"(133, 41, 0.0)\", \"(133, 40, 0.0)\", \"(133, 39, 0.0)\", \"(133, 38, 0.0)\", \"(133, 37, 0.10725017637014389)\", \"(133, 36, 0.2617993652820587)\", \"(133, 35, 0.5235987901687622)\", \"(134, 34, 0.0)\", \"(134, 33, 0.0)\", \"(134, 32, 0.0)\", \"(134, 31, 0.0)\", \"(134, 30, 0.0)\", \"(134, 29, 0.0)\", \"(134, 28, 0.0)\", \"(134, 27, 0.0)\", \"(134, 26, 0.0)\", \"(134, 25, 0.0)\", \"(134, 24, 0.0)\", \"(134, 23, 0.0)\", \"(134, 22, 0.0)\", \"(134, 21, 0.0)\", \"(134, 20, 0.0)\", \"(134, 19, 0.0)\", \"(134, 18, 0.0)\", \"(134, 17, 0.0)\", \"(134, 16, 0.0)\", \"(134, 15, 0.0)\", \"(134, 14, 0.0)\", \"(134, 13, 0.0)\", \"(134, 12, 0.0)\", \"(134, 11, 0.0)\", \"(134, 10, 0.0)\", \"(134, 9, 0.0)\", \"(134, 8, 0.0)\", \"(134, 7, 0.0)\", \"(134, 6, 0.0)\", \"(134, 5, 0.0)\", \"(134, 4, 0.0)\", \"(134, 3, 0.0)\", \"(134, 2, 0.0)\", \"(134, 1, 0.0)\"], \"timeout\": false, \"planner_name\": \"interpolator\", \"total_exec_time_ms\": 4.765987396240234, \"local_start\": \"(128, 107, 0)\", \"local_goal\": \"(135, 0, -3.814074834290364)\", \"goal_direction\": 10, \"ego_location\": \"-82.37981414794922|-2.530587911605835|0.028531646355986595|4.45688533782959\", \"map_goal\": \"-59.809959411621094|0.3|0|-0.555572509765625\", \"map_next_goal\": \"-49.68109130859375|0.3|0|-0.5505065321922302\"}", "collision_report": ""}
