{"pre_planning": "{\"result_type\": 0, \"path\": [], \"timeout\": false, \"planner_name\": \"-\", \"total_exec_time_ms\": 0, \"local_start\": \"None\", \"local_goal\": \"None\", \"goal_direction\": 0, \"ego_location\": \"-49.69065856933594|0.3054744601249695|0.044381141662597656|3.0107734203338623\", \"map_goal\": \"-29.611574172973633|0.3|0|-0.5670166015625\", \"map_next_goal\": \"-19.58110809326172|0.3|0|-0.5422667860984802\"}", "planning": "{\"result_type\": 1, \"path\": [\"(128, 107, -0.5235987305641174)\", \"(127, 106, 0.0)\", \"(127, 105, 0.0)\", \"(127, 104, 0.0)\", \"(127, 103, 0.0)\", \"(127, 102, 0.0)\", \"(127, 101, 0.0)\", \"(127, 100, 0.0)\", \"(127, 99, 0.0)\", \"(127, 98, -0.10725017637014389)\", \"(127, 97, -0.26179933547973633)\", \"(127, 96, -0.5235987305641174)\", \"(126, 95, 0.0)\", \"(126, 94, 0.0)\", \"(126, 93, 0.0)\", \"(126, 92, 0.0)\", \"(126, 91, 0.0)\", \"(126, 90, 0.0)\", \"(126, 89, 0.0)\", \"(126, 88, 0.0)\", \"(126, 87, -0.10725017637014389)\", \"(126, 86, -0.26179933547973633)\", \"(126, 85, -0.5235987305641174)\", \"(125, 84, 0.0)\", \"(125, 83, 0.0)\", \"(125, 82, 0.0)\", \"(125, 81, 0.0)\", \"(125, 80, 0.0)\", \"(125, 79, 0.0)\", \"(125, 78, 0.0)\", \"(125, 77, 0.0)\", \"(125, 76, 0.0)\", \"(125, 75, -0.10725017637014389)\", \"(125, 74, -0.26179933547973633)\", \"(125, 73, -0.5235987305641174)\", \"(124, 72, 0.0)\", \"(124, 71, 0.0)\", \"(124, 70, 0.0)\", \"(124, 69, 0.0)\", \"(124, 68, 0.0)\", \"(124, 67, 0.0)\", \"(124, 66, 0.0)\", \"(124, 65, 0.0)\", \"(124, 64, 0.0)\", \"(124, 63, 0.0)\", \"(124, 62, -0.10725017637014389)\", \"(124, 61, -0.26179933547973633)\", \"(124, 60, -0.5235987305641174)\", \"(123, 59, 0.0)\", \"(123, 58, 0.0)\", \"(123, 57, 0.0)\", \"(123, 56, 0.0)\", \"(123, 55, 0.0)\", \"(123, 54, 0.0)\", \"(123, 53, 0.0)\", \"(123, 52, 0.0)\", \"(123, 51, 0.0)\", \"(123, 50, 0.0)\", \"(123, 49, -0.10725017637014389)\", \"(123, 48, -0.26179933547973633)\", \"(123, 47, -0.5235987305641174)\", \"(122, 46, 0.0)\", \"(122, 45, 0.0)\", \"(122, 44, 0.0)\", \"(122, 43, 0.0)\", \"(122, 42, 0.0)\", \"(122, 41, 0.0)\", \"(122, 40, 0.0)\", \"(122, 39, 0.0)\", \"(122, 38, 0.0)\", \"(122, 37, 0.0)\", \"(122, 36, 0.0)\", \"(122, 35, 0.0)\", \"(122, 34, -0.10725017637014389)\", \"(122, 33, -0.26179933547973633)\", \"(122, 32, -0.5235987305641174)\", \"(121, 31, 0.0)\", \"(121, 30, 0.0)\", \"(121, 29, 0.0)\", \"(121, 28, 0.0)\", \"(121, 27, 0.0)\", \"(121, 26, 0.0)\", \"(121, 25, 0.0)\", \"(121, 24, 0.0)\", \"(121, 23, 0.0)\", \"(121, 22, 0.0)\", \"(121, 21, 0.0)\", \"(121, 20, 0.0)\", \"(121, 19, -0.10725017637014389)\", \"(121, 18, -0.26179933547973633)\", \"(121, 17, -0.5235987305641174)\", \"(120, 16, 0.0)\", \"(120, 15, 0.0)\", \"(120, 14, 0.0)\", \"(120, 13, 0.0)\", \"(120, 12, 0.0)\", \"(120, 11, 0.0)\", \"(120, 10, 0.0)\", \"(120, 9, 0.0)\", \"(120, 8, 0.0)\", \"(120, 7, 0.0)\", \"(120, 6, 0.0)\", \"(120, 5, 0.0)\", \"(120, 4, 0.0)\", \"(120, 3, 0.0)\", \"(120, 2, 0.0)\", \"(120, 1, 0.0)\"], \"timeout\": false, \"planner_name\": \"interpolator\", \"total_exec_time_ms\": 39.09802436828613, \"local_start\": \"(128, 107, 0)\", \"local_goal\": \"(120, 0, -3.094058058917118)\", \"goal_direction\": 10, \"ego_location\": \"-49.69065856933594|0.3054744601249695|0.044381141662597656|3.0107734203338623\", \"map_goal\": \"-29.611574172973633|0.3|0|-0.5670166015625\", \"map_next_goal\": \"-19.58110809326172|0.3|0|-0.5422667860984802\"}", "collision_report": ""}
