{"pre_planning": "{\"result_type\": 0, \"path\": [], \"timeout\": false, \"planner_name\": \"-\", \"total_exec_time_ms\": 0, \"local_start\": \"None\", \"local_goal\": \"None\", \"goal_direction\": 0, \"ego_location\": \"21.386234283447266|-6.373962879180908|0.02845592424273491|7.855072498321533\", \"map_goal\": \"30.688690185546875|-0.07684602588415146|0|0.14715316891670227\", \"map_next_goal\": \"40.688690185546875|-0.07684602588415146|0|0.14715316891670227\"}", "planning": "{\"result_type\": 5, \"path\": [], \"timeout\": 0, \"planner_name\": \"-\", \"total_exec_time_ms\": 0, \"local_start\": \"(128, 107, 0)\", \"local_goal\": \"(164, 53, -7.907162702958464)\", \"goal_direction\": 10, \"ego_location\": \"21.386234283447266|-6.373962879180908|0.02845592424273491|7.855072498321533\", \"map_goal\": \"30.688690185546875|-0.07684602588415146|0|0.14715316891670227\", \"map_next_goal\": \"40.688690185546875|-0.07684602588415146|0|0.14715316891670227\"}", "collision_report": ""}
