{"pre_planning": "{\"result_type\": 0, \"path\": [], \"timeout\": false, \"planner_name\": \"-\", \"total_exec_time_ms\": 0, \"local_start\": \"None\", \"local_goal\": \"None\", \"goal_direction\": 0, \"ego_location\": \"0.515649139881134|0.24892555177211761|0.015594176948070526|2.6418097019195557\", \"map_goal\": \"20.591285705566406|-0.4232592135667801|0|-0.549591064453125\", \"map_next_goal\": \"30.688690185546875|-0.07684602588415146|0|0.14715316891670227\"}", "planning": "{\"result_type\": 1, \"path\": [\"(128, 107, -0.17816074192523956)\", \"(127, 103, -0.12311121076345444)\", \"(127, 99, -0.3084999620914459)\", \"(126, 95, -0.41634857654571533)\", \"(124, 91, -0.39676332473754883)\", \"(123, 87, -0.6311556100845337)\", \"(121, 84, -0.6721245646476746)\", \"(118, 81, -0.5311731696128845)\", \"(116, 77, -0.6311556100845337)\", \"(114, 74, -0.6721245646476746)\", \"(111, 71, -0.5077376961708069)\", \"(109, 67, -0.6123494505882263)\", \"(107, 64, -0.6311556100845337)\", \"(105, 61, -0.6721245646476746)\", \"(102, 58, -0.5077376961708069)\", \"(100, 54, -0.5955770611763)\", \"(98, 51, -0.6063259840011597)\", \"(96, 48, -0.6248255372047424)\", \"(93, 44, -0.6123494505882263)\", \"(91, 41, -0.6311556100845337)\", \"(89, 38, -0.6721245646476746)\", \"(86, 35, -0.5077376961708069)\", \"(84, 31, -0.5955770611763)\", \"(82, 28, -0.6063259840011597)\", \"(80, 25, -0.5876991152763367)\", \"(77, 21, -0.48551395535469055)\", \"(75, 18, -0.33288049697875977)\", \"(74, 14, -0.4197154939174652)\", \"(72, 11, -0.15333116054534912)\", \"(71, 7, -0.33288049697875977)\", \"(71, 3, -0.13020233809947968)\", \"(71, 0, -0.030219951644539833)\"], \"timeout\": false, \"planner_name\": \"overtaker\", \"total_exec_time_ms\": 53.82990837097168, \"local_start\": \"(128, 107, 0)\", \"local_goal\": \"(78, 0, -0.7638984609300017)\", \"goal_direction\": 10, \"ego_location\": \"0.515649139881134|0.24892555177211761|0.015594176948070526|2.6418097019195557\", \"map_goal\": \"20.591285705566406|-0.4232592135667801|0|-0.549591064453125\", \"map_next_goal\": \"30.688690185546875|-0.07684602588415146|0|0.14715316891670227\"}", "collision_report": ""}
