{"pre_planning": "{\"result_type\": 0, \"path\": [], \"timeout\": false, \"planner_name\": \"-\", \"total_exec_time_ms\": 0, \"local_start\": \"None\", \"local_goal\": \"None\", \"goal_direction\": 0, \"ego_location\": \"-31.83438491821289|0.4377133846282959|0.028505152091383934|-0.4104003608226776\", \"map_goal\": \"-9.545795440673828|0.4509453892707825|0|-0.5573425889015198\", \"map_next_goal\": \"0.5285676717758179|0.4524883061647415|0|-0.5581969618797302\"}", "planning": "{\"result_type\": 1, \"path\": [\"(127, 126, 0)\", \"(126, 124, 0)\", \"(126, 122, 0)\", \"(125, 121, 0)\", \"(124, 119, 0)\", \"(123, 117, 0)\", \"(122, 116, 0)\", \"(121, 114, 0)\", \"(120, 113, 0)\", \"(119, 111, 0)\", \"(118, 110, 0)\", \"(117, 108, 0)\", \"(116, 107, 0)\", \"(114, 106, 0)\", \"(113, 104, 0)\", \"(112, 103, 0)\", \"(110, 102, 0)\", \"(109, 101, 0)\", \"(107, 100, 0)\", \"(106, 99, 0)\", \"(105, 97, 0)\", \"(104, 95, 0)\", \"(103, 94, 0)\", \"(103, 92, 0)\", \"(102, 90, 0)\", \"(102, 88, 0)\", \"(101, 87, 0)\", \"(101, 85, 0)\", \"(101, 83, 0)\", \"(101, 81, 0)\", \"(100, 79, 0)\", \"(100, 77, 0)\", \"(100, 76, 0)\", \"(101, 74, 0)\", \"(101, 72, 0)\", \"(101, 70, 0)\", \"(101, 68, 0)\", \"(102, 66, 0)\", \"(102, 65, 0)\", \"(102, 63, 0)\", \"(102, 61, 0)\", \"(102, 59, 0)\", \"(102, 57, 0)\", \"(102, 55, 0)\", \"(102, 54, 0)\", \"(102, 52, 0)\", \"(102, 50, 0)\", \"(102, 48, 0)\", \"(102, 46, 0)\", \"(102, 44, 0)\", \"(102, 43, 0)\", \"(102, 41, 0)\", \"(102, 39, 0)\", \"(102, 37, 0)\", \"(102, 35, 0)\", \"(102, 33, 0)\", \"(102, 31, 0)\", \"(102, 30, 0)\", \"(102, 28, 0)\", \"(103, 26, 0)\", \"(104, 24, 0)\", \"(104, 22, 0)\", \"(105, 21, 0)\", \"(106, 19, 0)\", \"(107, 18, 0)\", \"(108, 16, 0)\", \"(109, 14, 0)\", \"(110, 13, 0)\", \"(111, 11, 0)\", \"(112, 10, 0)\", \"(113, 8, 0)\", \"(114, 7, 0)\", \"(115, 5, 0)\", \"(115, 3, 0)\", \"(116, 2, 0)\", \"(117, 0, 0)\"], \"timeout\": false, \"planner_name\": \"Hybrid A*\", \"total_exec_time_ms\": 553.0428886413574, \"local_start\": \"(128, 107, 0)\", \"local_goal\": \"(117, 0, 0.0)\", \"goal_direction\": 8, \"ego_location\": \"-31.83438491821289|0.4377133846282959|0.028505152091383934|-0.4104003608226776\", \"map_goal\": \"-9.545795440673828|0.4509453892707825|0|-0.5573425889015198\", \"map_next_goal\": \"0.5285676717758179|0.4524883061647415|0|-0.5581969618797302\"}", "collision_report": ""}
