{"pre_planning": "{\"result_type\": 0, \"path\": [], \"timeout\": false, \"planner_name\": \"-\", \"total_exec_time_ms\": 0, \"local_start\": \"None\", \"local_goal\": \"None\", \"goal_direction\": 0, \"ego_location\": \"21.096464157104492|-6.029890537261963|0.028567256405949593|10.988896369934082\", \"map_goal\": \"40.688690185546875|-0.07684602588415146|0|0.14715316891670227\", \"map_next_goal\": \"50.688690185546875|-0.07684602588415146|0|0.14715316891670227\"}", "planning": "{\"result_type\": 1, \"path\": [\"(127, 126, 0)\", \"(127, 124, 0)\", \"(127, 122, 0)\", \"(127, 120, 0)\", \"(128, 118, 0)\", \"(127, 116, 0)\", \"(127, 115, 0)\", \"(128, 113, 0)\", \"(128, 111, 0)\", \"(127, 109, 0)\", \"(128, 107, 0)\", \"(129, 106, 0)\", \"(129, 104, 0)\", \"(130, 102, 0)\", \"(131, 100, 0)\", \"(132, 99, 0)\", \"(133, 97, 0)\", \"(134, 96, 0)\", \"(135, 94, 0)\", \"(136, 93, 0)\", \"(137, 91, 0)\", \"(138, 90, 0)\", \"(139, 88, 0)\", \"(141, 87, 0)\", \"(142, 86, 0)\", \"(143, 85, 0)\", \"(145, 83, 0)\", \"(146, 82, 0)\", \"(148, 81, 0)\", \"(149, 80, 0)\", \"(150, 79, 0)\", \"(151, 77, 0)\", \"(152, 75, 0)\", \"(152, 73, 0)\", \"(153, 72, 0)\", \"(153, 70, 0)\", \"(154, 68, 0)\", \"(154, 66, 0)\", \"(154, 64, 0)\", \"(154, 63, 0)\", \"(155, 61, 0)\", \"(155, 59, 0)\", \"(155, 57, 0)\", \"(154, 55, 0)\", \"(154, 53, 0)\", \"(154, 52, 0)\", \"(154, 50, 0)\", \"(153, 48, 0)\", \"(153, 46, 0)\", \"(153, 44, 0)\", \"(153, 43, 0)\", \"(153, 41, 0)\", \"(153, 39, 0)\", \"(153, 37, 0)\", \"(153, 35, 0)\", \"(153, 33, 0)\", \"(153, 31, 0)\", \"(153, 30, 0)\", \"(153, 28, 0)\", \"(153, 26, 0)\", \"(153, 24, 0)\", \"(153, 22, 0)\", \"(153, 20, 0)\", \"(153, 18, 0)\", \"(153, 17, 0)\", \"(153, 15, 0)\", \"(153, 13, 0)\", \"(152, 11, 0)\", \"(151, 9, 0)\", \"(151, 8, 0)\", \"(150, 6, 0)\", \"(149, 4, 0)\", \"(148, 3, 0)\", \"(147, 1, 0)\", \"(146, 0, 0)\"], \"timeout\": false, \"planner_name\": \"Hybrid A*\", \"total_exec_time_ms\": 169.44003105163574, \"local_start\": \"(128, 107, 0)\", \"local_goal\": \"(143, 0, -10.856413348062247)\", \"goal_direction\": 10, \"ego_location\": \"21.096464157104492|-6.029890537261963|0.028567256405949593|10.988896369934082\", \"map_goal\": \"40.688690185546875|-0.07684602588415146|0|0.14715316891670227\", \"map_next_goal\": \"50.688690185546875|-0.07684602588415146|0|0.14715316891670227\"}", "collision_report": ""}
