{"pre_planning": "{\"result_type\": 0, \"path\": [], \"timeout\": false, \"planner_name\": \"-\", \"total_exec_time_ms\": 0, \"local_start\": \"None\", \"local_goal\": \"None\", \"goal_direction\": 0, \"ego_location\": \"-14.440574645996094|-1.093988299369812|0.028543567284941673|24.67313575744629\", \"map_goal\": \"0.5285676717758179|0.4524883061647415|0|-0.5581969618797302\", \"map_next_goal\": \"10.564472198486328|0.4549951829016209|0|-0.558319091796875\"}", "planning": "{\"result_type\": 1, \"path\": [\"(128, 126, 0)\", \"(128, 124, 0)\", \"(128, 122, 0)\", \"(128, 120, 0)\", \"(128, 118, 0)\", \"(128, 116, 0)\", \"(128, 115, 0)\", \"(128, 113, 0)\", \"(128, 111, 0)\", \"(128, 109, 0)\", \"(128, 107, 0)\", \"(128, 105, 0)\", \"(128, 103, 0)\", \"(128, 102, 0)\", \"(128, 100, 0)\", \"(128, 98, 0)\", \"(128, 96, 0)\", \"(128, 94, 0)\", \"(128, 92, 0)\", \"(128, 91, 0)\", \"(127, 89, 0)\", \"(126, 87, 0)\", \"(126, 85, 0)\", \"(125, 84, 0)\", \"(124, 82, 0)\", \"(123, 80, 0)\", \"(122, 79, 0)\", \"(121, 77, 0)\", \"(120, 76, 0)\", \"(119, 74, 0)\", \"(118, 73, 0)\", \"(117, 71, 0)\", \"(116, 70, 0)\", \"(114, 69, 0)\", \"(113, 67, 0)\", \"(112, 66, 0)\", \"(110, 65, 0)\", \"(109, 64, 0)\", \"(107, 63, 0)\", \"(106, 62, 0)\", \"(105, 60, 0)\", \"(104, 58, 0)\", \"(103, 57, 0)\", \"(103, 55, 0)\", \"(102, 53, 0)\", \"(102, 51, 0)\", \"(101, 50, 0)\", \"(101, 48, 0)\", \"(101, 46, 0)\", \"(101, 44, 0)\", \"(100, 42, 0)\", \"(100, 40, 0)\", \"(100, 39, 0)\", \"(101, 37, 0)\", \"(101, 35, 0)\", \"(101, 33, 0)\", \"(100, 31, 0)\", \"(99, 30, 0)\", \"(98, 28, 0)\", \"(97, 27, 0)\", \"(96, 25, 0)\", \"(95, 24, 0)\"], \"timeout\": false, \"planner_name\": \"Hybrid A*\", \"total_exec_time_ms\": 57.27052688598633, \"local_start\": \"(128, 107, 0)\", \"local_goal\": \"(92, 22, -25.15930191603165)\", \"goal_direction\": 10, \"ego_location\": \"-14.440574645996094|-1.093988299369812|0.028543567284941673|24.67313575744629\", \"map_goal\": \"0.5285676717758179|0.4524883061647415|0|-0.5581969618797302\", \"map_next_goal\": \"10.564472198486328|0.4549951829016209|0|-0.558319091796875\"}", "collision_report": ""}
