{"pre_planning": "{\"result_type\": 0, \"path\": [], \"timeout\": false, \"planner_name\": \"-\", \"total_exec_time_ms\": 0, \"local_start\": \"None\", \"local_goal\": \"None\", \"goal_direction\": 0, \"ego_location\": \"-82.04058074951172|-2.4107234477996826|0.028538988903164864|4.088955402374268\", \"map_goal\": \"-69.8793716430664|0.3|0|-0.5555419921875\", \"map_next_goal\": \"-59.809959411621094|0.3|0|-0.555572509765625\"}", "planning": "{\"result_type\": 5, \"path\": [], \"timeout\": 0, \"planner_name\": \"-\", \"total_exec_time_ms\": 0, \"local_start\": \"(128, 107, 0)\", \"local_goal\": \"(141, 36, -3.9182488640673756)\", \"goal_direction\": 10, \"ego_location\": \"-82.04058074951172|-2.4107234477996826|0.028538988903164864|4.088955402374268\", \"map_goal\": \"-69.8793716430664|0.3|0|-0.5555419921875\", \"map_next_goal\": \"-59.809959411621094|0.3|0|-0.555572509765625\"}", "collision_report": ""}
