{"pre_planning": "{\"result_type\": 0, \"path\": [], \"timeout\": false, \"planner_name\": \"-\", \"total_exec_time_ms\": 0, \"local_start\": \"None\", \"local_goal\": \"None\", \"goal_direction\": 0, \"ego_location\": \"-45.71291732788086|0.4644297659397125|0.04846000671386719|46.864356994628906\", \"map_goal\": \"-20.0|1.0|0|0.0\", \"map_next_goal\": \"None\"}", "planning": "{\"result_type\": 1, \"path\": [\"(127, 126, 0)\", \"(126, 124, 0)\", \"(126, 122, 0)\", \"(125, 121, 0)\", \"(124, 119, 0)\", \"(123, 117, 0)\", \"(123, 115, 0)\", \"(123, 114, 0)\", \"(122, 112, 0)\", \"(121, 111, 0)\", \"(120, 109, 0)\", \"(120, 107, 0)\"], \"timeout\": false, \"planner_name\": \"Hybrid A*\", \"total_exec_time_ms\": 383.4083080291748, \"local_start\": \"(128, 107, 0)\", \"local_goal\": \"(0, 2, -50.52754015165618)\", \"goal_direction\": 10, \"ego_location\": \"-45.71291732788086|0.4644297659397125|0.04846000671386719|46.864356994628906\", \"map_goal\": \"-20.0|1.0|0|0.0\", \"map_next_goal\": \"None\"}", "collision_report": ""}
