{"pre_planning": "{\"result_type\": 0, \"path\": [], \"timeout\": false, \"planner_name\": \"-\", \"total_exec_time_ms\": 0, \"local_start\": \"None\", \"local_goal\": \"None\", \"goal_direction\": 0, \"ego_location\": \"-65.0235824584961|-0.5374799966812134|0.028474731370806694|-23.957197189331055\", \"map_goal\": \"-30.0|1.0|0|0.0\", \"map_next_goal\": \"-20.0|1.0|0|0.0\"}", "planning": "{\"result_type\": 1, \"path\": [\"(128, 126, 0)\", \"(129, 124, 0)\", \"(129, 122, 0)\", \"(130, 121, 0)\", \"(131, 119, 0)\", \"(132, 117, 0)\", \"(133, 116, 0)\", \"(134, 114, 0)\", \"(135, 113, 0)\", \"(136, 111, 0)\", \"(137, 110, 0)\", \"(138, 108, 0)\", \"(139, 107, 0)\", \"(141, 106, 0)\", \"(142, 104, 0)\", \"(142, 103, 0)\", \"(143, 101, 0)\", \"(143, 99, 0)\", \"(143, 97, 0)\", \"(144, 95, 0)\", \"(144, 93, 0)\", \"(144, 92, 0)\", \"(144, 90, 0)\", \"(144, 88, 0)\", \"(144, 86, 0)\", \"(143, 84, 0)\", \"(143, 82, 0)\", \"(143, 81, 0)\", \"(142, 79, 0)\", \"(142, 77, 0)\", \"(142, 75, 0)\", \"(142, 73, 0)\", \"(142, 71, 0)\", \"(142, 70, 0)\", \"(142, 68, 0)\", \"(142, 66, 0)\", \"(142, 64, 0)\", \"(143, 62, 0)\", \"(144, 61, 0)\", \"(144, 59, 0)\", \"(145, 57, 0)\", \"(146, 55, 0)\", \"(146, 54, 0)\", \"(146, 52, 0)\", \"(147, 50, 0)\", \"(147, 48, 0)\", \"(147, 46, 0)\", \"(148, 45, 0)\", \"(148, 43, 0)\", \"(148, 41, 0)\", \"(149, 39, 0)\", \"(149, 37, 0)\", \"(149, 35, 0)\", \"(150, 34, 0)\", \"(150, 32, 0)\", \"(150, 30, 0)\", \"(151, 28, 0)\", \"(152, 27, 0)\", \"(153, 25, 0)\", \"(153, 23, 0)\", \"(155, 22, 0)\", \"(156, 20, 0)\", \"(157, 19, 0)\", \"(158, 18, 0)\", \"(159, 16, 0)\", \"(161, 15, 0)\", \"(162, 14, 0)\", \"(163, 12, 0)\", \"(165, 11, 0)\", \"(166, 10, 0)\", \"(168, 9, 0)\", \"(169, 8, 0)\", \"(171, 7, 0)\", \"(172, 6, 0)\", \"(174, 5, 0)\", \"(176, 5, 0)\", \"(178, 4, 0)\", \"(179, 3, 0)\", \"(181, 3, 0)\", \"(183, 2, 0)\", \"(185, 2, 0)\", \"(186, 2, 0)\", \"(188, 1, 0)\", \"(190, 1, 0)\", \"(192, 0, 0)\"], \"timeout\": false, \"planner_name\": \"Hybrid A*\", \"total_exec_time_ms\": 1358.9427471160889, \"local_start\": \"(128, 107, 0)\", \"local_goal\": \"(196, 0, 28.495638618244985)\", \"goal_direction\": 9, \"ego_location\": \"-65.0235824584961|-0.5374799966812134|0.028474731370806694|-23.957197189331055\", \"map_goal\": \"-30.0|1.0|0|0.0\", \"map_next_goal\": \"-20.0|1.0|0|0.0\"}", "collision_report": ""}
