{"pre_planning": "{\"result_type\": 0, \"path\": [], \"timeout\": false, \"planner_name\": \"-\", \"total_exec_time_ms\": 0, \"local_start\": \"None\", \"local_goal\": \"None\", \"goal_direction\": 0, \"ego_location\": \"-82.55902099609375|0.1604081094264984|0.02852540835738182|1.7485082149505615\", \"map_goal\": \"-59.809959411621094|0.3|0|-0.555572509765625\", \"map_next_goal\": \"-29.611574172973633|0.3|0|-0.5670166015625\"}", "planning": "{\"result_type\": 1, \"path\": [\"(128, 107, -0.15082494914531708)\", \"(127, 103, 0.0)\", \"(127, 99, 0.0)\", \"(127, 95, -0.02771373651921749)\", \"(127, 91, -0.06916538625955582)\", \"(127, 87, -0.15082494914531708)\", \"(126, 83, 0.0)\", \"(126, 79, 0.0)\", \"(126, 75, -0.02771373651921749)\", \"(126, 71, -0.06916538625955582)\", \"(126, 67, -0.15082494914531708)\", \"(125, 63, 0.0)\", \"(125, 59, 0.0)\", \"(125, 55, 0.0)\", \"(125, 51, -0.02771373651921749)\", \"(125, 47, -0.06916538625955582)\", \"(125, 43, -0.15082494914531708)\", \"(124, 39, 0.0)\", \"(124, 35, 0.0)\", \"(124, 31, -0.02771373651921749)\", \"(124, 27, -0.06916538625955582)\", \"(124, 23, -0.15082494914531708)\", \"(123, 19, 0.0)\", \"(123, 15, 0.0)\", \"(123, 11, 0.0)\", \"(123, 7, 0.0)\", \"(123, 3, 0.0)\", \"(123, 0, 0.0)\"], \"timeout\": false, \"planner_name\": \"overtaker\", \"total_exec_time_ms\": 7.951259613037109, \"local_start\": \"(128, 107, 0)\", \"local_goal\": \"(123, 0, -1.5412186437238868)\", \"goal_direction\": 10, \"ego_location\": \"-82.55902099609375|0.1604081094264984|0.02852540835738182|1.7485082149505615\", \"map_goal\": \"-59.809959411621094|0.3|0|-0.555572509765625\", \"map_next_goal\": \"-29.611574172973633|0.3|0|-0.5670166015625\"}", "collision_report": ""}
