{"pre_planning": "{\"result_type\": 0, \"path\": [], \"timeout\": false, \"planner_name\": \"-\", \"total_exec_time_ms\": 0, \"local_start\": \"None\", \"local_goal\": \"None\", \"goal_direction\": 0, \"ego_location\": \"4.670112133026123|-0.2150278389453888|0.02660459466278553|-0.6042174100875854\", \"map_goal\": \"30.688690185546875|-0.07684602588415146|0|0.14715316891670227\", \"map_next_goal\": \"32.688690185546875|-0.07684602588415146|0|0.14715316891670227\"}", "planning": "{\"result_type\": 1, \"path\": [\"(128, 107, 0.0)\", \"(128, 103, 0.0)\", \"(128, 99, 0.0)\", \"(128, 95, 0.0)\", \"(128, 91, 0.0)\", \"(128, 87, 0.0)\", \"(128, 83, 0.02771373651921749)\", \"(128, 79, 0.06916538625955582)\", \"(128, 75, 0.15082494914531708)\", \"(129, 71, 0.0)\", \"(129, 67, 0.0)\", \"(129, 63, 0.0)\", \"(129, 59, 0.0)\", \"(129, 55, 0.0)\", \"(129, 51, 0.0)\", \"(129, 47, 0.02771373651921749)\", \"(129, 43, 0.06916538625955582)\", \"(129, 39, 0.15082494914531708)\", \"(130, 35, 0.0)\", \"(130, 31, 0.0)\", \"(130, 27, 0.0)\", \"(130, 23, 0.0)\", \"(130, 19, 0.0)\", \"(130, 15, 0.0)\", \"(130, 11, 0.030219951644539833)\", \"(130, 7, 0.04729902744293213)\", \"(130, 3, 0.10725017637014389)\", \"(131, 0, 0.1847691535949707)\"], \"timeout\": false, \"planner_name\": \"overtaker\", \"total_exec_time_ms\": 15.425682067871094, \"local_start\": \"(128, 107, 0)\", \"local_goal\": \"(131, 0, 0.6661999701831357)\", \"goal_direction\": 9, \"ego_location\": \"4.670112133026123|-0.2150278389453888|0.02660459466278553|-0.6042174100875854\", \"map_goal\": \"30.688690185546875|-0.07684602588415146|0|0.14715316891670227\", \"map_next_goal\": \"32.688690185546875|-0.07684602588415146|0|0.14715316891670227\"}", "collision_report": ""}
