{"pre_planning": "{\"result_type\": 0, \"path\": [], \"timeout\": false, \"planner_name\": \"-\", \"total_exec_time_ms\": 0, \"local_start\": \"None\", \"local_goal\": \"None\", \"goal_direction\": 0, \"ego_location\": \"22.115703582763672|-0.09378790855407715|0.02852846123278141|2.5074710845947266\", \"map_goal\": \"32.688690185546875|-0.07684602588415146|0|0.14715316891670227\", \"map_next_goal\": \"None\"}", "planning": "{\"result_type\": 5, \"path\": [], \"timeout\": 0, \"planner_name\": \"-\", \"total_exec_time_ms\": 0, \"local_start\": \"(128, 107, 0)\", \"local_goal\": \"(124, 49, -3.945186229037563)\", \"goal_direction\": 10, \"ego_location\": \"22.115703582763672|-0.09378790855407715|0.02852846123278141|2.5074710845947266\", \"map_goal\": \"32.688690185546875|-0.07684602588415146|0|0.14715316891670227\", \"map_next_goal\": \"None\"}", "collision_report": ""}
