{"pre_planning": "{\"result_type\": 0, \"path\": [], \"timeout\": false, \"planner_name\": \"-\", \"total_exec_time_ms\": 0, \"local_start\": \"None\", \"local_goal\": \"None\", \"goal_direction\": 0, \"ego_location\": \"-12.024890899658203|0.34690070152282715|0.02837999351322651|29.999496459960938\", \"map_goal\": \"0.5285676717758179|0.4524883061647415|0|-0.5581969618797302\", \"map_next_goal\": \"10.564472198486328|0.4549951829016209|0|-0.558319091796875\"}", "planning": "{\"result_type\": 5, \"path\": [], \"timeout\": 0, \"planner_name\": \"-\", \"total_exec_time_ms\": 0, \"local_start\": \"(128, 107, 0)\", \"local_goal\": \"(82, 47, -30.425783801961273)\", \"goal_direction\": 10, \"ego_location\": \"-12.024890899658203|0.34690070152282715|0.02837999351322651|29.999496459960938\", \"map_goal\": \"0.5285676717758179|0.4524883061647415|0|-0.5581969618797302\", \"map_next_goal\": \"10.564472198486328|0.4549951829016209|0|-0.558319091796875\"}", "collision_report": ""}
