{"pre_planning": "{\"result_type\": 0, \"path\": [], \"timeout\": false, \"planner_name\": \"-\", \"total_exec_time_ms\": 0, \"local_start\": \"None\", \"local_goal\": \"None\", \"goal_direction\": 0, \"ego_location\": \"-45.85625076293945|-0.8654178380966187|0.06490560621023178|48.43373107910156\", \"map_goal\": \"-39.657249450683594|0.3|0|-0.6009825468063354\", \"map_next_goal\": \"-29.611574172973633|0.3|0|-0.5670166015625\"}", "planning": "{\"result_type\": 5, \"path\": [], \"timeout\": 0, \"planner_name\": \"-\", \"total_exec_time_ms\": 0, \"local_start\": \"(128, 107, 0)\", \"local_goal\": \"(99, 91, -48.23970029610214)\", \"goal_direction\": 10, \"ego_location\": \"-45.85625076293945|-0.8654178380966187|0.06490560621023178|48.43373107910156\", \"map_goal\": \"-39.657249450683594|0.3|0|-0.6009825468063354\", \"map_next_goal\": \"-29.611574172973633|0.3|0|-0.5670166015625\"}", "collision_report": ""}
