{"pre_planning": "{\"result_type\": 0, \"path\": [], \"timeout\": false, \"planner_name\": \"-\", \"total_exec_time_ms\": 0, \"local_start\": \"None\", \"local_goal\": \"None\", \"goal_direction\": 0, \"ego_location\": \"-45.83708572387695|-0.8152766227722168|0.06396584957838058|49.22099685668945\", \"map_goal\": \"-29.611574172973633|0.3|0|-0.5670166015625\", \"map_next_goal\": \"-19.58110809326172|0.3|0|-0.5422667860984802\"}", "planning": "{\"result_type\": 1, \"path\": [\"(128, 107, 0)\", \"(127, 106, 0)\", \"(126, 106, 0)\", \"(125, 105, 0)\", \"(124, 105, 0)\", \"(123, 105, 0)\", \"(122, 104, 0)\", \"(121, 104, 0)\", \"(120, 104, 0)\", \"(120, 104, 0)\", \"(119, 103, 0)\", \"(118, 103, 0)\", \"(117, 102, 0)\", \"(116, 102, 0)\", \"(115, 101, 0)\", \"(114, 101, 0)\", \"(113, 101, 0)\", \"(112, 100, 0)\", \"(111, 100, 0)\", \"(110, 99, 0)\", \"(109, 99, 0)\", \"(108, 98, 0)\", \"(107, 98, 0)\", \"(106, 98, 0)\", \"(105, 97, 0)\", \"(104, 97, 0)\", \"(103, 96, 0)\", \"(102, 96, 0)\", \"(101, 95, 0)\", \"(100, 95, 0)\", \"(99, 95, 0)\", \"(99, 95, 0)\", \"(98, 94, 0)\", \"(97, 94, 0)\", \"(96, 93, 0)\", \"(95, 93, 0)\", \"(94, 92, 0)\", \"(93, 92, 0)\", \"(92, 91, 0)\", \"(91, 91, 0)\", \"(90, 91, 0)\", \"(89, 90, 0)\", \"(88, 90, 0)\", \"(87, 89, 0)\", \"(86, 89, 0)\", \"(85, 88, 0)\", \"(84, 88, 0)\", \"(83, 87, 0)\", \"(82, 87, 0)\", \"(81, 87, 0)\", \"(80, 86, 0)\", \"(79, 86, 0)\", \"(78, 85, 0)\", \"(77, 85, 0)\", \"(76, 84, 0)\", \"(75, 84, 0)\", \"(74, 84, 0)\", \"(74, 84, 0)\", \"(73, 83, 0)\", \"(72, 82, 0)\", \"(71, 81, 0)\", \"(71, 80, 0)\", \"(70, 79, 0)\", \"(69, 78, 0)\", \"(68, 77, 0)\", \"(68, 76, 0)\", \"(67, 75, 0)\", \"(66, 74, 0)\", \"(65, 73, 0)\", \"(65, 72, 0)\", \"(64, 71, 0)\", \"(63, 70, 0)\", \"(62, 69, 0)\", \"(62, 68, 0)\", \"(61, 67, 0)\", \"(60, 66, 0)\", \"(59, 65, 0)\", \"(59, 64, 0)\", \"(58, 63, 0)\", \"(57, 62, 0)\", \"(56, 61, 0)\", \"(56, 60, 0)\", \"(56, 60, 0)\", \"(55, 59, 0)\", \"(54, 58, 0)\", \"(53, 58, 0)\", \"(52, 57, 0)\", \"(51, 57, 0)\", \"(50, 56, 0)\", \"(49, 56, 0)\", \"(48, 55, 0)\", \"(47, 55, 0)\", \"(46, 54, 0)\", \"(45, 54, 0)\", \"(44, 53, 0)\", \"(43, 53, 0)\", \"(42, 52, 0)\", \"(41, 52, 0)\", \"(40, 51, 0)\", \"(39, 51, 0)\", \"(38, 50, 0)\", \"(37, 50, 0)\", \"(37, 50, 0)\", \"(36, 49, 0)\", \"(35, 48, 0)\", \"(34, 47, 0)\", \"(33, 46, 0)\", \"(32, 46, 0)\"], \"timeout\": false, \"planner_name\": \"RRT*\", \"total_exec_time_ms\": 175.51612854003906, \"local_start\": \"(128, 107, 0)\", \"local_goal\": \"(42, 43, -49.484606009544635)\", \"goal_direction\": 10, \"ego_location\": \"-45.83708572387695|-0.8152766227722168|0.06396584957838058|49.22099685668945\", \"map_goal\": \"-29.611574172973633|0.3|0|-0.5670166015625\", \"map_next_goal\": \"-19.58110809326172|0.3|0|-0.5422667860984802\"}", "collision_report": ""}
