{"pre_planning": "{\"result_type\": 0, \"path\": [], \"timeout\": false, \"planner_name\": \"-\", \"total_exec_time_ms\": 0, \"local_start\": \"None\", \"local_goal\": \"None\", \"goal_direction\": 0, \"ego_location\": \"7.082498550415039|-2.669680118560791|0.028638094663619995|-0.7086486220359802\", \"map_goal\": \"20.591285705566406|-0.4232592135667801|0|-0.549591064453125\", \"map_next_goal\": \"30.688690185546875|-0.07684602588415146|0|0.14715316891670227\"}", "planning": "{\"result_type\": 1, \"path\": [\"(128, 107, 0)\", \"(127, 106, 0)\", \"(127, 105, 0)\", \"(127, 104, 0)\", \"(126, 103, 0)\", \"(126, 102, 0)\", \"(126, 101, 0)\", \"(126, 100, 0)\", \"(126, 100, 0)\", \"(125, 99, 0)\", \"(125, 98, 0)\", \"(125, 97, 0)\", \"(124, 96, 0)\", \"(124, 95, 0)\", \"(124, 94, 0)\", \"(123, 93, 0)\", \"(123, 92, 0)\", \"(123, 91, 0)\", \"(123, 90, 0)\", \"(122, 89, 0)\", \"(122, 88, 0)\", \"(122, 87, 0)\", \"(121, 86, 0)\", \"(121, 85, 0)\", \"(121, 84, 0)\", \"(120, 83, 0)\", \"(120, 82, 0)\", \"(120, 81, 0)\", \"(120, 80, 0)\", \"(120, 80, 0)\", \"(119, 79, 0)\", \"(119, 78, 0)\", \"(119, 77, 0)\", \"(119, 76, 0)\", \"(118, 75, 0)\", \"(118, 74, 0)\", \"(118, 73, 0)\", \"(118, 72, 0)\", \"(118, 71, 0)\", \"(117, 70, 0)\", \"(117, 69, 0)\", \"(117, 68, 0)\", \"(117, 67, 0)\", \"(116, 66, 0)\", \"(116, 65, 0)\", \"(116, 64, 0)\", \"(116, 63, 0)\", \"(116, 62, 0)\", \"(116, 62, 0)\", \"(115, 61, 0)\", \"(115, 60, 0)\", \"(115, 59, 0)\", \"(114, 58, 0)\", \"(114, 57, 0)\", \"(114, 56, 0)\", \"(113, 55, 0)\", \"(113, 54, 0)\", \"(113, 53, 0)\", \"(112, 52, 0)\", \"(112, 51, 0)\", \"(112, 50, 0)\", \"(112, 49, 0)\", \"(111, 48, 0)\", \"(111, 47, 0)\", \"(111, 46, 0)\", \"(110, 45, 0)\", \"(110, 44, 0)\", \"(110, 43, 0)\", \"(109, 42, 0)\", \"(109, 41, 0)\", \"(109, 40, 0)\", \"(109, 39, 0)\"], \"timeout\": false, \"planner_name\": \"RRT*\", \"total_exec_time_ms\": 95.90673446655273, \"local_start\": \"(128, 107, 0)\", \"local_goal\": \"(106, 24, 9.302054711298815)\", \"goal_direction\": 9, \"ego_location\": \"7.082498550415039|-2.669680118560791|0.028638094663619995|-0.7086486220359802\", \"map_goal\": \"20.591285705566406|-0.4232592135667801|0|-0.549591064453125\", \"map_next_goal\": \"30.688690185546875|-0.07684602588415146|0|0.14715316891670227\"}", "collision_report": ""}
