{"pre_planning": "{\"result_type\": 0, \"path\": [], \"timeout\": false, \"planner_name\": \"-\", \"total_exec_time_ms\": 0, \"local_start\": \"None\", \"local_goal\": \"None\", \"goal_direction\": 0, \"ego_location\": \"30.985586166381836|-1.2929579019546509|0.028547992929816246|38.63948440551758\", \"map_goal\": \"40.688690185546875|-0.07684602588415146|0|0.14715316891670227\", \"map_next_goal\": \"50.688690185546875|-0.07684602588415146|0|0.14715316891670227\"}", "planning": "{\"result_type\": 5, \"path\": [], \"timeout\": 0, \"planner_name\": \"-\", \"total_exec_time_ms\": 0, \"local_start\": \"(128, 107, 0)\", \"local_goal\": \"(90, 66, -38.418055344821994)\", \"goal_direction\": 10, \"ego_location\": \"30.985586166381836|-1.2929579019546509|0.028547992929816246|38.63948440551758\", \"map_goal\": \"40.688690185546875|-0.07684602588415146|0|0.14715316891670227\", \"map_next_goal\": \"50.688690185546875|-0.07684602588415146|0|0.14715316891670227\"}", "collision_report": ""}
