{"pre_planning": "{\"result_type\": 0, \"path\": [], \"timeout\": false, \"planner_name\": \"-\", \"total_exec_time_ms\": 0, \"local_start\": \"None\", \"local_goal\": \"None\", \"goal_direction\": 0, \"ego_location\": \"-12.005577087402344|0.35133954882621765|0.028381289914250374|29.72807502746582\", \"map_goal\": \"10.564472198486328|0.4549951829016209|0|-0.558319091796875\", \"map_next_goal\": \"20.591285705566406|-0.4232592135667801|0|-0.549591064453125\"}", "planning": "{\"result_type\": 1, \"path\": [\"(125, 105, -0.7853981852531433)\", \"(124, 104, -0.8326972126960754)\", \"(123, 103, -0.8984956741333008)\", \"(122, 102, -1.0057458877563477)\", \"(120, 101, -0.8326972126960754)\", \"(119, 100, -0.8984956741333008)\", \"(118, 99, -1.0057458877563477)\", \"(116, 98, -0.8326972126960754)\", \"(115, 97, -0.8984956741333008)\", \"(114, 96, -1.0057458877563477)\", \"(112, 95, -0.8326972126960754)\", \"(111, 94, -0.8984956741333008)\", \"(110, 93, -1.0057458877563477)\", \"(108, 92, -0.7853981852531433)\", \"(107, 91, -0.8326972126960754)\", \"(106, 90, -0.8984956741333008)\", \"(105, 89, -1.0057458877563477)\", \"(103, 88, -0.8326972126960754)\", \"(102, 87, -0.8984956741333008)\", \"(101, 86, -1.0057458877563477)\", \"(99, 85, -0.7853981852531433)\", \"(98, 84, -0.8326972126960754)\", \"(97, 83, -0.8984956741333008)\", \"(96, 82, -1.0057458877563477)\", \"(94, 81, -0.8326972126960754)\", \"(93, 80, -0.8984956741333008)\", \"(92, 79, -1.0057458877563477)\", \"(90, 78, -0.7853981852531433)\", \"(89, 77, -0.7853981852531433)\", \"(88, 76, -0.8326972126960754)\", \"(87, 75, -0.8984956741333008)\", \"(86, 74, -1.0057458877563477)\", \"(84, 73, -0.7853981852531433)\", \"(83, 72, -0.7853981852531433)\", \"(82, 71, -0.7853981852531433)\", \"(81, 70, -0.7853981852531433)\", \"(80, 69, -0.8326972126960754)\", \"(79, 68, -0.8984956741333008)\", \"(78, 67, -1.0057458877563477)\", \"(76, 66, -0.7853981852531433)\", \"(75, 65, -0.7853981852531433)\", \"(74, 64, -0.7853981852531433)\", \"(73, 63, -0.7853981852531433)\", \"(72, 62, -0.7853981852531433)\", \"(71, 61, -0.7853981852531433)\", \"(70, 60, -0.7853981852531433)\", \"(69, 59, -0.7853981852531433)\", \"(68, 58, -0.7195995450019836)\", \"(67, 57, -0.6123493909835815)\", \"(66, 56, -0.3505500257015228)\", \"(66, 55, -0.7853981852531433)\", \"(65, 54, -0.7853981852531433)\", \"(64, 53, -0.7853981852531433)\", \"(63, 52, -0.7853981852531433)\", \"(62, 51, -0.7195995450019836)\", \"(61, 50, -0.6123493909835815)\", \"(60, 49, -0.3505500257015228)\", \"(60, 48, -0.7853981852531433)\", \"(59, 47, -0.7195995450019836)\", \"(58, 46, -0.6123493909835815)\", \"(57, 45, -0.3505500257015228)\", \"(57, 44, -0.7853981852531433)\", \"(56, 43, -0.7195995450019836)\", \"(55, 42, -0.6123493909835815)\", \"(54, 41, -0.3505500257015228)\", \"(54, 40, -0.7853981852531433)\", \"(53, 39, -0.7195995450019836)\", \"(52, 38, -0.6123493909835815)\", \"(51, 37, -0.3505500257015228)\", \"(51, 36, -0.7195995450019836)\", \"(50, 35, -0.6123493909835815)\", \"(49, 34, -0.26179933547973633)\", \"(49, 33, -0.6123493909835815)\", \"(48, 32, -0.3505500257015228)\", \"(48, 31, -0.7195995450019836)\", \"(47, 30, -0.6123493909835815)\", \"(46, 29, -0.3505500257015228)\", \"(46, 28, -0.7195995450019836)\", \"(45, 27, -0.6123493909835815)\", \"(44, 26, -0.26179933547973633)\", \"(44, 25, -0.6123493909835815)\", \"(43, 24, -0.3505500257015228)\", \"(43, 23, -0.7195995450019836)\", \"(42, 22, -0.6123493909835815)\", \"(41, 21, -0.26179933547973633)\", \"(41, 20, -0.6123493909835815)\", \"(40, 19, -0.7668985724449158)\", \"(40, 18, -0.5235987305641174)\", \"(39, 17, -0.6123493909835815)\"], \"timeout\": false, \"planner_name\": \"RRT*\", \"total_exec_time_ms\": 671.400785446167, \"local_start\": \"(128, 107, 0)\", \"local_goal\": \"(45, 0, -34.548367056011315)\", \"goal_direction\": 10, \"ego_location\": \"-12.005577087402344|0.35133954882621765|0.028381289914250374|29.72807502746582\", \"map_goal\": \"10.564472198486328|0.4549951829016209|0|-0.558319091796875\", \"map_next_goal\": \"20.591285705566406|-0.4232592135667801|0|-0.549591064453125\"}", "collision_report": ""}
