{"pre_planning": "{\"result_type\": 0, \"path\": [], \"timeout\": false, \"planner_name\": \"-\", \"total_exec_time_ms\": 0, \"local_start\": \"None\", \"local_goal\": \"None\", \"goal_direction\": 0, \"ego_location\": \"-82.05265808105469|-2.6997060775756836|0.028506984934210777|-0.1089782565832138\", \"map_goal\": \"-59.809959411621094|0.3|0|-0.555572509765625\", \"map_next_goal\": \"-49.68109130859375|0.3|0|-0.5505065321922302\"}", "planning": "{\"result_type\": 1, \"path\": [\"(125, 105, 0.5235987901687622)\", \"(126, 104, 0.10725017637014389)\", \"(126, 103, 0.2617993652820587)\", \"(126, 102, 0.5235987901687622)\", \"(127, 101, 0.0)\", \"(127, 100, 0.0)\", \"(127, 99, 0.10725017637014389)\", \"(127, 98, 0.2617993652820587)\", \"(127, 97, 0.5235987901687622)\", \"(128, 96, 0.0)\", \"(128, 95, 0.0)\", \"(128, 94, 0.0)\", \"(128, 93, 0.0)\", \"(128, 92, 0.0)\", \"(128, 91, 0.0)\", \"(128, 90, 0.0)\", \"(128, 89, 0.0)\", \"(128, 88, 0.0)\", \"(128, 87, 0.0)\", \"(128, 86, 0.0)\", \"(128, 85, 0.0)\", \"(128, 84, 0.0)\", \"(128, 83, 0.0)\", \"(128, 82, 0.0)\", \"(128, 81, 0.0)\", \"(128, 80, 0.0)\", \"(128, 79, 0.0)\", \"(128, 78, -0.10725017637014389)\", \"(128, 77, -0.26179933547973633)\", \"(128, 76, -0.5235987305641174)\", \"(127, 75, 0.0)\", \"(127, 74, 0.0)\", \"(127, 73, 0.0)\", \"(127, 72, 0.0)\", \"(127, 71, 0.0)\", \"(127, 70, -0.10725017637014389)\", \"(127, 69, -0.26179933547973633)\", \"(127, 68, -0.5235987305641174)\", \"(126, 67, 0.0)\", \"(126, 66, 0.0)\", \"(126, 65, 0.0)\", \"(126, 64, 0.0)\", \"(126, 63, 0.0)\", \"(126, 62, 0.0)\", \"(126, 61, -0.10725017637014389)\", \"(126, 60, -0.26179933547973633)\", \"(126, 59, -0.5235987305641174)\", \"(125, 58, 0.0)\", \"(125, 57, 0.0)\", \"(125, 56, 0.0)\", \"(125, 55, 0.0)\", \"(125, 54, 0.0)\", \"(125, 53, 0.0)\", \"(125, 52, 0.0)\", \"(125, 51, 0.0)\", \"(125, 50, 0.0)\", \"(125, 49, 0.0)\", \"(125, 48, 0.0)\", \"(125, 47, 0.0)\", \"(125, 46, 0.0)\", \"(125, 45, 0.10725017637014389)\", \"(125, 44, 0.2617993652820587)\", \"(125, 43, 0.5235987901687622)\", \"(126, 42, 0.0)\", \"(126, 41, 0.0)\", \"(126, 40, 0.10725017637014389)\", \"(126, 39, 0.2617993652820587)\", \"(126, 38, 0.5235987901687622)\", \"(127, 37, 0.0)\", \"(127, 36, 0.10725017637014389)\", \"(127, 35, 0.2617993652820587)\", \"(127, 34, 0.6123495101928711)\", \"(128, 33, 0.2617993652820587)\", \"(128, 32, 0.6123495101928711)\", \"(129, 31, 0.2617993652820587)\", \"(129, 30, 0.6123495101928711)\", \"(130, 29, 0.2617993652820587)\", \"(130, 28, 0.6123495101928711)\", \"(131, 27, 0.3505500853061676)\", \"(131, 26, 0.7853981852531433)\", \"(132, 25, 0.7195996642112732)\", \"(133, 24, 0.6123495101928711)\", \"(134, 23, 0.3505500853061676)\", \"(134, 22, 0.7853981852531433)\", \"(135, 21, 0.7853981852531433)\", \"(136, 20, 0.7853981852531433)\", \"(137, 19, 0.7853981852531433)\", \"(138, 18, 0.7853981852531433)\", \"(139, 17, 0.7853981852531433)\", \"(140, 16, 0.7853981852531433)\", \"(141, 15, 0.8326972126960754)\", \"(142, 14, 0.8984957337379456)\", \"(143, 13, 1.0057458877563477)\", \"(145, 12, 0.8326972126960754)\", \"(146, 11, 0.8984957337379456)\", \"(147, 10, 1.5293446779251099)\", \"(149, 9, 1.2675453424453735)\", \"(150, 8, 0.8984957337379456)\"], \"timeout\": false, \"planner_name\": \"RRT*\", \"total_exec_time_ms\": 123.11744689941406, \"local_start\": \"(128, 107, 0)\", \"local_goal\": \"(150, 0, 0.0)\", \"goal_direction\": 8, \"ego_location\": \"-82.05265808105469|-2.6997060775756836|0.028506984934210777|-0.1089782565832138\", \"map_goal\": \"-59.809959411621094|0.3|0|-0.555572509765625\", \"map_next_goal\": \"-49.68109130859375|0.3|0|-0.5505065321922302\"}", "collision_report": ""}
