{"pre_planning": "{\"result_type\": 0, \"path\": [], \"timeout\": false, \"planner_name\": \"-\", \"total_exec_time_ms\": 0, \"local_start\": \"None\", \"local_goal\": \"None\", \"goal_direction\": 0, \"ego_location\": \"-99.99858856201172|6.239396043383749e-06|0.006572780665010214|0.00227941176854074\", \"map_goal\": \"-79.93721771240234|0.3|0|-0.518341064453125\", \"map_next_goal\": \"-69.8793716430664|0.3|0|-0.5555419921875\"}", "planning": "{\"result_type\": 1, \"path\": [\"(128, 107, 0)\", \"(127, 106, 0)\", \"(127, 105, 0)\", \"(127, 104, 0)\", \"(126, 103, 0)\", \"(126, 102, 0)\", \"(126, 101, 0)\", \"(126, 100, 0)\", \"(125, 99, 0)\", \"(125, 98, 0)\", \"(125, 97, 0)\", \"(125, 96, 0)\", \"(124, 95, 0)\", \"(124, 94, 0)\", \"(124, 93, 0)\", \"(124, 92, 0)\", \"(124, 92, 0)\", \"(123, 91, 0)\", \"(123, 90, 0)\", \"(123, 89, 0)\", \"(122, 88, 0)\", \"(122, 87, 0)\", \"(122, 86, 0)\", \"(122, 85, 0)\", \"(121, 84, 0)\", \"(121, 83, 0)\", \"(121, 82, 0)\", \"(121, 81, 0)\", \"(121, 81, 0)\", \"(120, 80, 0)\", \"(120, 79, 0)\", \"(120, 78, 0)\", \"(119, 77, 0)\", \"(119, 76, 0)\", \"(119, 75, 0)\", \"(119, 74, 0)\", \"(118, 73, 0)\", \"(118, 72, 0)\", \"(118, 71, 0)\", \"(118, 70, 0)\", \"(117, 69, 0)\", \"(117, 68, 0)\", \"(117, 67, 0)\", \"(117, 66, 0)\", \"(116, 65, 0)\", \"(116, 64, 0)\", \"(116, 63, 0)\", \"(116, 62, 0)\", \"(115, 61, 0)\", \"(115, 60, 0)\", \"(115, 59, 0)\", \"(115, 58, 0)\", \"(115, 58, 0)\", \"(114, 57, 0)\", \"(114, 56, 0)\", \"(114, 55, 0)\", \"(113, 54, 0)\", \"(113, 53, 0)\", \"(113, 52, 0)\", \"(113, 51, 0)\", \"(112, 50, 0)\", \"(112, 49, 0)\", \"(112, 48, 0)\", \"(112, 47, 0)\", \"(111, 46, 0)\", \"(111, 45, 0)\", \"(111, 44, 0)\", \"(111, 43, 0)\", \"(111, 43, 0)\", \"(110, 42, 0)\", \"(110, 41, 0)\", \"(110, 40, 0)\", \"(110, 39, 0)\", \"(110, 38, 0)\", \"(109, 37, 0)\", \"(109, 36, 0)\", \"(109, 35, 0)\", \"(109, 34, 0)\", \"(109, 33, 0)\", \"(108, 32, 0)\", \"(108, 31, 0)\", \"(108, 30, 0)\", \"(108, 29, 0)\", \"(108, 28, 0)\", \"(108, 27, 0)\", \"(108, 27, 0)\", \"(108, 26, 0)\", \"(108, 25, 0)\", \"(108, 24, 0)\", \"(108, 23, 0)\", \"(108, 22, 0)\", \"(108, 21, 0)\", \"(108, 20, 0)\", \"(108, 19, 0)\", \"(108, 18, 0)\", \"(108, 17, 0)\", \"(108, 16, 0)\", \"(108, 15, 0)\", \"(108, 14, 0)\", \"(108, 13, 0)\", \"(108, 12, 0)\", \"(108, 11, 0)\", \"(108, 10, 0)\", \"(108, 9, 0)\", \"(108, 8, 0)\", \"(108, 7, 0)\", \"(108, 6, 0)\", \"(108, 5, 0)\", \"(108, 4, 0)\", \"(108, 3, 0)\", \"(108, 2, 0)\"], \"timeout\": false, \"planner_name\": \"RRT*\", \"total_exec_time_ms\": 11490.077018737793, \"local_start\": \"(128, 107, 0)\", \"local_goal\": \"(108, 0, 0.0)\", \"goal_direction\": 8, \"ego_location\": \"-99.99858856201172|6.239396043383749e-06|0.006572780665010214|0.00227941176854074\", \"map_goal\": \"-79.93721771240234|0.3|0|-0.518341064453125\", \"map_next_goal\": \"-69.8793716430664|0.3|0|-0.5555419921875\"}", "collision_report": ""}
