{"pre_planning": "{\"result_type\": 0, \"path\": [], \"timeout\": false, \"planner_name\": \"-\", \"total_exec_time_ms\": 0, \"local_start\": \"None\", \"local_goal\": \"None\", \"goal_direction\": 0, \"ego_location\": \"-66.0203857421875|-1.24225914478302|0.02880167029798031|10.042023658752441\", \"map_goal\": \"-29.611574172973633|0.3|0|-0.5670166015625\", \"map_next_goal\": \"0.5285676717758179|0.4524883061647415|0|-0.5581969618797302\"}", "planning": "{\"result_type\": 1, \"path\": [\"(128, 107, 0)\", \"(128, 106, 185.71059313749964)\", \"(128, 105, 185.71059313749964)\", \"(128, 104, 185.71059313749964)\", \"(128, 103, 185.71059313749964)\", \"(128, 102, 185.71059313749964)\", \"(128, 101, 185.71059313749964)\", \"(128, 100, 185.71059313749964)\", \"(128, 99, 185.71059313749964)\", \"(128, 98, 185.71059313749964)\", \"(129, 97, 185.71059313749964)\", \"(129, 96, 185.71059313749964)\", \"(129, 95, 185.71059313749964)\", \"(129, 94, 185.71059313749964)\", \"(129, 93, 185.71059313749964)\", \"(129, 92, 185.71059313749964)\", \"(129, 91, 185.71059313749964)\", \"(129, 90, 185.71059313749964)\", \"(129, 89, 185.71059313749964)\", \"(129, 88, 185.71059313749964)\", \"(130, 87, 185.71059313749964)\", \"(130, 86, 185.71059313749964)\", \"(130, 85, 185.71059313749964)\", \"(130, 84, 185.71059313749964)\", \"(130, 83, 185.71059313749964)\", \"(130, 82, 185.71059313749964)\", \"(130, 81, 185.71059313749964)\", \"(130, 80, 185.71059313749964)\", \"(130, 79, 185.71059313749964)\", \"(130, 78, 185.71059313749964)\", \"(131, 77, 185.71059313749964)\", \"(131, 76, 185.71059313749964)\", \"(131, 75, 185.71059313749964)\", \"(131, 74, 185.71059313749964)\", \"(131, 73, 185.71059313749964)\", \"(131, 72, 185.71059313749964)\", \"(131, 71, 185.71059313749964)\", \"(131, 70, 185.71059313749964)\", \"(131, 69, 185.71059313749964)\", \"(131, 68, 185.71059313749964)\", \"(132, 67, 0)\", \"(132, 67, 0)\", \"(131, 66, 173.8844964337146)\", \"(131, 65, 173.8844964337146)\", \"(131, 64, 173.8844964337146)\", \"(131, 63, 173.8844964337146)\", \"(131, 62, 173.8844964337146)\", \"(131, 61, 173.8844964337146)\", \"(131, 60, 173.8844964337146)\", \"(131, 59, 173.8844964337146)\", \"(131, 58, 173.8844964337146)\", \"(130, 57, 173.8844964337146)\", \"(130, 56, 173.8844964337146)\", \"(130, 55, 173.8844964337146)\", \"(130, 54, 173.8844964337146)\", \"(130, 53, 173.8844964337146)\", \"(130, 52, 173.8844964337146)\", \"(130, 51, 173.8844964337146)\", \"(130, 50, 173.8844964337146)\", \"(130, 49, 173.8844964337146)\", \"(129, 48, 173.8844964337146)\", \"(129, 47, 173.8844964337146)\", \"(129, 46, 173.8844964337146)\", \"(129, 45, 173.8844964337146)\", \"(129, 44, 173.8844964337146)\", \"(129, 43, 173.8844964337146)\", \"(129, 42, 173.8844964337146)\", \"(129, 41, 173.8844964337146)\", \"(129, 40, 173.8844964337146)\", \"(129, 39, 0)\", \"(129, 39, 0)\", \"(128, 38, 176.18592516570965)\", \"(128, 37, 176.18592516570965)\", \"(128, 36, 176.18592516570965)\", \"(128, 35, 176.18592516570965)\", \"(128, 34, 176.18592516570965)\", \"(128, 33, 176.18592516570965)\", \"(128, 32, 176.18592516570965)\", \"(128, 31, 176.18592516570965)\", \"(128, 30, 176.18592516570965)\", \"(128, 29, 176.18592516570965)\", \"(128, 28, 176.18592516570965)\", \"(128, 27, 176.18592516570965)\", \"(128, 26, 176.18592516570965)\", \"(128, 25, 176.18592516570965)\", \"(128, 24, 0)\", \"(128, 24, 0)\", \"(127, 24, 83.6598082540901)\", \"(126, 24, 83.6598082540901)\", \"(125, 24, 83.6598082540901)\", \"(124, 24, 83.6598082540901)\", \"(123, 24, 83.6598082540901)\", \"(122, 24, 83.6598082540901)\", \"(121, 24, 83.6598082540901)\", \"(120, 24, 83.6598082540901)\", \"(119, 25, 83.6598082540901)\", \"(118, 25, 83.6598082540901)\", \"(117, 25, 83.6598082540901)\", \"(116, 25, 83.6598082540901)\", \"(115, 25, 83.6598082540901)\", \"(114, 25, 83.6598082540901)\", \"(113, 25, 83.6598082540901)\", \"(112, 25, 83.6598082540901)\", \"(111, 25, 83.6598082540901)\", \"(110, 26, 0)\", \"(110, 26, 0)\", \"(110, 25, 188.13010235415598)\", \"(110, 24, 188.13010235415598)\", \"(110, 23, 188.13010235415598)\", \"(110, 22, 188.13010235415598)\", \"(110, 21, 188.13010235415598)\", \"(110, 20, 188.13010235415598)\", \"(111, 19, 0)\", \"(111, 19, 0)\", \"(110, 18, 156.03751102542182)\", \"(110, 17, 156.03751102542182)\", \"(109, 16, 156.03751102542182)\", \"(109, 15, 156.03751102542182)\", \"(108, 14, 156.03751102542182)\", \"(108, 13, 156.03751102542182)\", \"(107, 12, 156.03751102542182)\", \"(107, 11, 156.03751102542182)\", \"(107, 10, 0)\", \"(107, 10, 0)\", \"(106, 9, 104.03624346792648)\", \"(105, 9, 104.03624346792648)\", \"(104, 9, 104.03624346792648)\", \"(103, 9, 104.03624346792648)\", \"(102, 8, 104.03624346792648)\", \"(101, 8, 104.03624346792648)\", \"(100, 8, 104.03624346792648)\", \"(99, 8, 0)\", \"(99, 8, 0)\", \"(98, 7, 135.0)\", \"(97, 6, 135.0)\", \"(96, 5, 135.0)\", \"(95, 4, 135.0)\", \"(94, 3, 0)\"], \"timeout\": false, \"planner_name\": \"RRT*\", \"total_exec_time_ms\": 261.08646392822266, \"local_start\": \"(128, 107, 0)\", \"local_goal\": \"(92, 0, -8.325650330426837)\", \"goal_direction\": 10, \"ego_location\": \"-66.0203857421875|-1.24225914478302|0.02880167029798031|10.042023658752441\", \"map_goal\": \"-29.611574172973633|0.3|0|-0.5670166015625\", \"map_next_goal\": \"0.5285676717758179|0.4524883061647415|0|-0.5581969618797302\"}", "collision_report": ""}
