{"pre_planning": "{\"result_type\": 0, \"path\": [], \"timeout\": false, \"planner_name\": \"-\", \"total_exec_time_ms\": 0, \"local_start\": \"None\", \"local_goal\": \"None\", \"goal_direction\": 0, \"ego_location\": \"-99.99856567382812|-4.805320349987596e-05|0.011505794711411|0.002085890620946884\", \"map_goal\": \"-59.809959411621094|0.3|0|-0.555572509765625\", \"map_next_goal\": \"-29.611574172973633|0.3|0|-0.5670166015625\"}", "planning": "{\"result_type\": 1, \"path\": [\"(128, 107, 0)\", \"(128, 106, 185.71059313749964)\", \"(128, 105, 185.71059313749964)\", \"(128, 104, 185.71059313749964)\", \"(128, 103, 185.71059313749964)\", \"(128, 102, 185.71059313749964)\", \"(128, 101, 185.71059313749964)\", \"(128, 100, 185.71059313749964)\", \"(128, 99, 185.71059313749964)\", \"(128, 98, 185.71059313749964)\", \"(129, 97, 185.71059313749964)\", \"(129, 96, 185.71059313749964)\", \"(129, 95, 185.71059313749964)\", \"(129, 94, 185.71059313749964)\", \"(129, 93, 185.71059313749964)\", \"(129, 92, 185.71059313749964)\", \"(129, 91, 185.71059313749964)\", \"(129, 90, 185.71059313749964)\", \"(129, 89, 185.71059313749964)\", \"(129, 88, 185.71059313749964)\", \"(130, 87, 185.71059313749964)\", \"(130, 86, 185.71059313749964)\", \"(130, 85, 185.71059313749964)\", \"(130, 84, 185.71059313749964)\", \"(130, 83, 185.71059313749964)\", \"(130, 82, 185.71059313749964)\", \"(130, 81, 185.71059313749964)\", \"(130, 80, 185.71059313749964)\", \"(130, 79, 185.71059313749964)\", \"(130, 78, 185.71059313749964)\", \"(131, 77, 185.71059313749964)\", \"(131, 76, 185.71059313749964)\", \"(131, 75, 185.71059313749964)\", \"(131, 74, 185.71059313749964)\", \"(131, 73, 185.71059313749964)\", \"(131, 72, 185.71059313749964)\", \"(131, 71, 185.71059313749964)\", \"(131, 70, 185.71059313749964)\", \"(131, 69, 185.71059313749964)\", \"(131, 68, 185.71059313749964)\", \"(132, 67, 0)\", \"(132, 67, 0)\", \"(132, 66, 180.0)\", \"(132, 65, 180.0)\", \"(132, 64, 180.0)\", \"(132, 63, 180.0)\", \"(132, 62, 180.0)\", \"(132, 61, 180.0)\", \"(132, 60, 180.0)\", \"(132, 59, 180.0)\", \"(132, 58, 180.0)\", \"(132, 57, 180.0)\", \"(132, 56, 180.0)\", \"(132, 55, 180.0)\", \"(132, 54, 180.0)\", \"(132, 53, 180.0)\", \"(132, 52, 180.0)\", \"(132, 51, 180.0)\", \"(132, 50, 180.0)\", \"(132, 49, 180.0)\", \"(132, 48, 180.0)\", \"(132, 47, 180.0)\", \"(132, 46, 180.0)\", \"(132, 45, 180.0)\", \"(132, 44, 180.0)\", \"(132, 43, 180.0)\", \"(132, 42, 180.0)\", \"(132, 41, 180.0)\", \"(132, 40, 180.0)\", \"(132, 39, 180.0)\", \"(132, 38, 180.0)\", \"(132, 37, 180.0)\", \"(132, 36, 180.0)\", \"(132, 35, 180.0)\", \"(132, 34, 180.0)\", \"(132, 33, 180.0)\", \"(132, 32, 180.0)\", \"(132, 31, 180.0)\", \"(132, 30, 180.0)\", \"(132, 29, 180.0)\", \"(132, 28, 180.0)\", \"(132, 27, 0)\", \"(132, 27, 0)\", \"(131, 26, 173.15722658736905)\", \"(131, 25, 173.15722658736905)\", \"(131, 24, 173.15722658736905)\", \"(131, 23, 173.15722658736905)\", \"(131, 22, 173.15722658736905)\", \"(131, 21, 173.15722658736905)\", \"(131, 20, 173.15722658736905)\", \"(131, 19, 173.15722658736905)\", \"(130, 18, 173.15722658736905)\", \"(130, 17, 173.15722658736905)\", \"(130, 16, 173.15722658736905)\", \"(130, 15, 173.15722658736905)\", \"(130, 14, 173.15722658736905)\", \"(130, 13, 173.15722658736905)\", \"(130, 12, 173.15722658736905)\", \"(130, 11, 173.15722658736905)\", \"(129, 10, 173.15722658736905)\", \"(129, 9, 173.15722658736905)\", \"(129, 8, 173.15722658736905)\", \"(129, 7, 173.15722658736905)\", \"(129, 6, 173.15722658736905)\", \"(129, 5, 173.15722658736905)\", \"(129, 4, 173.15722658736905)\", \"(129, 3, 173.15722658736905)\", \"(129, 2, 0)\"], \"timeout\": false, \"planner_name\": \"RRT*\", \"total_exec_time_ms\": 27.697086334228516, \"local_start\": \"(128, 107, 0)\", \"local_goal\": \"(130, 0, 0.4151795411448609)\", \"goal_direction\": 9, \"ego_location\": \"-99.99856567382812|-4.805320349987596e-05|0.011505794711411|0.002085890620946884\", \"map_goal\": \"-59.809959411621094|0.3|0|-0.555572509765625\", \"map_next_goal\": \"-29.611574172973633|0.3|0|-0.5670166015625\"}", "collision_report": ""}
