{"pre_planning": "{\"result_type\": 0, \"path\": [], \"timeout\": false, \"planner_name\": \"-\", \"total_exec_time_ms\": 0, \"local_start\": \"None\", \"local_goal\": \"None\", \"goal_direction\": 0, \"ego_location\": \"-82.96043395996094|0.0994098037481308|0.02855287492275238|-5.852694988250732\", \"map_goal\": \"-59.809959411621094|0.3|0|-0.555572509765625\", \"map_next_goal\": \"-29.611574172973633|0.3|0|-0.5670166015625\"}", "planning": "{\"result_type\": 1, \"path\": [\"(127, 105, -0.6123493909835815)\", \"(126, 104, -0.26179933547973633)\", \"(126, 103, -0.5235987305641174)\", \"(125, 102, 0.0)\", \"(125, 101, -0.10725017637014389)\", \"(125, 100, -0.26179933547973633)\", \"(125, 99, -0.5235987305641174)\", \"(124, 98, 0.0)\", \"(124, 97, 0.0)\", \"(124, 96, 0.0)\", \"(124, 95, 0.0)\", \"(124, 94, 0.0)\", \"(124, 93, 0.0)\", \"(124, 92, 0.0)\", \"(124, 91, 0.10725017637014389)\", \"(124, 90, 0.2617993652820587)\", \"(124, 89, 0.5235987901687622)\", \"(125, 88, 0.0)\", \"(125, 87, 0.10725017637014389)\", \"(125, 86, 0.2617993652820587)\", \"(125, 85, 0.5235987901687622)\", \"(126, 84, 0.0)\", \"(126, 83, 0.10725017637014389)\", \"(126, 82, 0.2617993652820587)\", \"(126, 81, 0.5235987901687622)\", \"(127, 80, 0.10725017637014389)\", \"(127, 79, 0.2617993652820587)\", \"(127, 78, 0.6123495101928711)\", \"(128, 77, 0.2617993652820587)\", \"(128, 76, 0.5235987901687622)\", \"(129, 75, 0.10725017637014389)\", \"(129, 74, 0.2617993652820587)\", \"(129, 73, 0.5235987901687622)\", \"(130, 72, 0.10725017637014389)\", \"(130, 71, 0.2617993652820587)\", \"(130, 70, 0.6123495101928711)\", \"(131, 69, 0.2617993652820587)\", \"(131, 68, 0.5235987901687622)\", \"(132, 67, 0.10725017637014389)\", \"(132, 66, 0.2617993652820587)\", \"(132, 65, 0.5235987901687622)\", \"(133, 64, 0.10725017637014389)\", \"(133, 63, 0.2617993652820587)\", \"(133, 62, 0.5235987901687622)\", \"(134, 61, 0.0)\", \"(134, 60, 0.10725017637014389)\", \"(134, 59, 0.2617993652820587)\", \"(134, 58, 0.5235987901687622)\", \"(135, 57, 0.0)\", \"(135, 56, 0.0)\", \"(135, 55, 0.0)\", \"(135, 54, 0.0)\", \"(135, 53, 0.0)\", \"(135, 52, 0.0)\", \"(135, 51, 0.0)\", \"(135, 50, 0.0)\", \"(135, 49, 0.0)\", \"(135, 48, 0.0)\", \"(135, 47, 0.0)\", \"(135, 46, 0.0)\", \"(135, 45, 0.0)\", \"(135, 44, 0.0)\", \"(135, 43, -0.10725017637014389)\", \"(135, 42, -0.26179933547973633)\", \"(135, 41, -0.5235987305641174)\", \"(134, 40, 0.0)\", \"(134, 39, -0.10725017637014389)\", \"(134, 38, -0.26179933547973633)\", \"(134, 37, -0.5235987305641174)\", \"(133, 36, -0.10725017637014389)\", \"(133, 35, -0.26179933547973633)\", \"(133, 34, -0.5235987305641174)\", \"(132, 33, -0.10725017637014389)\", \"(132, 32, -0.26179933547973633)\", \"(132, 31, -0.5235987305641174)\", \"(131, 30, -0.10725017637014389)\", \"(131, 29, -0.26179933547973633)\", \"(131, 28, -0.6123493909835815)\", \"(130, 27, -0.26179933547973633)\", \"(130, 26, -0.5235987305641174)\", \"(129, 25, -0.10725017637014389)\", \"(129, 24, -0.26179933547973633)\", \"(129, 23, -0.5235987305641174)\", \"(128, 22, 0.0)\", \"(128, 21, 0.0)\", \"(128, 20, -0.10725017637014389)\", \"(128, 19, -0.26179933547973633)\", \"(128, 18, -0.5235987305641174)\", \"(127, 17, 0.0)\", \"(127, 16, 0.10725017637014389)\", \"(127, 15, 0.2617993652820587)\", \"(127, 14, 0.5235987901687622)\", \"(128, 13, 0.0)\", \"(128, 12, 0.10725017637014389)\", \"(128, 11, 0.2617993652820587)\", \"(128, 10, 0.6123495101928711)\", \"(129, 9, 0.3505500853061676)\", \"(129, 8, 0.7853981852531433)\", \"(130, 7, 0.7853981852531433)\", \"(131, 6, 1.2431985139846802)\", \"(132, 5, 1.0471975803375244)\", \"(133, 4, 0.7853981852531433)\"], \"timeout\": false, \"planner_name\": \"RRT*\", \"total_exec_time_ms\": 107.59544372558594, \"local_start\": \"(128, 107, 0)\", \"local_goal\": \"(146, 0, 6.842773412630933)\", \"goal_direction\": 9, \"ego_location\": \"-82.96043395996094|0.0994098037481308|0.02855287492275238|-5.852694988250732\", \"map_goal\": \"-59.809959411621094|0.3|0|-0.555572509765625\", \"map_next_goal\": \"-29.611574172973633|0.3|0|-0.5670166015625\"}", "collision_report": ""}
