{"pre_planning": "{\"result_type\": 0, \"path\": [], \"timeout\": false, \"planner_name\": \"-\", \"total_exec_time_ms\": 0, \"local_start\": \"None\", \"local_goal\": \"None\", \"goal_direction\": 0, \"ego_location\": \"-6.039557456970215|3.254854440689087|0.014422664418816566|56.60220718383789\", \"map_goal\": \"30.688690185546875|-0.07684602588415146|0|0.14715316891670227\", \"map_next_goal\": \"None\"}", "planning": "{\"result_type\": 1, \"path\": [\"(128, 107, 0)\", \"(127, 108, 33.11134196037202)\", \"(126, 109, 33.11134196037202)\", \"(126, 110, 33.11134196037202)\", \"(125, 111, 33.11134196037202)\", \"(124, 112, 33.11134196037202)\", \"(124, 113, 33.11134196037202)\", \"(123, 114, 33.11134196037202)\", \"(122, 115, 33.11134196037202)\", \"(122, 116, 33.11134196037202)\", \"(121, 117, 33.11134196037202)\", \"(120, 118, 33.11134196037202)\", \"(120, 119, 33.11134196037202)\", \"(119, 120, 33.11134196037202)\", \"(118, 121, 33.11134196037202)\", \"(118, 122, 33.11134196037202)\", \"(117, 123, 33.11134196037202)\", \"(116, 124, 33.11134196037202)\", \"(116, 125, 33.11134196037202)\", \"(115, 126, 33.11134196037202)\", \"(114, 127, 33.11134196037202)\", \"(114, 128, 33.11134196037202)\", \"(113, 129, 33.11134196037202)\", \"(113, 130, 0)\", \"(113, 130, 0)\", \"(112, 130, 74.74488129694222)\", \"(111, 130, 74.74488129694222)\", \"(110, 130, 74.74488129694222)\", \"(109, 131, 74.74488129694222)\", \"(108, 131, 74.74488129694222)\", \"(107, 131, 74.74488129694222)\", \"(106, 131, 74.74488129694222)\", \"(105, 132, 74.74488129694222)\", \"(104, 132, 74.74488129694222)\", \"(103, 132, 74.74488129694222)\", \"(102, 133, 0)\", \"(102, 133, 0)\", \"(101, 132, 131.05481377096245)\", \"(100, 131, 131.05481377096245)\", \"(99, 130, 131.05481377096245)\", \"(98, 129, 131.05481377096245)\", \"(97, 128, 131.05481377096245)\", \"(96, 127, 131.05481377096245)\", \"(95, 126, 131.05481377096245)\", \"(94, 126, 131.05481377096245)\", \"(93, 125, 131.05481377096245)\", \"(92, 124, 131.05481377096245)\", \"(91, 123, 131.05481377096245)\", \"(90, 122, 131.05481377096245)\", \"(89, 121, 131.05481377096245)\", \"(88, 120, 131.05481377096245)\", \"(87, 119, 131.05481377096245)\", \"(86, 119, 131.05481377096245)\", \"(85, 118, 131.05481377096245)\", \"(84, 117, 131.05481377096245)\", \"(83, 116, 131.05481377096245)\", \"(82, 115, 131.05481377096245)\", \"(81, 114, 131.05481377096245)\", \"(80, 113, 131.05481377096245)\", \"(79, 112, 131.05481377096245)\", \"(78, 112, 131.05481377096245)\", \"(77, 111, 131.05481377096245)\", \"(76, 110, 131.05481377096245)\", \"(75, 109, 131.05481377096245)\", \"(74, 108, 131.05481377096245)\", \"(73, 107, 131.05481377096245)\", \"(72, 106, 131.05481377096245)\", \"(71, 106, 0)\", \"(71, 106, 0)\", \"(70, 105, 135.0)\", \"(69, 104, 135.0)\", \"(68, 103, 135.0)\", \"(67, 102, 135.0)\", \"(66, 101, 135.0)\", \"(65, 100, 135.0)\", \"(64, 99, 135.0)\", \"(63, 98, 135.0)\", \"(62, 97, 135.0)\", \"(61, 96, 135.0)\", \"(60, 95, 135.0)\", \"(59, 94, 135.0)\", \"(58, 93, 135.0)\", \"(57, 92, 135.0)\", \"(56, 91, 135.0)\", \"(55, 90, 135.0)\", \"(54, 89, 135.0)\", \"(53, 88, 135.0)\", \"(52, 87, 135.0)\", \"(51, 86, 135.0)\", \"(50, 85, 135.0)\", \"(49, 84, 135.0)\", \"(48, 83, 135.0)\", \"(47, 82, 135.0)\", \"(46, 81, 135.0)\", \"(45, 80, 135.0)\", \"(44, 79, 135.0)\", \"(43, 78, 135.0)\", \"(42, 77, 0)\", \"(42, 77, 0)\", \"(41, 76, 104.82647997035568)\", \"(40, 76, 104.82647997035568)\", \"(39, 76, 104.82647997035568)\", \"(38, 75, 104.82647997035568)\", \"(37, 75, 104.82647997035568)\", \"(36, 75, 104.82647997035568)\", \"(35, 75, 104.82647997035568)\", \"(34, 74, 104.82647997035568)\", \"(33, 74, 104.82647997035568)\", \"(32, 74, 104.82647997035568)\", \"(31, 74, 104.82647997035568)\", \"(30, 73, 104.82647997035568)\", \"(29, 73, 104.82647997035568)\", \"(28, 73, 104.82647997035568)\", \"(27, 73, 104.82647997035568)\", \"(26, 72, 104.82647997035568)\", \"(25, 72, 104.82647997035568)\", \"(24, 72, 104.82647997035568)\", \"(23, 71, 104.82647997035568)\", \"(22, 71, 104.82647997035568)\", \"(21, 71, 104.82647997035568)\", \"(20, 71, 104.82647997035568)\", \"(19, 70, 104.82647997035568)\", \"(18, 70, 104.82647997035568)\", \"(17, 70, 104.82647997035568)\", \"(16, 70, 104.82647997035568)\", \"(15, 69, 104.82647997035568)\", \"(14, 69, 104.82647997035568)\", \"(13, 69, 104.82647997035568)\", \"(12, 69, 104.82647997035568)\", \"(11, 68, 104.82647997035568)\", \"(10, 68, 104.82647997035568)\", \"(9, 68, 104.82647997035568)\", \"(8, 68, 0)\"], \"timeout\": false, \"planner_name\": \"RRT*\", \"total_exec_time_ms\": 56.89048767089844, \"local_start\": \"(128, 107, 0)\", \"local_goal\": \"(0, 68, -65.77225468204584)\", \"goal_direction\": 10, \"ego_location\": \"-6.039557456970215|3.254854440689087|0.014422664418816566|56.60220718383789\", \"map_goal\": \"30.688690185546875|-0.07684602588415146|0|0.14715316891670227\", \"map_next_goal\": \"None\"}", "collision_report": ""}
