{"pre_planning": "{\"result_type\": 0, \"path\": [], \"timeout\": false, \"planner_name\": \"-\", \"total_exec_time_ms\": 0, \"local_start\": \"None\", \"local_goal\": \"None\", \"goal_direction\": 0, \"ego_location\": \"42.29078674316406|-209.83436584472656|3.397033214569092|-89.1640625\", \"map_goal\": \"38.70763397216797|-221.2950897216797|0|-111.70418548583984\", \"map_next_goal\": \"33.24759292602539|-229.6529998779297|0|-131.0015106201172\"}", "planning": "{\"result_type\": 5, \"path\": [], \"timeout\": 0, \"planner_name\": \"-\", \"total_exec_time_ms\": 0, \"local_start\": \"(128, 107, 0)\", \"local_goal\": \"(100, 43, -34.34609740006153)\", \"goal_direction\": 10, \"ego_location\": \"42.29078674316406|-209.83436584472656|3.397033214569092|-89.1640625\", \"map_goal\": \"38.70763397216797|-221.2950897216797|0|-111.70418548583984\", \"map_next_goal\": \"33.24759292602539|-229.6529998779297|0|-131.0015106201172\"}", "collision_report": ""}
