{"pre_planning": "{\"result_type\": 0, \"path\": [], \"timeout\": false, \"planner_name\": \"-\", \"total_exec_time_ms\": 0, \"local_start\": \"None\", \"local_goal\": \"None\", \"goal_direction\": 0, \"ego_location\": \"38.27349090576172|-0.2814926505088806|0.028447283431887627|-2.958496332168579\", \"map_goal\": \"50.75764083862305|0.30347898602485657|0|1.610583782196045\", \"map_next_goal\": \"60.768245697021484|0.7094560265541077|0|2.441657066345215\"}", "planning": "{\"result_type\": 5, \"path\": [], \"timeout\": 0, \"planner_name\": \"-\", \"total_exec_time_ms\": 0, \"local_start\": \"(128, 107, 0)\", \"local_goal\": \"(137, 36, 4.69868051729943)\", \"goal_direction\": 9, \"ego_location\": \"38.27349090576172|-0.2814926505088806|0.028447283431887627|-2.958496332168579\", \"map_goal\": \"50.75764083862305|0.30347898602485657|0|1.610583782196045\", \"map_next_goal\": \"60.768245697021484|0.7094560265541077|0|2.441657066345215\"}", "collision_report": ""}
