{"pre_planning": "{\"result_type\": 0, \"path\": [], \"timeout\": false, \"planner_name\": \"-\", \"total_exec_time_ms\": 0, \"local_start\": \"None\", \"local_goal\": \"None\", \"goal_direction\": 0, \"ego_location\": \"70.33056640625|-39.61695098876953|2.0637471675872803|-110.29145812988281\", \"map_goal\": \"59.94794464111328|-56.54953384399414|0|-105.20287322998047\", \"map_next_goal\": \"59.26138687133789|-66.584228515625|0|-85.83565521240234\"}", "planning": "{\"result_type\": 1, \"path\": [\"(127, 126, 0)\", \"(126, 124, 0)\", \"(126, 122, 0)\", \"(125, 121, 0)\", \"(124, 119, 0)\", \"(123, 117, 0)\", \"(122, 116, 0)\", \"(121, 114, 0)\", \"(120, 113, 0)\", \"(119, 111, 0)\", \"(119, 109, 0)\", \"(118, 108, 0)\", \"(117, 106, 0)\", \"(117, 104, 0)\", \"(116, 102, 0)\", \"(115, 101, 0)\", \"(115, 99, 0)\", \"(114, 97, 0)\", \"(113, 96, 0)\", \"(113, 94, 0)\", \"(112, 92, 0)\", \"(111, 90, 0)\", \"(111, 89, 0)\", \"(110, 87, 0)\", \"(109, 85, 0)\", \"(109, 84, 0)\", \"(108, 82, 0)\", \"(107, 80, 0)\", \"(107, 78, 0)\", \"(106, 77, 0)\", \"(105, 75, 0)\", \"(105, 73, 0)\", \"(104, 71, 0)\", \"(103, 70, 0)\", \"(103, 68, 0)\", \"(102, 66, 0)\", \"(101, 65, 0)\", \"(101, 63, 0)\", \"(100, 61, 0)\", \"(99, 59, 0)\", \"(99, 58, 0)\", \"(98, 56, 0)\", \"(98, 54, 0)\", \"(98, 52, 0)\", \"(98, 50, 0)\", \"(99, 48, 0)\", \"(99, 47, 0)\", \"(99, 45, 0)\", \"(99, 43, 0)\", \"(100, 41, 0)\", \"(100, 39, 0)\", \"(101, 38, 0)\", \"(101, 36, 0)\", \"(102, 34, 0)\", \"(103, 32, 0)\", \"(104, 31, 0)\", \"(105, 29, 0)\", \"(104, 27, 0)\", \"(104, 26, 0)\", \"(104, 24, 0)\", \"(104, 22, 0)\", \"(103, 20, 0)\", \"(103, 18, 0)\", \"(103, 16, 0)\", \"(103, 15, 0)\", \"(103, 13, 0)\", \"(103, 11, 0)\", \"(103, 9, 0)\", \"(103, 7, 0)\", \"(103, 5, 0)\", \"(103, 4, 0)\", \"(103, 2, 0)\", \"(103, 0, 0)\"], \"timeout\": false, \"planner_name\": \"Hybrid A*\", \"total_exec_time_ms\": 206.47168159484863, \"local_start\": \"(128, 107, 0)\", \"local_goal\": \"(99, 0, 16.260204708311957)\", \"goal_direction\": 9, \"ego_location\": \"70.33056640625|-39.61695098876953|2.0637471675872803|-110.29145812988281\", \"map_goal\": \"59.94794464111328|-56.54953384399414|0|-105.20287322998047\", \"map_next_goal\": \"59.26138687133789|-66.584228515625|0|-85.83565521240234\"}", "collision_report": ""}
