{"pre_planning": "{\"result_type\": 0, \"path\": [], \"timeout\": false, \"planner_name\": \"-\", \"total_exec_time_ms\": 0, \"local_start\": \"None\", \"local_goal\": \"None\", \"goal_direction\": 0, \"ego_location\": \"43.754310607910156|-190.64224243164062|4.893371105194092|-107.04867553710938\", \"map_goal\": \"41.240116119384766|-211.56072998046875|0|-99.22148895263672\", \"map_next_goal\": \"38.70763397216797|-221.2950897216797|0|-111.70418548583984\"}", "planning": "{\"result_type\": 1, \"path\": [\"(127, 126, 0)\", \"(127, 124, 0)\", \"(127, 122, 0)\", \"(127, 120, 0)\", \"(127, 118, 0)\", \"(128, 116, 0)\", \"(127, 115, 0)\", \"(128, 113, 0)\", \"(128, 111, 0)\", \"(128, 109, 0)\", \"(128, 107, 0)\", \"(128, 105, 0)\", \"(128, 103, 0)\", \"(128, 102, 0)\", \"(128, 100, 0)\", \"(128, 98, 0)\", \"(128, 96, 0)\", \"(128, 94, 0)\", \"(128, 92, 0)\", \"(128, 91, 0)\", \"(128, 89, 0)\", \"(128, 87, 0)\", \"(128, 85, 0)\", \"(128, 83, 0)\", \"(128, 81, 0)\", \"(128, 79, 0)\", \"(128, 78, 0)\", \"(128, 76, 0)\", \"(128, 74, 0)\", \"(128, 72, 0)\", \"(128, 70, 0)\", \"(128, 68, 0)\", \"(128, 67, 0)\", \"(128, 65, 0)\", \"(129, 63, 0)\", \"(129, 61, 0)\", \"(130, 60, 0)\", \"(131, 58, 0)\", \"(132, 56, 0)\", \"(133, 55, 0)\", \"(134, 53, 0)\", \"(135, 52, 0)\", \"(136, 50, 0)\", \"(137, 49, 0)\", \"(138, 47, 0)\", \"(139, 46, 0)\", \"(141, 45, 0)\", \"(142, 43, 0)\", \"(143, 41, 0)\", \"(143, 40, 0)\", \"(144, 38, 0)\", \"(144, 36, 0)\", \"(144, 34, 0)\", \"(145, 33, 0)\", \"(145, 31, 0)\", \"(145, 29, 0)\", \"(146, 27, 0)\", \"(147, 25, 0)\", \"(147, 24, 0)\", \"(148, 22, 0)\", \"(148, 20, 0)\", \"(149, 18, 0)\", \"(150, 17, 0)\", \"(150, 15, 0)\", \"(151, 13, 0)\", \"(151, 11, 0)\", \"(152, 10, 0)\", \"(153, 8, 0)\", \"(153, 6, 0)\", \"(154, 4, 0)\", \"(154, 3, 0)\", \"(155, 1, 0)\"], \"timeout\": false, \"planner_name\": \"Hybrid A*\", \"total_exec_time_ms\": 280.43222427368164, \"local_start\": \"(128, 107, 0)\", \"local_goal\": \"(152, 0, 2.3215305898327103)\", \"goal_direction\": 9, \"ego_location\": \"43.754310607910156|-190.64224243164062|4.893371105194092|-107.04867553710938\", \"map_goal\": \"41.240116119384766|-211.56072998046875|0|-99.22148895263672\", \"map_next_goal\": \"38.70763397216797|-221.2950897216797|0|-111.70418548583984\"}", "collision_report": ""}
