{"pre_planning": "{\"result_type\": 0, \"path\": [], \"timeout\": false, \"planner_name\": \"-\", \"total_exec_time_ms\": 0, \"local_start\": \"None\", \"local_goal\": \"None\", \"goal_direction\": 0, \"ego_location\": \"20.546640396118164|-0.34270861744880676|0.028510073199868202|14.329011917114258\", \"map_goal\": \"30.688690185546875|-0.07684602588415146|0|0.14715316891670227\", \"map_next_goal\": \"40.7393684387207|0.04634455591440201|0|1.1664600372314453\"}", "planning": "{\"result_type\": 5, \"path\": [], \"timeout\": 0, \"planner_name\": \"-\", \"total_exec_time_ms\": 0, \"local_start\": \"(128, 107, 0)\", \"local_goal\": \"(111, 54, -14.2259638987518)\", \"goal_direction\": 10, \"ego_location\": \"20.546640396118164|-0.34270861744880676|0.028510073199868202|14.329011917114258\", \"map_goal\": \"30.688690185546875|-0.07684602588415146|0|0.14715316891670227\", \"map_next_goal\": \"40.7393684387207|0.04634455591440201|0|1.1664600372314453\"}", "collision_report": ""}
