{"pre_planning": "{\"result_type\": 0, \"path\": [], \"timeout\": false, \"planner_name\": \"-\", \"total_exec_time_ms\": 0, \"local_start\": \"None\", \"local_goal\": \"None\", \"goal_direction\": 0, \"ego_location\": \"20.546640396118164|-0.34270861744880676|0.028510073199868202|14.329011917114258\", \"map_goal\": \"40.7393684387207|0.04634455591440201|0|1.1664600372314453\", \"map_next_goal\": \"50.75764083862305|0.30347898602485657|0|1.610583782196045\"}", "planning": "{\"result_type\": 1, \"path\": [\"(127, 126, 0)\", \"(126, 124, 0)\", \"(126, 122, 0)\", \"(125, 121, 0)\", \"(124, 119, 0)\", \"(123, 117, 0)\", \"(122, 116, 0)\", \"(121, 114, 0)\", \"(120, 113, 0)\", \"(119, 111, 0)\", \"(119, 109, 0)\", \"(118, 108, 0)\", \"(117, 106, 0)\", \"(117, 104, 0)\", \"(116, 102, 0)\", \"(115, 101, 0)\", \"(115, 99, 0)\", \"(114, 97, 0)\", \"(113, 96, 0)\", \"(113, 94, 0)\", \"(112, 92, 0)\", \"(111, 90, 0)\", \"(111, 89, 0)\", \"(110, 87, 0)\", \"(109, 85, 0)\", \"(109, 84, 0)\", \"(108, 82, 0)\", \"(107, 80, 0)\", \"(107, 78, 0)\", \"(106, 77, 0)\", \"(105, 75, 0)\", \"(105, 73, 0)\", \"(104, 71, 0)\", \"(103, 70, 0)\", \"(103, 68, 0)\", \"(102, 66, 0)\", \"(101, 65, 0)\", \"(101, 63, 0)\", \"(100, 61, 0)\", \"(99, 59, 0)\", \"(99, 58, 0)\", \"(98, 56, 0)\", \"(97, 54, 0)\", \"(96, 53, 0)\", \"(96, 51, 0)\", \"(95, 49, 0)\", \"(95, 47, 0)\", \"(95, 45, 0)\", \"(95, 44, 0)\", \"(95, 42, 0)\", \"(95, 40, 0)\", \"(95, 38, 0)\", \"(96, 36, 0)\", \"(96, 34, 0)\", \"(96, 33, 0)\", \"(97, 31, 0)\", \"(97, 29, 0)\", \"(98, 27, 0)\", \"(99, 26, 0)\", \"(100, 24, 0)\", \"(100, 22, 0)\", \"(101, 21, 0)\", \"(101, 19, 0)\", \"(101, 17, 0)\", \"(101, 15, 0)\", \"(100, 13, 0)\", \"(100, 11, 0)\", \"(99, 10, 0)\", \"(99, 8, 0)\", \"(98, 6, 0)\", \"(97, 4, 0)\", \"(97, 3, 0)\", \"(96, 1, 0)\"], \"timeout\": false, \"planner_name\": \"Hybrid A*\", \"total_exec_time_ms\": 107.69057273864746, \"local_start\": \"(128, 107, 0)\", \"local_goal\": \"(93, 0, -12.52880770915151)\", \"goal_direction\": 10, \"ego_location\": \"20.546640396118164|-0.34270861744880676|0.028510073199868202|14.329011917114258\", \"map_goal\": \"40.7393684387207|0.04634455591440201|0|1.1664600372314453\", \"map_next_goal\": \"50.75764083862305|0.30347898602485657|0|1.610583782196045\"}", "collision_report": ""}
