{"pre_planning": "{\"result_type\": 0, \"path\": [], \"timeout\": false, \"planner_name\": \"-\", \"total_exec_time_ms\": 0, \"local_start\": \"None\", \"local_goal\": \"None\", \"goal_direction\": 0, \"ego_location\": \"66.642333984375|-107.47842407226562|8.102224349975586|-70.38353729248047\", \"map_goal\": \"66.30941009521484|-126.41301727294922|0|-101.40904998779297\", \"map_next_goal\": \"62.9095573425293|-135.89866638183594|0|-116.2701644897461\"}", "planning": "{\"result_type\": 1, \"path\": [\"(127, 126, 0)\", \"(126, 124, 0)\", \"(126, 122, 0)\", \"(125, 121, 0)\", \"(124, 119, 0)\", \"(123, 117, 0)\", \"(122, 116, 0)\", \"(121, 114, 0)\", \"(120, 113, 0)\", \"(119, 111, 0)\", \"(119, 109, 0)\", \"(118, 108, 0)\", \"(117, 106, 0)\", \"(117, 104, 0)\", \"(116, 102, 0)\", \"(115, 101, 0)\", \"(115, 99, 0)\", \"(114, 97, 0)\", \"(113, 96, 0)\", \"(113, 94, 0)\", \"(112, 92, 0)\", \"(111, 90, 0)\", \"(111, 89, 0)\", \"(110, 87, 0)\", \"(109, 85, 0)\", \"(109, 84, 0)\", \"(108, 82, 0)\", \"(107, 80, 0)\", \"(107, 78, 0)\", \"(106, 77, 0)\", \"(105, 75, 0)\", \"(105, 73, 0)\", \"(104, 71, 0)\", \"(103, 70, 0)\", \"(103, 68, 0)\", \"(102, 66, 0)\", \"(101, 65, 0)\", \"(101, 63, 0)\", \"(100, 61, 0)\", \"(99, 59, 0)\", \"(99, 58, 0)\", \"(98, 56, 0)\", \"(97, 54, 0)\", \"(96, 53, 0)\", \"(96, 51, 0)\", \"(95, 49, 0)\", \"(94, 47, 0)\", \"(94, 46, 0)\", \"(93, 44, 0)\", \"(92, 42, 0)\", \"(92, 40, 0)\", \"(91, 39, 0)\", \"(90, 37, 0)\", \"(90, 35, 0)\", \"(89, 34, 0)\", \"(88, 32, 0)\", \"(88, 30, 0)\", \"(87, 28, 0)\", \"(86, 27, 0)\", \"(86, 25, 0)\", \"(85, 23, 0)\", \"(84, 22, 0)\", \"(84, 20, 0)\", \"(83, 18, 0)\", \"(82, 16, 0)\", \"(82, 15, 0)\", \"(81, 13, 0)\", \"(80, 11, 0)\", \"(80, 9, 0)\", \"(80, 8, 0)\", \"(80, 6, 0)\", \"(80, 4, 0)\", \"(80, 2, 0)\", \"(80, 0, 0)\"], \"timeout\": false, \"planner_name\": \"Hybrid A*\", \"total_exec_time_ms\": 94.95973587036133, \"local_start\": \"(128, 107, 0)\", \"local_goal\": \"(78, 0, -39.01940047523656)\", \"goal_direction\": 10, \"ego_location\": \"66.642333984375|-107.47842407226562|8.102224349975586|-70.38353729248047\", \"map_goal\": \"66.30941009521484|-126.41301727294922|0|-101.40904998779297\", \"map_next_goal\": \"62.9095573425293|-135.89866638183594|0|-116.2701644897461\"}", "collision_report": ""}
