{"pre_planning": "{\"result_type\": 0, \"path\": [], \"timeout\": false, \"planner_name\": \"-\", \"total_exec_time_ms\": 0, \"local_start\": \"None\", \"local_goal\": \"None\", \"goal_direction\": 0, \"ego_location\": \"43.764305114746094|-190.61610412597656|4.895481109619141|-106.98199462890625\", \"map_goal\": \"42.621665954589844|-201.5404052734375|0|-96.61176300048828\", \"map_next_goal\": \"41.240116119384766|-211.56072998046875|0|-99.22148895263672\"}", "planning": "{\"result_type\": 5, \"path\": [], \"timeout\": 0, \"planner_name\": \"-\", \"total_exec_time_ms\": 0, \"local_start\": \"(128, 107, 0)\", \"local_goal\": \"(143, 48, 9.334998463138234)\", \"goal_direction\": 9, \"ego_location\": \"43.764305114746094|-190.61610412597656|4.895481109619141|-106.98199462890625\", \"map_goal\": \"42.621665954589844|-201.5404052734375|0|-96.61176300048828\", \"map_next_goal\": \"41.240116119384766|-211.56072998046875|0|-99.22148895263672\"}", "collision_report": ""}
