{"pre_planning": "{\"result_type\": 0, \"path\": [], \"timeout\": false, \"planner_name\": \"-\", \"total_exec_time_ms\": 0, \"local_start\": \"None\", \"local_goal\": \"None\", \"goal_direction\": 0, \"ego_location\": \"0.718239963054657|0.3413114547729492|0.013758830726146698|-42.28746032714844\", \"map_goal\": \"20.591285705566406|-0.4232592135667801|0|-0.549591064453125\", \"map_next_goal\": \"30.688690185546875|-0.07684602588415146|0|0.14715316891670227\"}", "planning": "{\"result_type\": 1, \"path\": [\"(128, 126, 0)\", \"(129, 124, 0)\", \"(129, 122, 0)\", \"(130, 121, 0)\", \"(131, 119, 0)\", \"(132, 117, 0)\", \"(133, 116, 0)\", \"(134, 114, 0)\", \"(135, 113, 0)\", \"(136, 111, 0)\", \"(137, 110, 0)\", \"(138, 108, 0)\", \"(139, 107, 0)\", \"(141, 106, 0)\", \"(142, 104, 0)\", \"(143, 103, 0)\", \"(144, 101, 0)\", \"(145, 100, 0)\", \"(146, 98, 0)\", \"(147, 96, 0)\", \"(148, 95, 0)\", \"(149, 93, 0)\", \"(150, 92, 0)\", \"(151, 90, 0)\", \"(152, 89, 0)\", \"(153, 87, 0)\", \"(154, 85, 0)\", \"(155, 84, 0)\", \"(156, 82, 0)\", \"(157, 81, 0)\", \"(158, 79, 0)\", \"(159, 78, 0)\", \"(160, 76, 0)\", \"(161, 74, 0)\", \"(162, 73, 0)\", \"(162, 71, 0)\", \"(163, 70, 0)\", \"(164, 68, 0)\", \"(165, 67, 0)\", \"(166, 65, 0)\", \"(167, 63, 0)\", \"(168, 62, 0)\", \"(169, 60, 0)\", \"(170, 59, 0)\", \"(171, 57, 0)\", \"(172, 56, 0)\", \"(173, 54, 0)\", \"(174, 53, 0)\", \"(175, 51, 0)\", \"(176, 49, 0)\", \"(177, 48, 0)\", \"(178, 46, 0)\", \"(179, 45, 0)\", \"(180, 43, 0)\", \"(181, 42, 0)\", \"(182, 40, 0)\", \"(184, 39, 0)\", \"(185, 38, 0)\", \"(187, 37, 0)\", \"(188, 36, 0)\", \"(190, 35, 0)\", \"(192, 34, 0)\", \"(193, 33, 0)\", \"(195, 33, 0)\", \"(197, 32, 0)\", \"(198, 31, 0)\", \"(200, 31, 0)\", \"(202, 30, 0)\", \"(203, 29, 0)\", \"(205, 28, 0)\", \"(206, 27, 0)\", \"(208, 26, 0)\", \"(209, 25, 0)\", \"(211, 24, 0)\", \"(213, 23, 0)\", \"(214, 22, 0)\", \"(216, 21, 0)\", \"(217, 20, 0)\", \"(219, 19, 0)\", \"(220, 18, 0)\", \"(222, 17, 0)\", \"(223, 16, 0)\"], \"timeout\": false, \"planner_name\": \"Hybrid A*\", \"total_exec_time_ms\": 706.820011138916, \"local_start\": \"(128, 107, 0)\", \"local_goal\": \"(222, 15, 45.0)\", \"goal_direction\": 9, \"ego_location\": \"0.718239963054657|0.3413114547729492|0.013758830726146698|-42.28746032714844\", \"map_goal\": \"20.591285705566406|-0.4232592135667801|0|-0.549591064453125\", \"map_next_goal\": \"30.688690185546875|-0.07684602588415146|0|0.14715316891670227\"}", "collision_report": ""}
