{"pre_planning": "{\"result_type\": 0, \"path\": [], \"timeout\": false, \"planner_name\": \"-\", \"total_exec_time_ms\": 0, \"local_start\": \"None\", \"local_goal\": \"None\", \"goal_direction\": 0, \"ego_location\": \"62.45489501953125|-140.53298950195312|9.198409080505371|-132.28001403808594\", \"map_goal\": \"51.63807678222656|-152.56591796875|0|-120.85934448242188\", \"map_next_goal\": \"47.474666595458984|-161.70152282714844|0|-109.43801879882812\"}", "planning": "{\"result_type\": 1, \"path\": [\"(127, 126, 0)\", \"(126, 124, 0)\", \"(126, 122, 0)\", \"(125, 121, 0)\", \"(124, 119, 0)\", \"(123, 117, 0)\", \"(122, 116, 0)\", \"(121, 114, 0)\", \"(120, 113, 0)\", \"(119, 111, 0)\", \"(119, 109, 0)\", \"(118, 108, 0)\", \"(117, 106, 0)\", \"(117, 104, 0)\", \"(116, 102, 0)\", \"(115, 101, 0)\", \"(115, 99, 0)\", \"(114, 97, 0)\", \"(113, 96, 0)\", \"(113, 94, 0)\", \"(112, 92, 0)\", \"(111, 90, 0)\", \"(111, 89, 0)\", \"(110, 87, 0)\", \"(109, 85, 0)\", \"(109, 84, 0)\", \"(108, 82, 0)\", \"(108, 80, 0)\", \"(108, 78, 0)\", \"(108, 76, 0)\", \"(108, 74, 0)\", \"(108, 73, 0)\", \"(108, 71, 0)\", \"(108, 69, 0)\", \"(109, 67, 0)\", \"(109, 65, 0)\", \"(110, 64, 0)\", \"(110, 62, 0)\", \"(111, 60, 0)\", \"(111, 58, 0)\", \"(112, 57, 0)\", \"(113, 55, 0)\", \"(114, 53, 0)\", \"(115, 52, 0)\", \"(116, 50, 0)\", \"(117, 49, 0)\", \"(118, 47, 0)\", \"(119, 45, 0)\", \"(119, 44, 0)\", \"(120, 42, 0)\", \"(121, 40, 0)\", \"(121, 39, 0)\", \"(122, 37, 0)\", \"(123, 35, 0)\", \"(123, 33, 0)\", \"(124, 32, 0)\", \"(125, 30, 0)\", \"(125, 28, 0)\", \"(126, 26, 0)\", \"(127, 25, 0)\", \"(127, 23, 0)\", \"(128, 21, 0)\", \"(129, 20, 0)\", \"(129, 18, 0)\", \"(130, 16, 0)\", \"(131, 14, 0)\", \"(131, 13, 0)\", \"(131, 11, 0)\", \"(131, 9, 0)\"], \"timeout\": false, \"planner_name\": \"Hybrid A*\", \"total_exec_time_ms\": 72.26681709289551, \"local_start\": \"(128, 107, 0)\", \"local_goal\": \"(128, 8, 18.18904569965131)\", \"goal_direction\": 9, \"ego_location\": \"62.45489501953125|-140.53298950195312|9.198409080505371|-132.28001403808594\", \"map_goal\": \"51.63807678222656|-152.56591796875|0|-120.85934448242188\", \"map_next_goal\": \"47.474666595458984|-161.70152282714844|0|-109.43801879882812\"}", "collision_report": ""}
