{"pre_planning": "{\"result_type\": 0, \"path\": [], \"timeout\": false, \"planner_name\": \"-\", \"total_exec_time_ms\": 0, \"local_start\": \"None\", \"local_goal\": \"None\", \"goal_direction\": 0, \"ego_location\": \"77.38316345214844|-21.85695457458496|0.6356822848320007|-90.10979461669922\", \"map_goal\": \"70.76570129394531|-39.907588958740234|0|-133.74119567871094\", \"map_next_goal\": \"64.05665588378906|-47.416648864746094|0|-125.3134765625\"}", "planning": "{\"result_type\": 1, \"path\": [\"(127, 126, 0)\", \"(127, 124, 0)\", \"(127, 122, 0)\", \"(127, 120, 0)\", \"(127, 118, 0)\", \"(127, 116, 0)\", \"(127, 115, 0)\", \"(127, 113, 0)\", \"(127, 111, 0)\", \"(127, 109, 0)\", \"(127, 107, 0)\", \"(127, 105, 0)\", \"(127, 103, 0)\", \"(127, 102, 0)\", \"(127, 100, 0)\", \"(127, 98, 0)\", \"(127, 96, 0)\", \"(127, 94, 0)\", \"(127, 92, 0)\", \"(127, 91, 0)\", \"(127, 89, 0)\", \"(126, 87, 0)\", \"(126, 85, 0)\", \"(125, 84, 0)\", \"(124, 82, 0)\", \"(123, 80, 0)\", \"(122, 79, 0)\", \"(121, 77, 0)\", \"(120, 76, 0)\", \"(119, 74, 0)\", \"(118, 73, 0)\", \"(117, 71, 0)\", \"(116, 70, 0)\", \"(114, 69, 0)\", \"(113, 67, 0)\", \"(112, 66, 0)\", \"(110, 65, 0)\", \"(110, 63, 0)\", \"(109, 61, 0)\", \"(109, 60, 0)\", \"(108, 58, 0)\", \"(108, 56, 0)\", \"(108, 54, 0)\", \"(107, 52, 0)\", \"(107, 51, 0)\", \"(107, 49, 0)\", \"(107, 47, 0)\", \"(107, 45, 0)\", \"(107, 43, 0)\", \"(108, 41, 0)\", \"(108, 40, 0)\", \"(107, 38, 0)\", \"(106, 36, 0)\", \"(105, 35, 0)\", \"(105, 33, 0)\", \"(104, 31, 0)\", \"(103, 30, 0)\", \"(101, 28, 0)\", \"(100, 27, 0)\", \"(99, 25, 0)\", \"(98, 24, 0)\", \"(97, 23, 0)\", \"(95, 22, 0)\", \"(94, 20, 0)\", \"(92, 19, 0)\", \"(91, 18, 0)\", \"(89, 17, 0)\", \"(88, 16, 0)\", \"(86, 15, 0)\", \"(85, 14, 0)\", \"(83, 13, 0)\", \"(82, 12, 0)\", \"(81, 10, 0)\", \"(80, 9, 0)\", \"(79, 7, 0)\", \"(79, 5, 0)\", \"(78, 4, 0)\", \"(77, 2, 0)\", \"(77, 0, 0)\"], \"timeout\": false, \"planner_name\": \"Hybrid A*\", \"total_exec_time_ms\": 757.8816413879395, \"local_start\": \"(128, 107, 0)\", \"local_goal\": \"(79, 0, -41.76029970389788)\", \"goal_direction\": 10, \"ego_location\": \"77.38316345214844|-21.85695457458496|0.6356822848320007|-90.10979461669922\", \"map_goal\": \"70.76570129394531|-39.907588958740234|0|-133.74119567871094\", \"map_next_goal\": \"64.05665588378906|-47.416648864746094|0|-125.3134765625\"}", "collision_report": ""}
