{"pre_planning": "{\"result_type\": 0, \"path\": [], \"timeout\": false, \"planner_name\": \"-\", \"total_exec_time_ms\": 0, \"local_start\": \"None\", \"local_goal\": \"None\", \"goal_direction\": 0, \"ego_location\": \"66.63017272949219|-107.45915985107422|8.100461959838867|-70.62332916259766\", \"map_goal\": \"67.14884185791016|-116.3796615600586|0|-86.6710205078125\", \"map_next_goal\": \"66.30941009521484|-126.41301727294922|0|-101.40904998779297\"}", "planning": "{\"result_type\": 5, \"path\": [], \"timeout\": 0, \"planner_name\": \"-\", \"total_exec_time_ms\": 0, \"local_start\": \"(128, 107, 0)\", \"local_goal\": \"(109, 64, -24.120983119442585)\", \"goal_direction\": 10, \"ego_location\": \"66.63017272949219|-107.45915985107422|8.100461959838867|-70.62332916259766\", \"map_goal\": \"67.14884185791016|-116.3796615600586|0|-86.6710205078125\", \"map_next_goal\": \"66.30941009521484|-126.41301727294922|0|-101.40904998779297\"}", "collision_report": ""}
