{"pre_planning": "{\"result_type\": 0, \"path\": [], \"timeout\": false, \"planner_name\": \"-\", \"total_exec_time_ms\": 0, \"local_start\": \"None\", \"local_goal\": \"None\", \"goal_direction\": 0, \"ego_location\": \"-31.95993423461914|0.32137438654899597|0.028481731191277504|-22.360305786132812\", \"map_goal\": \"-9.545795440673828|0.4509453892707825|0|-0.5573425889015198\", \"map_next_goal\": \"0.5285676717758179|0.4524883061647415|0|-0.5581969618797302\"}", "planning": "{\"result_type\": 1, \"path\": [\"(128, 126, 0)\", \"(128, 124, 0)\", \"(128, 122, 0)\", \"(128, 120, 0)\", \"(128, 118, 0)\", \"(128, 116, 0)\", \"(128, 115, 0)\", \"(128, 113, 0)\", \"(128, 111, 0)\", \"(128, 109, 0)\", \"(128, 107, 0)\", \"(128, 105, 0)\", \"(128, 103, 0)\", \"(128, 102, 0)\", \"(128, 100, 0)\", \"(128, 98, 0)\", \"(128, 96, 0)\", \"(128, 94, 0)\", \"(128, 92, 0)\", \"(128, 91, 0)\", \"(128, 89, 0)\", \"(129, 87, 0)\", \"(129, 85, 0)\", \"(130, 84, 0)\", \"(131, 82, 0)\", \"(132, 80, 0)\", \"(133, 79, 0)\", \"(134, 77, 0)\", \"(135, 76, 0)\", \"(136, 74, 0)\", \"(137, 73, 0)\", \"(138, 71, 0)\", \"(139, 70, 0)\", \"(141, 69, 0)\", \"(142, 67, 0)\", \"(143, 66, 0)\", \"(145, 65, 0)\", \"(146, 64, 0)\", \"(148, 63, 0)\", \"(149, 62, 0)\", \"(150, 60, 0)\", \"(151, 58, 0)\", \"(152, 57, 0)\", \"(152, 55, 0)\", \"(153, 53, 0)\", \"(153, 51, 0)\", \"(154, 50, 0)\", \"(154, 48, 0)\", \"(154, 46, 0)\", \"(154, 44, 0)\", \"(155, 42, 0)\", \"(155, 40, 0)\", \"(155, 39, 0)\", \"(156, 37, 0)\", \"(157, 36, 0)\", \"(158, 34, 0)\", \"(159, 33, 0)\", \"(160, 31, 0)\", \"(161, 30, 0)\", \"(163, 29, 0)\", \"(164, 27, 0)\", \"(165, 26, 0)\", \"(167, 25, 0)\", \"(168, 23, 0)\", \"(169, 22, 0)\", \"(170, 20, 0)\", \"(171, 19, 0)\", \"(172, 17, 0)\", \"(173, 16, 0)\", \"(174, 14, 0)\", \"(175, 13, 0)\", \"(177, 11, 0)\", \"(178, 10, 0)\", \"(179, 8, 0)\", \"(180, 7, 0)\", \"(181, 5, 0)\", \"(182, 4, 0)\", \"(183, 2, 0)\", \"(184, 1, 0)\"], \"timeout\": false, \"planner_name\": \"Hybrid A*\", \"total_exec_time_ms\": 424.1747856140137, \"local_start\": \"(128, 107, 0)\", \"local_goal\": \"(183, 0, 22.79652146794261)\", \"goal_direction\": 9, \"ego_location\": \"-31.95993423461914|0.32137438654899597|0.028481731191277504|-22.360305786132812\", \"map_goal\": \"-9.545795440673828|0.4509453892707825|0|-0.5573425889015198\", \"map_next_goal\": \"0.5285676717758179|0.4524883061647415|0|-0.5581969618797302\"}", "collision_report": ""}
