{"pre_planning": "{\"result_type\": 0, \"path\": [], \"timeout\": false, \"planner_name\": \"-\", \"total_exec_time_ms\": 0, \"local_start\": \"None\", \"local_goal\": \"None\", \"goal_direction\": 0, \"ego_location\": \"69.66471099853516|-3.4507646560668945|0.02014024741947651|-29.230981826782227\", \"map_goal\": \"74.46210479736328|-12.004569053649902|0|-65.01850891113281\", \"map_next_goal\": \"77.44454193115234|-21.560270309448242|0|-82.3673095703125\"}", "planning": "{\"result_type\": 5, \"path\": [], \"timeout\": 0, \"planner_name\": \"-\", \"total_exec_time_ms\": 0, \"local_start\": \"(128, 107, 0)\", \"local_goal\": \"(90, 66, -43.36342295838328)\", \"goal_direction\": 10, \"ego_location\": \"69.66471099853516|-3.4507646560668945|0.02014024741947651|-29.230981826782227\", \"map_goal\": \"74.46210479736328|-12.004569053649902|0|-65.01850891113281\", \"map_next_goal\": \"77.44454193115234|-21.560270309448242|0|-82.3673095703125\"}", "collision_report": ""}
