{"pre_planning": "{\"result_type\": 0, \"path\": [], \"timeout\": false, \"planner_name\": \"-\", \"total_exec_time_ms\": 0, \"local_start\": \"None\", \"local_goal\": \"None\", \"goal_direction\": 0, \"ego_location\": \"66.92332458496094|-130.31593322753906|9.436872482299805|-98.66617584228516\", \"map_goal\": \"57.34056091308594|-144.24130249023438|0|-127.65644836425781\", \"map_next_goal\": \"51.63807678222656|-152.56591796875|0|-120.85934448242188\"}", "planning": "{\"result_type\": 1, \"path\": [\"(127, 126, 0)\", \"(126, 124, 0)\", \"(126, 122, 0)\", \"(125, 121, 0)\", \"(124, 119, 0)\", \"(123, 117, 0)\", \"(123, 115, 0)\", \"(123, 114, 0)\", \"(122, 112, 0)\", \"(121, 111, 0)\", \"(120, 109, 0)\", \"(120, 107, 0)\"], \"timeout\": false, \"planner_name\": \"Hybrid A*\", \"total_exec_time_ms\": 445.3871250152588, \"local_start\": \"(128, 107, 0)\", \"local_goal\": \"(65, 20, -29.59657503753038)\", \"goal_direction\": 10, \"ego_location\": \"66.92332458496094|-130.31593322753906|9.436872482299805|-98.66617584228516\", \"map_goal\": \"57.34056091308594|-144.24130249023438|0|-127.65644836425781\", \"map_next_goal\": \"51.63807678222656|-152.56591796875|0|-120.85934448242188\"}", "collision_report": ""}
