{"pre_planning": "{\"result_type\": 0, \"path\": [], \"timeout\": false, \"planner_name\": \"-\", \"total_exec_time_ms\": 0, \"local_start\": \"None\", \"local_goal\": \"None\", \"goal_direction\": 0, \"ego_location\": \"42.29189682006836|-209.92909240722656|3.389763116836548|-89.17034149169922\", \"map_goal\": \"33.24759292602539|-229.6529998779297|0|-131.0015106201172\", \"map_next_goal\": \"25.230968475341797|-235.70118713378906|0|-151.136962890625\"}", "planning": "{\"result_type\": 1, \"path\": [\"(127, 126, 0)\", \"(126, 124, 0)\", \"(126, 122, 0)\", \"(125, 121, 0)\", \"(124, 119, 0)\", \"(123, 117, 0)\", \"(122, 116, 0)\", \"(121, 114, 0)\", \"(120, 113, 0)\", \"(119, 111, 0)\", \"(119, 109, 0)\", \"(118, 108, 0)\", \"(117, 106, 0)\", \"(117, 104, 0)\", \"(116, 102, 0)\", \"(115, 101, 0)\", \"(115, 99, 0)\", \"(114, 97, 0)\", \"(113, 96, 0)\", \"(113, 94, 0)\", \"(112, 92, 0)\", \"(111, 90, 0)\", \"(111, 89, 0)\", \"(110, 87, 0)\", \"(109, 85, 0)\", \"(109, 84, 0)\", \"(108, 82, 0)\", \"(107, 80, 0)\", \"(107, 78, 0)\", \"(106, 77, 0)\", \"(105, 75, 0)\", \"(105, 73, 0)\", \"(104, 71, 0)\", \"(103, 70, 0)\", \"(103, 68, 0)\", \"(102, 66, 0)\", \"(101, 65, 0)\", \"(101, 63, 0)\", \"(100, 61, 0)\", \"(99, 59, 0)\", \"(99, 58, 0)\", \"(98, 56, 0)\", \"(97, 54, 0)\", \"(96, 53, 0)\", \"(96, 51, 0)\", \"(95, 49, 0)\", \"(94, 47, 0)\", \"(94, 46, 0)\", \"(93, 44, 0)\", \"(92, 42, 0)\", \"(92, 40, 0)\", \"(91, 39, 0)\", \"(90, 37, 0)\", \"(90, 35, 0)\", \"(89, 34, 0)\", \"(88, 32, 0)\", \"(87, 30, 0)\", \"(86, 29, 0)\", \"(85, 28, 0)\", \"(84, 26, 0)\", \"(82, 25, 0)\", \"(81, 24, 0)\", \"(79, 23, 0)\", \"(78, 22, 0)\", \"(76, 21, 0)\", \"(75, 20, 0)\", \"(73, 19, 0)\", \"(72, 18, 0)\", \"(70, 17, 0)\", \"(68, 16, 0)\", \"(67, 16, 0)\", \"(65, 15, 0)\", \"(64, 13, 0)\", \"(63, 12, 0)\", \"(62, 10, 0)\", \"(61, 9, 0)\", \"(60, 7, 0)\", \"(59, 6, 0)\", \"(58, 4, 0)\", \"(57, 2, 0)\", \"(57, 0, 0)\"], \"timeout\": false, \"planner_name\": \"Hybrid A*\", \"total_exec_time_ms\": 80.54637908935547, \"local_start\": \"(128, 107, 0)\", \"local_goal\": \"(59, 0, -53.28579702395376)\", \"goal_direction\": 10, \"ego_location\": \"42.29189682006836|-209.92909240722656|3.389763116836548|-89.17034149169922\", \"map_goal\": \"33.24759292602539|-229.6529998779297|0|-131.0015106201172\", \"map_next_goal\": \"25.230968475341797|-235.70118713378906|0|-151.136962890625\"}", "collision_report": ""}
