{"pre_planning": "{\"result_type\": 0, \"path\": [], \"timeout\": false, \"planner_name\": \"-\", \"total_exec_time_ms\": 0, \"local_start\": \"None\", \"local_goal\": \"None\", \"goal_direction\": 0, \"ego_location\": \"45.53874588012695|-171.4720916748047|6.40907096862793|-92.60211181640625\", \"map_goal\": \"44.35909652709961|-181.4954833984375|0|-93.7540512084961\", \"map_next_goal\": \"43.634891510009766|-191.4984130859375|0|-94.78752899169922\"}", "planning": "{\"result_type\": 5, \"path\": [], \"timeout\": 0, \"planner_name\": \"-\", \"total_exec_time_ms\": 0, \"local_start\": \"(128, 107, 0)\", \"local_goal\": \"(122, 53, -1.5693548047489905)\", \"goal_direction\": 10, \"ego_location\": \"45.53874588012695|-171.4720916748047|6.40907096862793|-92.60211181640625\", \"map_goal\": \"44.35909652709961|-181.4954833984375|0|-93.7540512084961\", \"map_next_goal\": \"43.634891510009766|-191.4984130859375|0|-94.78752899169922\"}", "collision_report": ""}
