{"pre_planning": "{\"result_type\": 0, \"path\": [], \"timeout\": false, \"planner_name\": \"-\", \"total_exec_time_ms\": 0, \"local_start\": \"None\", \"local_goal\": \"None\", \"goal_direction\": 0, \"ego_location\": \"73.6834945678711|-8.192745208740234|0.09226404130458832|-61.047386169433594\", \"map_goal\": \"77.44454193115234|-21.560270309448242|0|-82.3673095703125\", \"map_next_goal\": \"76.16561126708984|-31.487707138061523|0|-108.89921569824219\"}", "planning": "{\"result_type\": 1, \"path\": [\"(127, 126, 0)\", \"(126, 124, 0)\", \"(126, 122, 0)\", \"(125, 121, 0)\", \"(124, 119, 0)\", \"(123, 117, 0)\", \"(122, 116, 0)\", \"(121, 114, 0)\", \"(120, 113, 0)\", \"(119, 111, 0)\", \"(119, 109, 0)\", \"(118, 108, 0)\", \"(117, 106, 0)\", \"(117, 104, 0)\", \"(116, 102, 0)\", \"(115, 101, 0)\", \"(115, 99, 0)\", \"(114, 97, 0)\", \"(113, 96, 0)\", \"(113, 94, 0)\", \"(112, 92, 0)\", \"(111, 90, 0)\", \"(111, 89, 0)\", \"(110, 87, 0)\", \"(109, 85, 0)\", \"(109, 84, 0)\", \"(108, 82, 0)\", \"(108, 80, 0)\", \"(108, 78, 0)\", \"(108, 76, 0)\", \"(108, 74, 0)\", \"(108, 73, 0)\", \"(108, 71, 0)\", \"(108, 69, 0)\", \"(109, 67, 0)\", \"(109, 65, 0)\", \"(110, 64, 0)\", \"(110, 62, 0)\", \"(111, 60, 0)\", \"(111, 58, 0)\", \"(112, 57, 0)\", \"(113, 55, 0)\", \"(113, 53, 0)\", \"(113, 51, 0)\", \"(112, 49, 0)\", \"(112, 48, 0)\", \"(111, 46, 0)\", \"(111, 44, 0)\", \"(110, 42, 0)\", \"(109, 41, 0)\", \"(109, 39, 0)\", \"(108, 37, 0)\", \"(107, 36, 0)\", \"(106, 34, 0)\", \"(105, 33, 0)\", \"(104, 31, 0)\", \"(103, 29, 0)\"], \"timeout\": false, \"planner_name\": \"Hybrid A*\", \"total_exec_time_ms\": 197.80683517456055, \"local_start\": \"(128, 107, 0)\", \"local_goal\": \"(104, 28, -36.71420297604626)\", \"goal_direction\": 10, \"ego_location\": \"73.6834945678711|-8.192745208740234|0.09226404130458832|-61.047386169433594\", \"map_goal\": \"77.44454193115234|-21.560270309448242|0|-82.3673095703125\", \"map_next_goal\": \"76.16561126708984|-31.487707138061523|0|-108.89921569824219\"}", "collision_report": ""}
