{"pre_planning": "{\"result_type\": 0, \"path\": [], \"timeout\": false, \"planner_name\": \"-\", \"total_exec_time_ms\": 0, \"local_start\": \"None\", \"local_goal\": \"None\", \"goal_direction\": 0, \"ego_location\": \"66.572021484375|-127.06356811523438|9.340022087097168|-72.41046142578125\", \"map_goal\": \"57.34056091308594|-144.24130249023438|0|-127.65644836425781\", \"map_next_goal\": \"51.63807678222656|-152.56591796875|0|-120.85934448242188\"}", "planning": "{\"result_type\": 1, \"path\": [\"(127, 126, 0)\", \"(126, 124, 0)\", \"(126, 122, 0)\", \"(125, 121, 0)\", \"(124, 119, 0)\", \"(123, 117, 0)\", \"(122, 116, 0)\", \"(121, 114, 0)\", \"(120, 113, 0)\", \"(119, 111, 0)\", \"(118, 110, 0)\"], \"timeout\": false, \"planner_name\": \"Hybrid A*\", \"total_exec_time_ms\": 392.08197593688965, \"local_start\": \"(128, 107, 0)\", \"local_goal\": \"(24, 27, -52.193470055295535)\", \"goal_direction\": 10, \"ego_location\": \"66.572021484375|-127.06356811523438|9.340022087097168|-72.41046142578125\", \"map_goal\": \"57.34056091308594|-144.24130249023438|0|-127.65644836425781\", \"map_next_goal\": \"51.63807678222656|-152.56591796875|0|-120.85934448242188\"}", "collision_report": ""}
