{"pre_planning": "{\"result_type\": 0, \"path\": [], \"timeout\": false, \"planner_name\": \"-\", \"total_exec_time_ms\": 0, \"local_start\": \"None\", \"local_goal\": \"None\", \"goal_direction\": 0, \"ego_location\": \"61.91477966308594|-86.16178894042969|6.30700159072876|-76.34862518310547\", \"map_goal\": \"65.83345794677734|-106.3822021484375|0|-79.40670776367188\", \"map_next_goal\": \"67.14884185791016|-116.3796615600586|0|-86.6710205078125\"}", "planning": "{\"result_type\": 1, \"path\": [\"(128, 107, -0.15082494914531708)\", \"(127, 103, -0.02771373651921749)\", \"(127, 99, -0.06916538625955582)\", \"(127, 95, -0.15082494914531708)\", \"(126, 91, 0.0)\", \"(126, 87, -0.02771373651921749)\", \"(126, 83, -0.06916538625955582)\", \"(126, 79, -0.15082494914531708)\", \"(125, 75, -0.02771373651921749)\", \"(125, 71, -0.06916538625955582)\", \"(125, 67, -0.15082494914531708)\", \"(124, 63, -0.02771373651921749)\", \"(124, 59, -0.06916538625955582)\", \"(124, 55, -0.15082494914531708)\", \"(123, 51, -0.02771373651921749)\", \"(123, 47, -0.06916538625955582)\", \"(123, 43, -0.15082494914531708)\", \"(122, 39, 0.0)\", \"(122, 35, -0.02771373651921749)\", \"(122, 31, -0.06916538625955582)\", \"(122, 27, -0.15082494914531708)\", \"(121, 23, -0.02771373651921749)\", \"(121, 19, -0.06916538625955582)\", \"(121, 15, -0.15082494914531708)\", \"(120, 11, 0.0)\", \"(120, 7, -0.06916538625955582)\", \"(120, 3, -0.02771373651921749)\", \"(120, 0, 0.0)\"], \"timeout\": false, \"planner_name\": \"overtaker\", \"total_exec_time_ms\": 3.3190250396728516, \"local_start\": \"(128, 107, 0)\", \"local_goal\": \"(120, 0, -6.170175095029608)\", \"goal_direction\": 10, \"ego_location\": \"61.91477966308594|-86.16178894042969|6.30700159072876|-76.34862518310547\", \"map_goal\": \"65.83345794677734|-106.3822021484375|0|-79.40670776367188\", \"map_next_goal\": \"67.14884185791016|-116.3796615600586|0|-86.6710205078125\"}", "collision_report": ""}
