{"pre_planning": "{\"result_type\": 0, \"path\": [], \"timeout\": false, \"planner_name\": \"-\", \"total_exec_time_ms\": 0, \"local_start\": \"None\", \"local_goal\": \"None\", \"goal_direction\": 0, \"ego_location\": \"35.255821228027344|-0.034693025052547455|0.02852037362754345|3.065359592437744\", \"map_goal\": \"40.7393684387207|0.04634455591440201|0|1.1664600372314453\", \"map_next_goal\": \"50.75764083862305|0.30347898602485657|0|1.610583782196045\"}", "planning": "{\"result_type\": 5, \"path\": [], \"timeout\": 0, \"planner_name\": \"-\", \"total_exec_time_ms\": 0, \"local_start\": \"(128, 107, 0)\", \"local_goal\": \"(126, 87, -1.5481576989779662)\", \"goal_direction\": 10, \"ego_location\": \"35.255821228027344|-0.034693025052547455|0.02852037362754345|3.065359592437744\", \"map_goal\": \"40.7393684387207|0.04634455591440201|0|1.1664600372314453\", \"map_next_goal\": \"50.75764083862305|0.30347898602485657|0|1.610583782196045\"}", "collision_report": ""}
