{"pre_planning": "{\"result_type\": 0, \"path\": [], \"timeout\": false, \"planner_name\": \"-\", \"total_exec_time_ms\": 0, \"local_start\": \"None\", \"local_goal\": \"None\", \"goal_direction\": 0, \"ego_location\": \"17.83252716064453|-0.4022659957408905|0.028492487967014313|-0.9797362685203552\", \"map_goal\": \"30.688690185546875|-0.07684602588415146|0|0.14715316891670227\", \"map_next_goal\": \"40.7393684387207|0.04634455591440201|0|1.1664600372314453\"}", "planning": "{\"result_type\": 5, \"path\": [], \"timeout\": 0, \"planner_name\": \"-\", \"total_exec_time_ms\": 0, \"local_start\": \"(128, 107, 0)\", \"local_goal\": \"(132, 33, 1.5481576989779662)\", \"goal_direction\": 9, \"ego_location\": \"17.83252716064453|-0.4022659957408905|0.028492487967014313|-0.9797362685203552\", \"map_goal\": \"30.688690185546875|-0.07684602588415146|0|0.14715316891670227\", \"map_next_goal\": \"40.7393684387207|0.04634455591440201|0|1.1664600372314453\"}", "collision_report": ""}
