{"pre_planning": "{\"result_type\": 0, \"path\": [], \"timeout\": false, \"planner_name\": \"-\", \"total_exec_time_ms\": 0, \"local_start\": \"None\", \"local_goal\": \"None\", \"goal_direction\": 0, \"ego_location\": \"35.255821228027344|-0.034693025052547455|0.02852037362754345|3.065359592437744\", \"map_goal\": \"50.75764083862305|0.30347898602485657|0|1.610583782196045\", \"map_next_goal\": \"60.768245697021484|0.7094560265541077|0|2.441657066345215\"}", "planning": "{\"result_type\": 1, \"path\": [\"(128, 107, -0.15082494914531708)\", \"(127, 103, 0.0)\", \"(127, 99, 0.0)\", \"(127, 95, 0.0)\", \"(127, 91, -0.02771373651921749)\", \"(127, 87, -0.06916538625955582)\", \"(127, 83, -0.15082494914531708)\", \"(126, 79, 0.0)\", \"(126, 75, 0.0)\", \"(126, 71, -0.02771373651921749)\", \"(126, 67, -0.06916538625955582)\", \"(126, 63, -0.15082494914531708)\", \"(125, 59, 0.0)\", \"(125, 55, 0.0)\", \"(125, 51, 0.0)\", \"(125, 47, -0.02771373651921749)\", \"(125, 43, -0.06916538625955582)\", \"(125, 39, -0.15082494914531708)\", \"(124, 35, 0.0)\", \"(124, 31, 0.0)\", \"(124, 27, 0.0)\", \"(124, 23, 0.0)\", \"(124, 19, 0.0)\", \"(124, 15, 0.0)\", \"(124, 13, 0.0)\"], \"timeout\": false, \"planner_name\": \"overtaker\", \"total_exec_time_ms\": 6.52623176574707, \"local_start\": \"(128, 107, 0)\", \"local_goal\": \"(124, 13, -0.7848246029918898)\", \"goal_direction\": 10, \"ego_location\": \"35.255821228027344|-0.034693025052547455|0.02852037362754345|3.065359592437744\", \"map_goal\": \"50.75764083862305|0.30347898602485657|0|1.610583782196045\", \"map_next_goal\": \"60.768245697021484|0.7094560265541077|0|2.441657066345215\"}", "collision_report": ""}
