{"pre_planning": "{\"result_type\": 0, \"path\": [], \"timeout\": false, \"planner_name\": \"-\", \"total_exec_time_ms\": 0, \"local_start\": \"None\", \"local_goal\": \"None\", \"goal_direction\": 0, \"ego_location\": \"65.29743194580078|-104.30133819580078|7.824960231781006|-77.88755798339844\", \"map_goal\": \"66.30941009521484|-126.41301727294922|0|-101.40904998779297\", \"map_next_goal\": \"62.9095573425293|-135.89866638183594|0|-116.2701644897461\"}", "planning": "{\"result_type\": 1, \"path\": [\"(128, 107, -0.17816074192523956)\", \"(127, 103, -0.0965011939406395)\", \"(127, 99, -0.244978666305542)\", \"(126, 95, -0.244978666305542)\", \"(125, 91, -0.244978666305542)\", \"(124, 87, -0.244978666305542)\", \"(123, 83, -0.244978666305542)\", \"(122, 79, -0.244978666305542)\", \"(121, 75, -0.2520698010921478)\", \"(120, 71, -0.2631767988204956)\", \"(119, 67, -0.28876742720603943)\", \"(118, 64, -0.244978666305542)\", \"(117, 60, -0.244978666305542)\", \"(116, 56, -0.21836864948272705)\", \"(115, 52, -0.17816074192523956)\", \"(114, 48, -0.0965011939406395)\", \"(114, 44, -0.244978666305542)\", \"(113, 40, -0.2520698010921478)\", \"(112, 36, -0.2631767988204956)\", \"(111, 32, -0.28876742720603943)\", \"(110, 29, -0.244978666305542)\", \"(109, 25, -0.244978666305542)\", \"(108, 21, -0.244978666305542)\", \"(107, 17, -0.244978666305542)\", \"(106, 13, -0.2795760929584503)\", \"(105, 9, -0.3560316264629364)\", \"(104, 5, -0.6211193203926086)\", \"(102, 2, -0.6017709374427795)\", \"(101, 0, -0.4740971028804779)\"], \"timeout\": false, \"planner_name\": \"overtaker\", \"total_exec_time_ms\": 2.0334720611572266, \"local_start\": \"(128, 107, 0)\", \"local_goal\": \"(101, 0, -32.4123066183512)\", \"goal_direction\": 10, \"ego_location\": \"65.29743194580078|-104.30133819580078|7.824960231781006|-77.88755798339844\", \"map_goal\": \"66.30941009521484|-126.41301727294922|0|-101.40904998779297\", \"map_next_goal\": \"62.9095573425293|-135.89866638183594|0|-116.2701644897461\"}", "collision_report": ""}
