{"pre_planning": "{\"result_type\": 0, \"path\": [], \"timeout\": false, \"planner_name\": \"-\", \"total_exec_time_ms\": 0, \"local_start\": \"None\", \"local_goal\": \"None\", \"goal_direction\": 0, \"ego_location\": \"59.04869842529297|-68.11256408691406|4.803703308105469|-85.1397705078125\", \"map_goal\": \"60.52488708496094|-76.54393005371094|0|-81.7426528930664\", \"map_next_goal\": \"62.126277923583984|-86.53861236572266|0|-80.38323974609375\"}", "planning": "{\"result_type\": 5, \"path\": [], \"timeout\": 0, \"planner_name\": \"-\", \"total_exec_time_ms\": 0, \"local_start\": \"(128, 107, 0)\", \"local_goal\": \"(133, 64, 4.69868051729943)\", \"goal_direction\": 9, \"ego_location\": \"59.04869842529297|-68.11256408691406|4.803703308105469|-85.1397705078125\", \"map_goal\": \"60.52488708496094|-76.54393005371094|0|-81.7426528930664\", \"map_next_goal\": \"62.126277923583984|-86.53861236572266|0|-80.38323974609375\"}", "collision_report": ""}
