{"pre_planning": "{\"result_type\": 0, \"path\": [], \"timeout\": false, \"planner_name\": \"-\", \"total_exec_time_ms\": 0, \"local_start\": \"None\", \"local_goal\": \"None\", \"goal_direction\": 0, \"ego_location\": \"41.23301315307617|-212.12376403808594|3.2089180946350098|-94.727783203125\", \"map_goal\": \"33.24759292602539|-229.6529998779297|0|-131.0015106201172\", \"map_next_goal\": \"25.230968475341797|-235.70118713378906|0|-151.136962890625\"}", "planning": "{\"result_type\": 1, \"path\": [\"(126, 124, 0)\", \"(125, 121, 0)\", \"(123, 117, 0)\", \"(122, 114, 0)\", \"(120, 111, 0)\", \"(118, 108, 0)\", \"(117, 104, 0)\", \"(116, 101, 0)\", \"(114, 97, 0)\", \"(113, 94, 0)\", \"(112, 90, 0)\", \"(110, 87, 0)\", \"(110, 83, 0)\", \"(110, 79, 0)\", \"(110, 76, 0)\", \"(111, 72, 0)\", \"(112, 69, 0)\", \"(113, 65, 0)\", \"(112, 61, 0)\", \"(111, 58, 0)\", \"(109, 54, 0)\", \"(108, 51, 0)\", \"(106, 48, 0)\", \"(105, 44, 0)\", \"(104, 41, 0)\", \"(103, 37, 0)\", \"(102, 34, 0)\", \"(101, 30, 0)\", \"(100, 27, 0)\", \"(98, 23, 0)\", \"(97, 20, 0)\", \"(95, 17, 0)\", \"(93, 14, 0)\", \"(90, 11, 0)\", \"(88, 8, 0)\", \"(85, 6, 0)\", \"(82, 4, 0)\", \"(79, 2, 0)\"], \"timeout\": false, \"planner_name\": \"Hybrid A*\", \"total_exec_time_ms\": 519.9329853057861, \"local_start\": \"(128, 107, 0)\", \"local_goal\": \"(79, 0, -47.72631099390626)\", \"goal_direction\": 10, \"ego_location\": \"41.23301315307617|-212.12376403808594|3.2089180946350098|-94.727783203125\", \"map_goal\": \"33.24759292602539|-229.6529998779297|0|-131.0015106201172\", \"map_next_goal\": \"25.230968475341797|-235.70118713378906|0|-151.136962890625\"}", "collision_report": ""}
