{"pre_planning": "{\"result_type\": 0, \"path\": [], \"timeout\": false, \"planner_name\": \"-\", \"total_exec_time_ms\": 0, \"local_start\": \"None\", \"local_goal\": \"None\", \"goal_direction\": 0, \"ego_location\": \"68.56521606445312|-3.1689393520355225|0.020441990345716476|-50.12315368652344\", \"map_goal\": \"77.44454193115234|-21.560270309448242|0|-82.3673095703125\", \"map_next_goal\": \"76.16561126708984|-31.487707138061523|0|-108.89921569824219\"}", "planning": "{\"result_type\": 1, \"path\": [\"(128, 107, -0.17816074192523956)\", \"(127, 103, -0.0965011939406395)\", \"(127, 99, -0.2705692946910858)\", \"(126, 95, -0.3084999620914459)\", \"(125, 91, -0.3813895881175995)\", \"(123, 87, -0.2520698010921478)\", \"(122, 83, -0.2631767988204956)\", \"(121, 79, -0.3162737190723419)\", \"(120, 76, -0.3084999620914459)\", \"(119, 72, -0.3813895881175995)\", \"(117, 68, -0.244978666305542)\", \"(116, 64, -0.2520698010921478)\", \"(115, 60, -0.2631767988204956)\", \"(114, 56, -0.3162737190723419)\", \"(113, 53, -0.3084999620914459)\", \"(112, 49, -0.3813895881175995)\", \"(110, 45, -0.2520698010921478)\", \"(109, 41, -0.2631767988204956)\", \"(108, 37, -0.3162737190723419)\", \"(107, 34, -0.3084999620914459)\", \"(106, 30, -0.3813895881175995)\", \"(104, 26, -0.244978666305542)\", \"(103, 22, -0.2795760929584503)\", \"(102, 18, -0.3588326871395111)\", \"(101, 14, -0.5491893887519836)\", \"(99, 11, -0.5311731696128845)\", \"(97, 7, -0.6637890934944153)\", \"(95, 4, -1.072788119316101)\", \"(92, 1, -0.9587534070014954)\", \"(91, 0, -0.7598075866699219)\"], \"timeout\": false, \"planner_name\": \"overtaker\", \"total_exec_time_ms\": 8.163690567016602, \"local_start\": \"(128, 107, 0)\", \"local_goal\": \"(91, 0, -47.72631099390626)\", \"goal_direction\": 10, \"ego_location\": \"68.56521606445312|-3.1689393520355225|0.020441990345716476|-50.12315368652344\", \"map_goal\": \"77.44454193115234|-21.560270309448242|0|-82.3673095703125\", \"map_next_goal\": \"76.16561126708984|-31.487707138061523|0|-108.89921569824219\"}", "collision_report": ""}
