{"pre_planning": "{\"result_type\": 0, \"path\": [], \"timeout\": false, \"planner_name\": \"-\", \"total_exec_time_ms\": 0, \"local_start\": \"None\", \"local_goal\": \"None\", \"goal_direction\": 0, \"ego_location\": \"70.66948699951172|-37.59999465942383|1.931274652481079|-119.17015838623047\", \"map_goal\": \"59.94794464111328|-56.54953384399414|0|-105.20287322998047\", \"map_next_goal\": \"59.26138687133789|-66.584228515625|0|-85.83565521240234\"}", "planning": "{\"result_type\": 1, \"path\": [\"(128, 107, -0.17816074192523956)\", \"(127, 103, -0.12311121076345444)\", \"(127, 99, -0.3084999620914459)\", \"(126, 95, -0.3813895881175995)\", \"(124, 91, -0.244978666305542)\", \"(123, 87, -0.2795760929584503)\", \"(122, 83, -0.33288049697875977)\", \"(121, 79, -0.4472217857837677)\", \"(119, 76, -0.244978666305542)\", \"(118, 72, -0.2705692946910858)\", \"(117, 68, -0.3175067901611328)\", \"(116, 64, -0.40577009320259094)\", \"(114, 60, -0.28876742720603943)\", \"(113, 57, -0.2705692946910858)\", \"(112, 53, -0.3175067901611328)\", \"(111, 49, -0.40577009320259094)\", \"(109, 45, -0.28876742720603943)\", \"(108, 42, -0.2705692946910858)\", \"(107, 38, -0.3084999620914459)\", \"(106, 34, -0.3813895881175995)\", \"(104, 30, -0.21836864948272705)\", \"(103, 26, -0.15082494914531708)\", \"(102, 22, 0.0)\", \"(102, 18, 0.02771373651921749)\", \"(102, 14, 0.10140284150838852)\", \"(102, 10, 0.3012615740299225)\", \"(103, 6, 0.412624329328537)\", \"(104, 3, 0.45596882700920105)\", \"(106, 0, 0.477385550737381)\"], \"timeout\": false, \"planner_name\": \"overtaker\", \"total_exec_time_ms\": 565.7284259796143, \"local_start\": \"(128, 107, 0)\", \"local_goal\": \"(118, 0, 24.507405230129702)\", \"goal_direction\": 9, \"ego_location\": \"70.66948699951172|-37.59999465942383|1.931274652481079|-119.17015838623047\", \"map_goal\": \"59.94794464111328|-56.54953384399414|0|-105.20287322998047\", \"map_next_goal\": \"59.26138687133789|-66.584228515625|0|-85.83565521240234\"}", "collision_report": ""}
