{"pre_planning": "{\"result_type\": 0, \"path\": [], \"timeout\": false, \"planner_name\": \"-\", \"total_exec_time_ms\": 0, \"local_start\": \"None\", \"local_goal\": \"None\", \"goal_direction\": 0, \"ego_location\": \"59.58934020996094|-51.79762649536133|3.4246702194213867|-95.72059631347656\", \"map_goal\": \"59.94794464111328|-56.54953384399414|0|-105.20287322998047\", \"map_next_goal\": \"59.26138687133789|-66.584228515625|0|-85.83565521240234\"}", "planning": "{\"result_type\": 5, \"path\": [], \"timeout\": 0, \"planner_name\": \"-\", \"total_exec_time_ms\": 0, \"local_start\": \"(128, 107, 0)\", \"local_goal\": \"(134, 93, 1.5481576989779662)\", \"goal_direction\": 9, \"ego_location\": \"59.58934020996094|-51.79762649536133|3.4246702194213867|-95.72059631347656\", \"map_goal\": \"59.94794464111328|-56.54953384399414|0|-105.20287322998047\", \"map_next_goal\": \"59.26138687133789|-66.584228515625|0|-85.83565521240234\"}", "collision_report": ""}
