{"pre_planning": "{\"result_type\": 0, \"path\": [], \"timeout\": false, \"planner_name\": \"-\", \"total_exec_time_ms\": 0, \"local_start\": \"None\", \"local_goal\": \"None\", \"goal_direction\": 0, \"ego_location\": \"41.23301315307617|-212.12376403808594|3.2089180946350098|-94.727783203125\", \"map_goal\": \"38.70763397216797|-221.2950897216797|0|-111.70418548583984\", \"map_next_goal\": \"33.24759292602539|-229.6529998779297|0|-131.0015106201172\"}", "planning": "{\"result_type\": 5, \"path\": [], \"timeout\": 0, \"planner_name\": \"-\", \"total_exec_time_ms\": 0, \"local_start\": \"(128, 107, 0)\", \"local_goal\": \"(114, 58, -29.05460409907714)\", \"goal_direction\": 10, \"ego_location\": \"41.23301315307617|-212.12376403808594|3.2089180946350098|-94.727783203125\", \"map_goal\": \"38.70763397216797|-221.2950897216797|0|-111.70418548583984\", \"map_next_goal\": \"33.24759292602539|-229.6529998779297|0|-131.0015106201172\"}", "collision_report": ""}
