{"pre_planning": "{\"result_type\": 0, \"path\": [], \"timeout\": false, \"planner_name\": \"-\", \"total_exec_time_ms\": 0, \"local_start\": \"None\", \"local_goal\": \"None\", \"goal_direction\": 0, \"ego_location\": \"43.17007827758789|-192.70172119140625|4.729996681213379|-93.24530792236328\", \"map_goal\": \"41.240116119384766|-211.56072998046875|0|-99.22148895263672\", \"map_next_goal\": \"38.70763397216797|-221.2950897216797|0|-111.70418548583984\"}", "planning": "{\"result_type\": 1, \"path\": [\"(128, 107, -0.15082494914531708)\", \"(127, 103, 0.0)\", \"(127, 99, -0.02771373651921749)\", \"(127, 95, -0.06916538625955582)\", \"(127, 91, -0.15082494914531708)\", \"(126, 87, 0.0)\", \"(126, 83, -0.02771373651921749)\", \"(126, 79, -0.06916538625955582)\", \"(126, 75, -0.15082494914531708)\", \"(125, 71, 0.0)\", \"(125, 67, -0.02771373651921749)\", \"(125, 63, -0.06916538625955582)\", \"(125, 59, -0.15082494914531708)\", \"(124, 55, 0.0)\", \"(124, 51, -0.02771373651921749)\", \"(124, 47, -0.06916538625955582)\", \"(124, 43, -0.15082494914531708)\", \"(123, 39, 0.0)\", \"(123, 35, -0.02771373651921749)\", \"(123, 31, -0.06916538625955582)\", \"(123, 27, -0.15082494914531708)\", \"(122, 23, 0.0)\", \"(122, 19, -0.02771373651921749)\", \"(122, 15, -0.06916538625955582)\", \"(122, 11, -0.15333116054534912)\", \"(121, 7, -0.15082494914531708)\", \"(121, 3, -0.06916538625955582)\", \"(121, 0, -0.030219951644539833)\"], \"timeout\": false, \"planner_name\": \"overtaker\", \"total_exec_time_ms\": 3.8208961486816406, \"local_start\": \"(128, 107, 0)\", \"local_goal\": \"(121, 0, -10.856413348062247)\", \"goal_direction\": 10, \"ego_location\": \"43.17007827758789|-192.70172119140625|4.729996681213379|-93.24530792236328\", \"map_goal\": \"41.240116119384766|-211.56072998046875|0|-99.22148895263672\", \"map_next_goal\": \"38.70763397216797|-221.2950897216797|0|-111.70418548583984\"}", "collision_report": ""}
