{"pre_planning": "{\"result_type\": 0, \"path\": [], \"timeout\": false, \"planner_name\": \"-\", \"total_exec_time_ms\": 0, \"local_start\": \"None\", \"local_goal\": \"None\", \"goal_direction\": 0, \"ego_location\": \"48.06338882446289|-157.69876098632812|7.537992000579834|-102.52481842041016\", \"map_goal\": \"45.172264099121094|-171.50921630859375|0|-98.063720703125\", \"map_next_goal\": \"44.35909652709961|-181.4954833984375|0|-93.7540512084961\"}", "planning": "{\"result_type\": 1, \"path\": [\"(128, 107, 0.0)\", \"(128, 103, 0.0)\", \"(128, 99, 0.0)\", \"(128, 95, 0.0)\", \"(128, 91, 0.0)\", \"(128, 87, 0.0)\", \"(128, 83, 0.0)\", \"(128, 79, 0.0)\", \"(128, 75, 0.0)\", \"(128, 71, 0.0)\", \"(128, 67, 0.0)\", \"(128, 63, 0.0)\", \"(128, 59, 0.0)\", \"(128, 55, 0.0)\", \"(128, 51, 0.0)\", \"(128, 47, 0.0)\", \"(128, 43, 0.0)\", \"(128, 39, 0.0)\", \"(128, 35, 0.0)\", \"(128, 31, 0.041451651602983475)\", \"(128, 27, 0.08165955543518066)\", \"(128, 23, 0.5235987901687622)\", \"(129, 23, 0.6467099785804749)\"], \"timeout\": false, \"planner_name\": \"overtaker\", \"total_exec_time_ms\": 6.235837936401367, \"local_start\": \"(128, 107, 0)\", \"local_goal\": \"(129, 23, 7.907162702958452)\", \"goal_direction\": 9, \"ego_location\": \"48.06338882446289|-157.69876098632812|7.537992000579834|-102.52481842041016\", \"map_goal\": \"45.172264099121094|-171.50921630859375|0|-98.063720703125\", \"map_next_goal\": \"44.35909652709961|-181.4954833984375|0|-93.7540512084961\"}", "collision_report": ""}
