{"pre_planning": "{\"result_type\": 0, \"path\": [], \"timeout\": false, \"planner_name\": \"-\", \"total_exec_time_ms\": 0, \"local_start\": \"None\", \"local_goal\": \"None\", \"goal_direction\": 0, \"ego_location\": \"57.448875427246094|-141.20787048339844|9.01361083984375|-118.03173065185547\", \"map_goal\": \"47.474666595458984|-161.70152282714844|0|-109.43801879882812\", \"map_next_goal\": \"45.172264099121094|-171.50921630859375|0|-98.063720703125\"}", "planning": "{\"result_type\": 1, \"path\": [\"(128, 107, -0.15082494914531708)\", \"(127, 103, -0.02771373651921749)\", \"(127, 99, -0.06916538625955582)\", \"(127, 95, -0.15082494914531708)\", \"(126, 91, -0.02771373651921749)\", \"(126, 87, -0.06916538625955582)\", \"(126, 83, -0.17816074192523956)\", \"(125, 79, -0.06916538625955582)\", \"(125, 75, -0.15082494914531708)\", \"(124, 71, -0.02771373651921749)\", \"(124, 67, -0.06916538625955582)\", \"(124, 63, -0.15082494914531708)\", \"(123, 59, -0.02771373651921749)\", \"(123, 55, -0.06916538625955582)\", \"(123, 51, -0.15082494914531708)\", \"(122, 47, -0.02771373651921749)\", \"(122, 43, -0.06916538625955582)\", \"(122, 39, -0.15082494914531708)\", \"(121, 35, -0.02771373651921749)\", \"(121, 31, -0.06916538625955582)\", \"(121, 27, -0.17816074192523956)\", \"(120, 23, -0.06916538625955582)\", \"(120, 19, -0.15082494914531708)\", \"(119, 15, 0.02771373651921749)\", \"(119, 11, 0.10140284150838852)\", \"(119, 7, 0.14671237766742706)\", \"(120, 3, 0.25807511806488037)\", \"(121, 0, 0.2599679231643677)\"], \"timeout\": false, \"planner_name\": \"overtaker\", \"total_exec_time_ms\": 426.07688903808594, \"local_start\": \"(128, 107, 0)\", \"local_goal\": \"(134, 0, 14.782726042615666)\", \"goal_direction\": 9, \"ego_location\": \"57.448875427246094|-141.20787048339844|9.01361083984375|-118.03173065185547\", \"map_goal\": \"47.474666595458984|-161.70152282714844|0|-109.43801879882812\", \"map_next_goal\": \"45.172264099121094|-171.50921630859375|0|-98.063720703125\"}", "collision_report": ""}
