{"pre_planning": "{\"result_type\": 0, \"path\": [], \"timeout\": false, \"planner_name\": \"-\", \"total_exec_time_ms\": 0, \"local_start\": \"None\", \"local_goal\": \"None\", \"goal_direction\": 0, \"ego_location\": \"59.58934020996094|-51.79762649536133|3.4246702194213867|-95.72059631347656\", \"map_goal\": \"59.26138687133789|-66.584228515625|0|-85.83565521240234\", \"map_next_goal\": \"60.52488708496094|-76.54393005371094|0|-81.7426528930664\"}", "planning": "{\"result_type\": 1, \"path\": [\"(128, 107, 0.0)\", \"(128, 103, 0.02771373651921749)\", \"(128, 99, 0.06916538625955582)\", \"(128, 95, 0.15082494914531708)\", \"(129, 91, 0.02771373651921749)\", \"(129, 87, 0.06916538625955582)\", \"(129, 83, 0.15082494914531708)\", \"(130, 79, 0.02771373651921749)\", \"(130, 75, 0.06916538625955582)\", \"(130, 71, 0.17816074192523956)\", \"(131, 67, 0.06916538625955582)\", \"(131, 63, 0.15082494914531708)\", \"(132, 59, 0.02771373651921749)\", \"(132, 55, 0.06916538625955582)\", \"(132, 51, 0.15082494914531708)\", \"(133, 47, 0.02771373651921749)\", \"(133, 43, 0.06916538625955582)\", \"(133, 39, 0.15082494914531708)\", \"(134, 35, 0.02771373651921749)\", \"(134, 31, 0.06916538625955582)\", \"(134, 27, 0.2047707587480545)\", \"(135, 23, 0.23248450458049774)\", \"(135, 19, 0.5927641987800598)\", \"(136, 19, 0.6869179606437683)\"], \"timeout\": false, \"planner_name\": \"overtaker\", \"total_exec_time_ms\": 5.803346633911133, \"local_start\": \"(128, 107, 0)\", \"local_goal\": \"(136, 19, 13.284866484902182)\", \"goal_direction\": 9, \"ego_location\": \"59.58934020996094|-51.79762649536133|3.4246702194213867|-95.72059631347656\", \"map_goal\": \"59.26138687133789|-66.584228515625|0|-85.83565521240234\", \"map_next_goal\": \"60.52488708496094|-76.54393005371094|0|-81.7426528930664\"}", "collision_report": ""}
