{"pre_planning": "{\"result_type\": 0, \"path\": [], \"timeout\": false, \"planner_name\": \"-\", \"total_exec_time_ms\": 0, \"local_start\": \"None\", \"local_goal\": \"None\", \"goal_direction\": 0, \"ego_location\": \"-64.98780822753906|0.15185491740703583|0.02849920280277729|0.0627133697271347\", \"map_goal\": \"-49.68109130859375|0.3|0|-0.5505065321922302\", \"map_next_goal\": \"-39.657249450683594|0.3|0|-0.6009825468063354\"}", "planning": "{\"result_type\": 1, \"path\": [\"(128, 107, 0.0)\", \"(128, 103, 0.0)\", \"(128, 99, 0.0)\", \"(128, 95, 0.0)\", \"(128, 90, 0.0)\", \"(128, 87, 0.0)\", \"(128, 83, 0.0)\", \"(128, 79, 0.0)\", \"(128, 74, 0.0)\", \"(128, 71, 0.0)\", \"(128, 66, 0.0)\", \"(128, 63, 0.0)\", \"(128, 59, 0.0)\", \"(128, 55, 0.0)\", \"(128, 51, 0.0)\", \"(128, 47, 0.0)\", \"(128, 42, 0.0)\", \"(128, 39, 0.0)\", \"(128, 35, 0.0)\", \"(128, 30, 0.0)\", \"(128, 27, 0.0)\", \"(128, 23, 0.0)\", \"(128, 18, 0.0)\", \"(128, 15, 0.0)\", \"(128, 14, 0.0)\"], \"timeout\": false, \"planner_name\": \"overtaker\", \"total_exec_time_ms\": 13.149023056030273, \"local_start\": \"(128, 107, 0)\", \"local_goal\": \"(128, 14, 0.0)\", \"goal_direction\": 8, \"ego_location\": \"-64.98780822753906|0.15185491740703583|0.02849920280277729|0.0627133697271347\", \"map_goal\": \"-49.68109130859375|0.3|0|-0.5505065321922302\", \"map_next_goal\": \"-39.657249450683594|0.3|0|-0.6009825468063354\"}", "collision_report": ""}
