{"pre_planning": "{\"result_type\": 0, \"path\": [], \"timeout\": false, \"planner_name\": \"-\", \"total_exec_time_ms\": 0, \"local_start\": \"None\", \"local_goal\": \"None\", \"goal_direction\": 0, \"ego_location\": \"65.30752563476562|-123.31099700927734|9.226995468139648|-99.34806060791016\", \"map_goal\": \"62.9095573425293|-135.89866638183594|0|-116.2701644897461\", \"map_next_goal\": \"57.34056091308594|-144.24130249023438|0|-127.65644836425781\"}", "planning": "{\"result_type\": 5, \"path\": [], \"timeout\": 0, \"planner_name\": \"-\", \"total_exec_time_ms\": 0, \"local_start\": \"(128, 107, 0)\", \"local_goal\": \"(120, 35, -9.462322208025622)\", \"goal_direction\": 10, \"ego_location\": \"65.30752563476562|-123.31099700927734|9.226995468139648|-99.34806060791016\", \"map_goal\": \"62.9095573425293|-135.89866638183594|0|-116.2701644897461\", \"map_next_goal\": \"57.34056091308594|-144.24130249023438|0|-127.65644836425781\"}", "collision_report": ""}
