{"pre_planning": "{\"result_type\": 0, \"path\": [], \"timeout\": false, \"planner_name\": \"-\", \"total_exec_time_ms\": 0, \"local_start\": \"None\", \"local_goal\": \"None\", \"goal_direction\": 0, \"ego_location\": \"-99.99857330322266|2.463355122017674e-05|0.00652315141633153|0.0020020385272800922\", \"map_goal\": \"-30.0|1.0|0|0.0\", \"map_next_goal\": \"-20.0|1.0|0|0.0\"}", "planning": "{\"result_type\": 1, \"path\": [\"(128, 107, -0.17816074192523956)\", \"(127, 103, -0.0965011939406395)\", \"(127, 99, -0.244978666305542)\", \"(126, 95, -0.244978666305542)\", \"(125, 91, -0.21836864948272705)\", \"(124, 87, -0.17816074192523956)\", \"(123, 83, -0.0965011939406395)\", \"(123, 79, -0.244978666305542)\", \"(122, 75, -0.244978666305542)\", \"(121, 71, -0.244978666305542)\", \"(120, 67, -0.2520698010921478)\", \"(119, 63, -0.23437730967998505)\", \"(118, 59, -0.21450038254261017)\", \"(117, 56, -0.0965011939406395)\", \"(117, 52, -0.244978666305542)\", \"(116, 48, -0.244978666305542)\", \"(115, 44, -0.244978666305542)\", \"(114, 40, -0.21836864948272705)\", \"(113, 36, -0.17816074192523956)\", \"(112, 32, -0.0965011939406395)\", \"(112, 28, -0.244978666305542)\", \"(111, 24, -0.2520698010921478)\", \"(110, 20, -0.2631767988204956)\", \"(109, 16, -0.2599679231643677)\", \"(108, 13, -0.15082494914531708)\", \"(107, 9, 0.0)\", \"(107, 5, -0.10140284150838852)\", \"(107, 1, -0.02771373651921749)\", \"(107, 0, 0.0)\"], \"timeout\": false, \"planner_name\": \"overtaker\", \"total_exec_time_ms\": 92.19479560852051, \"local_start\": \"(128, 107, 0)\", \"local_goal\": \"(115, 0, 0.6930603027112467)\", \"goal_direction\": 9, \"ego_location\": \"-99.99857330322266|2.463355122017674e-05|0.00652315141633153|0.0020020385272800922\", \"map_goal\": \"-30.0|1.0|0|0.0\", \"map_next_goal\": \"-20.0|1.0|0|0.0\"}", "collision_report": ""}
