{"pre_planning": "{\"result_type\": 0, \"path\": [], \"timeout\": false, \"planner_name\": \"-\", \"total_exec_time_ms\": 0, \"local_start\": \"None\", \"local_goal\": \"None\", \"goal_direction\": 0, \"ego_location\": \"12.329851150512695|-4.313454627990723|0.02866542711853981|-8.263376235961914\", \"map_goal\": \"20.591285705566406|-0.4232592135667801|0|-0.549591064453125\", \"map_next_goal\": \"50.688690185546875|-0.07684602588415146|0|0.14715316891670227\"}", "planning": "{\"result_type\": 5, \"path\": [], \"timeout\": 0, \"planner_name\": \"-\", \"total_exec_time_ms\": 0, \"local_start\": \"(128, 107, 0)\", \"local_goal\": \"(164, 40, 20.29756977222869)\", \"goal_direction\": 9, \"ego_location\": \"12.329851150512695|-4.313454627990723|0.02866542711853981|-8.263376235961914\", \"map_goal\": \"20.591285705566406|-0.4232592135667801|0|-0.549591064453125\", \"map_next_goal\": \"50.688690185546875|-0.07684602588415146|0|0.14715316891670227\"}", "collision_report": ""}
