{"pre_planning": "{\"result_type\": 0, \"path\": [], \"timeout\": false, \"planner_name\": \"-\", \"total_exec_time_ms\": 0, \"local_start\": \"None\", \"local_goal\": \"None\", \"goal_direction\": 0, \"ego_location\": \"-13.72694206237793|-0.08987478166818619|0.028490370139479637|25.93023681640625\", \"map_goal\": \"0.5285676717758179|0.4524883061647415|0|-0.5581969618797302\", \"map_next_goal\": \"20.591285705566406|-0.4232592135667801|0|-0.549591064453125\"}", "planning": "{\"result_type\": 1, \"path\": [\"(128, 124, 0)\", \"(128, 120, 0)\", \"(128, 116, 0)\", \"(128, 113, 0)\", \"(128, 109, 0)\", \"(128, 105, 0)\", \"(128, 102, 0)\", \"(128, 98, 0)\", \"(128, 94, 0)\", \"(128, 91, 0)\", \"(128, 87, 0)\", \"(128, 83, 0)\", \"(128, 79, 0)\", \"(128, 76, 0)\", \"(128, 72, 0)\", \"(128, 68, 0)\", \"(126, 65, 0)\", \"(125, 61, 0)\", \"(123, 58, 0)\", \"(122, 55, 0)\", \"(120, 52, 0)\", \"(117, 49, 0)\", \"(115, 46, 0)\", \"(112, 44, 0)\", \"(109, 41, 0)\", \"(106, 39, 0)\", \"(103, 37, 0)\", \"(100, 36, 0)\", \"(96, 34, 0)\", \"(93, 32, 0)\", \"(90, 30, 0)\", \"(87, 28, 0)\"], \"timeout\": false, \"planner_name\": \"Hybrid A*\", \"total_exec_time_ms\": 957.9222202301025, \"local_start\": \"(128, 107, 0)\", \"local_goal\": \"(85, 31, -28.64133023383633)\", \"goal_direction\": 10, \"ego_location\": \"-13.72694206237793|-0.08987478166818619|0.028490370139479637|25.93023681640625\", \"map_goal\": \"0.5285676717758179|0.4524883061647415|0|-0.5581969618797302\", \"map_next_goal\": \"20.591285705566406|-0.4232592135667801|0|-0.549591064453125\"}", "collision_report": ""}
