{"pre_planning": "{\"result_type\": 0, \"path\": [], \"timeout\": false, \"planner_name\": \"-\", \"total_exec_time_ms\": 0, \"local_start\": \"None\", \"local_goal\": \"None\", \"goal_direction\": 0, \"ego_location\": \"-30.8791446685791|-0.10615599155426025|0.02854209765791893|1.1137111186981201\", \"map_goal\": \"0.5285676717758179|0.4524883061647415|0|-0.5581969618797302\", \"map_next_goal\": \"20.591285705566406|-0.4232592135667801|0|-0.549591064453125\"}", "planning": "{\"result_type\": 1, \"path\": [\"(126, 124, 0)\", \"(125, 121, 0)\", \"(123, 117, 0)\", \"(122, 114, 0)\", \"(120, 111, 0)\", \"(117, 108, 0)\", \"(115, 105, 0)\", \"(112, 103, 0)\", \"(109, 100, 0)\", \"(106, 98, 0)\", \"(103, 97, 0)\", \"(101, 93, 0)\", \"(100, 90, 0)\", \"(98, 87, 0)\", \"(97, 83, 0)\", \"(96, 79, 0)\", \"(96, 76, 0)\", \"(96, 72, 0)\", \"(96, 68, 0)\", \"(96, 65, 0)\", \"(96, 61, 0)\", \"(97, 57, 0)\", \"(98, 54, 0)\", \"(100, 50, 0)\", \"(101, 47, 0)\", \"(103, 44, 0)\", \"(105, 41, 0)\", \"(108, 38, 0)\", \"(109, 35, 0)\", \"(111, 31, 0)\", \"(112, 28, 0)\", \"(114, 25, 0)\", \"(115, 21, 0)\", \"(117, 18, 0)\", \"(119, 15, 0)\", \"(120, 11, 0)\", \"(122, 8, 0)\", \"(123, 5, 0)\", \"(125, 1, 0)\"], \"timeout\": false, \"planner_name\": \"Hybrid A*\", \"total_exec_time_ms\": 146.15511894226074, \"local_start\": \"(128, 107, 0)\", \"local_goal\": \"(127, 0, -0.5405101871306682)\", \"goal_direction\": 10, \"ego_location\": \"-30.8791446685791|-0.10615599155426025|0.02854209765791893|1.1137111186981201\", \"map_goal\": \"0.5285676717758179|0.4524883061647415|0|-0.5581969618797302\", \"map_next_goal\": \"20.591285705566406|-0.4232592135667801|0|-0.549591064453125\"}", "collision_report": ""}
