{"pre_planning": "{\"result_type\": 0, \"path\": [], \"timeout\": false, \"planner_name\": \"-\", \"total_exec_time_ms\": 0, \"local_start\": \"None\", \"local_goal\": \"None\", \"goal_direction\": 0, \"ego_location\": \"39.28750991821289|-0.9762781262397766|0.028643034398555756|14.847380638122559\", \"map_goal\": \"50.688690185546875|-0.07684602588415146|0|0.14715316891670227\", \"map_next_goal\": \"None\"}", "planning": "{\"result_type\": 5, \"path\": [], \"timeout\": 0, \"planner_name\": \"-\", \"total_exec_time_ms\": 0, \"local_start\": \"(128, 107, 0)\", \"local_goal\": \"(112, 44, -14.250032697803599)\", \"goal_direction\": 10, \"ego_location\": \"39.28750991821289|-0.9762781262397766|0.028643034398555756|14.847380638122559\", \"map_goal\": \"50.688690185546875|-0.07684602588415146|0|0.14715316891670227\", \"map_next_goal\": \"None\"}", "collision_report": ""}
