{"pre_planning": "{\"result_type\": 0, \"path\": [], \"timeout\": false, \"planner_name\": \"-\", \"total_exec_time_ms\": 0, \"local_start\": \"None\", \"local_goal\": \"None\", \"goal_direction\": 0, \"ego_location\": \"-99.99837493896484|-2.0878624127362855e-05|0.011386813595890999|0.0020905090495944023\", \"map_goal\": \"-30.0|1.0|0|0.0\", \"map_next_goal\": \"-20.0|1.0|0|0.0\"}", "planning": "{\"result_type\": 1, \"path\": [\"(128, 107, -0.17816074192523956)\", \"(127, 103, -0.0965011939406395)\", \"(127, 99, -0.244978666305542)\", \"(126, 95, -0.21836864948272705)\", \"(125, 91, -0.17816074192523956)\", \"(124, 87, -0.0965011939406395)\", \"(124, 83, -0.244978666305542)\", \"(123, 79, -0.244978666305542)\", \"(122, 75, -0.21836864948272705)\", \"(121, 71, -0.17816074192523956)\", \"(120, 67, -0.0965011939406395)\", \"(120, 63, -0.2520698010921478)\", \"(119, 59, -0.2631767988204956)\", \"(118, 55, -0.2599679231643677)\", \"(117, 52, -0.17816074192523956)\", \"(116, 48, -0.0965011939406395)\", \"(116, 44, -0.244978666305542)\", \"(115, 40, -0.244978666305542)\", \"(114, 36, -0.21836864948272705)\", \"(113, 32, -0.17816074192523956)\", \"(112, 28, -0.0965011939406395)\", \"(112, 24, -0.244978666305542)\", \"(111, 20, -0.244978666305542)\", \"(110, 16, -0.21836864948272705)\", \"(109, 12, -0.17816074192523956)\", \"(108, 8, -0.041451651602983475)\", \"(108, 4, -0.17816074192523956)\", \"(107, 0, 0.34543803334236145)\", \"(108, 0, 0.5235987901687622)\"], \"timeout\": false, \"planner_name\": \"overtaker\", \"total_exec_time_ms\": 104.67052459716797, \"local_start\": \"(128, 107, 0)\", \"local_goal\": \"(116, 0, 0.6930603027112467)\", \"goal_direction\": 9, \"ego_location\": \"-99.99837493896484|-2.0878624127362855e-05|0.011386813595890999|0.0020905090495944023\", \"map_goal\": \"-30.0|1.0|0|0.0\", \"map_next_goal\": \"-20.0|1.0|0|0.0\"}", "collision_report": ""}
