{"pre_planning": "{\"result_type\": 0, \"path\": [], \"timeout\": false, \"planner_name\": \"-\", \"total_exec_time_ms\": 0, \"local_start\": \"None\", \"local_goal\": \"None\", \"goal_direction\": 0, \"ego_location\": \"0.6186185479164124|0.9056075811386108|0.01620779000222683|19.629873275756836\", \"map_goal\": \"20.591285705566406|-0.4232592135667801|0|-0.549591064453125\", \"map_next_goal\": \"30.688690185546875|-0.07684602588415146|0|0.14715316891670227\"}", "planning": "{\"result_type\": 1, \"path\": [\"(127, 126, 0)\", \"(126, 124, 0)\", \"(126, 122, 0)\", \"(125, 121, 0)\", \"(124, 119, 0)\", \"(123, 117, 0)\", \"(123, 115, 0)\", \"(123, 114, 0)\", \"(123, 112, 0)\", \"(122, 110, 0)\", \"(122, 108, 0)\", \"(122, 106, 0)\"], \"timeout\": false, \"planner_name\": \"Hybrid A*\", \"total_exec_time_ms\": 382.7817440032959, \"local_start\": \"(128, 107, 0)\", \"local_goal\": \"(69, 0, -17.949402992913885)\", \"goal_direction\": 10, \"ego_location\": \"0.6186185479164124|0.9056075811386108|0.01620779000222683|19.629873275756836\", \"map_goal\": \"20.591285705566406|-0.4232592135667801|0|-0.549591064453125\", \"map_next_goal\": \"30.688690185546875|-0.07684602588415146|0|0.14715316891670227\"}", "collision_report": ""}
