{"pre_planning": "{\"result_type\": 0, \"path\": [], \"timeout\": false, \"planner_name\": \"-\", \"total_exec_time_ms\": 0, \"local_start\": \"None\", \"local_goal\": \"None\", \"goal_direction\": 0, \"ego_location\": \"-49.67951583862305|0.05947965011000633|0.04698217287659645|2.4057793617248535\", \"map_goal\": \"-29.611574172973633|0.3|0|-0.5670166015625\", \"map_next_goal\": \"-19.58110809326172|0.3|0|-0.5422667860984802\"}", "planning": "{\"result_type\": 1, \"path\": [\"(128, 126, 0)\", \"(128, 124, 0)\", \"(128, 122, 0)\", \"(128, 120, 0)\", \"(128, 118, 0)\", \"(128, 116, 0)\", \"(128, 115, 0)\", \"(128, 113, 0)\", \"(127, 111, 0)\", \"(127, 109, 0)\", \"(127, 107, 0)\", \"(127, 105, 0)\", \"(127, 103, 0)\", \"(127, 102, 0)\", \"(127, 100, 0)\", \"(127, 98, 0)\", \"(127, 96, 0)\", \"(127, 94, 0)\", \"(127, 92, 0)\", \"(127, 91, 0)\", \"(127, 89, 0)\", \"(127, 87, 0)\", \"(127, 85, 0)\", \"(127, 83, 0)\", \"(127, 81, 0)\", \"(127, 79, 0)\", \"(127, 78, 0)\", \"(127, 76, 0)\", \"(127, 74, 0)\", \"(127, 72, 0)\", \"(127, 70, 0)\", \"(127, 68, 0)\", \"(127, 67, 0)\", \"(127, 65, 0)\", \"(127, 63, 0)\", \"(127, 61, 0)\", \"(127, 59, 0)\", \"(127, 57, 0)\", \"(127, 55, 0)\", \"(127, 54, 0)\", \"(127, 52, 0)\", \"(127, 50, 0)\", \"(127, 48, 0)\", \"(127, 46, 0)\", \"(127, 44, 0)\", \"(127, 43, 0)\", \"(127, 41, 0)\", \"(127, 39, 0)\", \"(127, 37, 0)\", \"(127, 35, 0)\", \"(127, 33, 0)\", \"(127, 31, 0)\", \"(127, 30, 0)\", \"(127, 28, 0)\", \"(127, 26, 0)\", \"(127, 24, 0)\", \"(127, 22, 0)\", \"(127, 20, 0)\", \"(127, 18, 0)\", \"(127, 17, 0)\", \"(127, 15, 0)\", \"(126, 13, 0)\", \"(126, 11, 0)\", \"(125, 10, 0)\", \"(124, 8, 0)\", \"(123, 6, 0)\", \"(122, 5, 0)\", \"(121, 3, 0)\"], \"timeout\": false, \"planner_name\": \"Hybrid A*\", \"total_exec_time_ms\": 12.991189956665039, \"local_start\": \"(128, 107, 0)\", \"local_goal\": \"(123, 0, -2.3215305898327228)\", \"goal_direction\": 10, \"ego_location\": \"-49.67951583862305|0.05947965011000633|0.04698217287659645|2.4057793617248535\", \"map_goal\": \"-29.611574172973633|0.3|0|-0.5670166015625\", \"map_next_goal\": \"-19.58110809326172|0.3|0|-0.5422667860984802\"}", "collision_report": ""}
