{"pre_planning": "{\"result_type\": 0, \"path\": [], \"timeout\": false, \"planner_name\": \"-\", \"total_exec_time_ms\": 0, \"local_start\": \"None\", \"local_goal\": \"None\", \"goal_direction\": 0, \"ego_location\": \"6.76527738571167|1.3803526163101196|0.02840234711766243|5.043797016143799\", \"map_goal\": \"20.591285705566406|-0.4232592135667801|0|-0.549591064453125\", \"map_next_goal\": \"30.688690185546875|-0.07684602588415146|0|0.14715316891670227\"}", "planning": "{\"result_type\": 1, \"path\": [\"(127, 126, 0)\", \"(126, 124, 0)\", \"(126, 122, 0)\", \"(125, 121, 0)\", \"(124, 119, 0)\", \"(123, 117, 0)\", \"(122, 116, 0)\", \"(121, 114, 0)\", \"(120, 113, 0)\", \"(119, 111, 0)\", \"(119, 109, 0)\", \"(118, 108, 0)\", \"(117, 106, 0)\", \"(117, 104, 0)\", \"(116, 102, 0)\", \"(115, 101, 0)\", \"(115, 99, 0)\", \"(114, 97, 0)\", \"(113, 96, 0)\", \"(113, 94, 0)\", \"(112, 92, 0)\", \"(111, 90, 0)\", \"(111, 89, 0)\", \"(110, 87, 0)\", \"(109, 85, 0)\", \"(109, 84, 0)\", \"(108, 82, 0)\", \"(107, 80, 0)\", \"(107, 78, 0)\", \"(106, 77, 0)\", \"(106, 75, 0)\", \"(106, 73, 0)\", \"(106, 71, 0)\", \"(106, 69, 0)\", \"(106, 67, 0)\", \"(106, 66, 0)\", \"(106, 64, 0)\", \"(107, 62, 0)\", \"(107, 60, 0)\", \"(108, 58, 0)\", \"(108, 57, 0)\", \"(109, 55, 0)\", \"(109, 53, 0)\", \"(110, 51, 0)\", \"(111, 50, 0)\", \"(112, 48, 0)\", \"(112, 46, 0)\", \"(112, 44, 0)\", \"(111, 43, 0)\", \"(111, 41, 0)\", \"(110, 39, 0)\", \"(110, 37, 0)\", \"(109, 35, 0)\", \"(109, 34, 0)\", \"(108, 32, 0)\", \"(107, 30, 0)\", \"(107, 29, 0)\", \"(106, 27, 0)\"], \"timeout\": false, \"planner_name\": \"Hybrid A*\", \"total_exec_time_ms\": 1536.1709594726562, \"local_start\": \"(128, 107, 0)\", \"local_goal\": \"(105, 27, -3.094058058917118)\", \"goal_direction\": 10, \"ego_location\": \"6.76527738571167|1.3803526163101196|0.02840234711766243|5.043797016143799\", \"map_goal\": \"20.591285705566406|-0.4232592135667801|0|-0.549591064453125\", \"map_next_goal\": \"30.688690185546875|-0.07684602588415146|0|0.14715316891670227\"}", "collision_report": ""}
