{"pre_planning": "{\"result_type\": 0, \"path\": [], \"timeout\": false, \"planner_name\": \"-\", \"total_exec_time_ms\": 0, \"local_start\": \"None\", \"local_goal\": \"None\", \"goal_direction\": 0, \"ego_location\": \"-49.974700927734375|-1.9413158893585205|0.06760668754577637|0.9790951609611511\", \"map_goal\": \"-30.0|1.0|0|0.0\", \"map_next_goal\": \"-20.0|1.0|0|0.0\"}", "planning": "{\"result_type\": 1, \"path\": [\"(128, 107, 0)\", \"(128, 106, 0)\", \"(129, 105, 0)\", \"(130, 104, 0)\", \"(131, 103, 0)\", \"(131, 102, 0)\", \"(132, 101, 0)\", \"(133, 100, 0)\", \"(134, 99, 0)\", \"(134, 98, 0)\", \"(135, 97, 0)\", \"(136, 96, 0)\", \"(137, 95, 0)\", \"(137, 94, 0)\", \"(138, 93, 0)\", \"(139, 92, 0)\", \"(140, 91, 0)\", \"(140, 91, 0)\", \"(141, 90, 0)\", \"(142, 90, 0)\", \"(143, 90, 0)\", \"(144, 89, 0)\", \"(145, 89, 0)\", \"(146, 89, 0)\", \"(147, 88, 0)\", \"(148, 88, 0)\", \"(149, 88, 0)\", \"(150, 88, 0)\", \"(150, 88, 0)\", \"(149, 87, 0)\", \"(148, 87, 0)\", \"(147, 87, 0)\", \"(147, 87, 0)\", \"(147, 86, 0)\", \"(147, 85, 0)\", \"(147, 84, 0)\", \"(148, 83, 0)\", \"(148, 82, 0)\", \"(148, 81, 0)\", \"(148, 80, 0)\", \"(149, 79, 0)\", \"(149, 78, 0)\", \"(149, 77, 0)\", \"(150, 76, 0)\", \"(150, 75, 0)\", \"(150, 74, 0)\", \"(150, 73, 0)\", \"(151, 72, 0)\", \"(151, 71, 0)\", \"(151, 70, 0)\", \"(152, 69, 0)\", \"(152, 68, 0)\", \"(152, 67, 0)\", \"(152, 66, 0)\", \"(153, 65, 0)\", \"(153, 64, 0)\", \"(153, 63, 0)\", \"(154, 62, 0)\", \"(154, 62, 0)\", \"(154, 61, 0)\", \"(154, 60, 0)\", \"(154, 59, 0)\", \"(154, 58, 0)\", \"(154, 57, 0)\", \"(154, 56, 0)\", \"(154, 55, 0)\", \"(154, 54, 0)\", \"(154, 53, 0)\", \"(154, 52, 0)\", \"(154, 51, 0)\", \"(154, 50, 0)\", \"(154, 49, 0)\", \"(154, 48, 0)\", \"(154, 47, 0)\", \"(154, 46, 0)\", \"(154, 45, 0)\", \"(154, 44, 0)\", \"(154, 43, 0)\", \"(155, 42, 0)\", \"(155, 42, 0)\", \"(155, 41, 0)\", \"(155, 40, 0)\", \"(155, 39, 0)\", \"(155, 38, 0)\", \"(155, 37, 0)\", \"(155, 36, 0)\", \"(155, 35, 0)\", \"(155, 34, 0)\", \"(155, 33, 0)\", \"(155, 32, 0)\", \"(155, 31, 0)\", \"(155, 30, 0)\", \"(155, 29, 0)\", \"(155, 28, 0)\", \"(155, 27, 0)\", \"(155, 26, 0)\", \"(155, 25, 0)\", \"(155, 24, 0)\", \"(155, 23, 0)\", \"(155, 22, 0)\", \"(155, 21, 0)\", \"(155, 20, 0)\", \"(155, 19, 0)\", \"(155, 18, 0)\", \"(155, 17, 0)\", \"(155, 16, 0)\", \"(155, 15, 0)\", \"(155, 14, 0)\", \"(155, 13, 0)\", \"(155, 12, 0)\", \"(155, 11, 0)\", \"(155, 10, 0)\", \"(155, 9, 0)\", \"(155, 8, 0)\", \"(155, 7, 0)\", \"(155, 6, 0)\", \"(155, 5, 0)\", \"(155, 4, 0)\"], \"timeout\": false, \"planner_name\": \"RRT*\", \"total_exec_time_ms\": 66.29490852355957, \"local_start\": \"(128, 107, 0)\", \"local_goal\": \"(147, 0, -1.5481576989779662)\", \"goal_direction\": 10, \"ego_location\": \"-49.974700927734375|-1.9413158893585205|0.06760668754577637|0.9790951609611511\", \"map_goal\": \"-30.0|1.0|0|0.0\", \"map_next_goal\": \"-20.0|1.0|0|0.0\"}", "collision_report": ""}
