{"pre_planning": "{\"result_type\": 0, \"path\": [], \"timeout\": false, \"planner_name\": \"-\", \"total_exec_time_ms\": 0, \"local_start\": \"None\", \"local_goal\": \"None\", \"goal_direction\": 0, \"ego_location\": \"-99.99860382080078|-1.4442199244513176e-05|0.006407993845641613|0.001993840094655752\", \"map_goal\": \"-30.0|1.0|0|0.0\", \"map_next_goal\": \"-20.0|1.0|0|0.0\"}", "planning": "{\"result_type\": 1, \"path\": [\"(128, 107, 0)\", \"(127, 106, 0)\", \"(127, 105, 0)\", \"(126, 104, 0)\", \"(126, 103, 0)\", \"(125, 102, 0)\", \"(125, 101, 0)\", \"(124, 100, 0)\", \"(124, 99, 0)\", \"(123, 98, 0)\", \"(123, 97, 0)\", \"(122, 96, 0)\", \"(122, 95, 0)\", \"(122, 94, 0)\", \"(121, 93, 0)\", \"(121, 92, 0)\", \"(120, 91, 0)\", \"(120, 90, 0)\", \"(119, 89, 0)\", \"(119, 88, 0)\", \"(118, 87, 0)\", \"(118, 86, 0)\", \"(117, 85, 0)\", \"(117, 84, 0)\", \"(116, 83, 0)\", \"(116, 82, 0)\", \"(116, 81, 0)\", \"(115, 80, 0)\", \"(115, 79, 0)\", \"(114, 78, 0)\", \"(114, 77, 0)\", \"(113, 76, 0)\", \"(113, 75, 0)\", \"(112, 74, 0)\", \"(112, 73, 0)\", \"(111, 72, 0)\", \"(111, 71, 0)\", \"(111, 70, 0)\", \"(111, 70, 0)\", \"(110, 69, 0)\", \"(110, 68, 0)\", \"(110, 67, 0)\", \"(110, 66, 0)\", \"(110, 65, 0)\", \"(110, 64, 0)\", \"(109, 63, 0)\", \"(109, 62, 0)\", \"(109, 61, 0)\", \"(109, 60, 0)\", \"(109, 59, 0)\", \"(109, 58, 0)\", \"(108, 57, 0)\", \"(108, 56, 0)\", \"(108, 55, 0)\", \"(108, 54, 0)\", \"(108, 53, 0)\", \"(108, 52, 0)\", \"(107, 51, 0)\", \"(107, 50, 0)\", \"(107, 49, 0)\", \"(107, 48, 0)\", \"(107, 47, 0)\", \"(107, 46, 0)\", \"(106, 45, 0)\", \"(106, 44, 0)\", \"(106, 43, 0)\", \"(106, 42, 0)\", \"(106, 41, 0)\", \"(106, 40, 0)\", \"(105, 39, 0)\", \"(105, 38, 0)\", \"(105, 37, 0)\", \"(105, 36, 0)\", \"(105, 35, 0)\", \"(105, 34, 0)\", \"(105, 34, 0)\", \"(105, 33, 0)\", \"(105, 32, 0)\", \"(105, 31, 0)\", \"(105, 30, 0)\", \"(105, 29, 0)\", \"(105, 28, 0)\", \"(105, 27, 0)\", \"(105, 26, 0)\", \"(105, 25, 0)\", \"(105, 24, 0)\", \"(105, 23, 0)\", \"(105, 22, 0)\", \"(105, 21, 0)\", \"(105, 20, 0)\", \"(105, 19, 0)\", \"(105, 18, 0)\", \"(105, 17, 0)\", \"(105, 16, 0)\", \"(105, 15, 0)\", \"(105, 14, 0)\", \"(105, 13, 0)\", \"(105, 12, 0)\", \"(105, 11, 0)\", \"(105, 10, 0)\", \"(105, 9, 0)\", \"(105, 8, 0)\", \"(105, 7, 0)\", \"(106, 6, 0)\"], \"timeout\": false, \"planner_name\": \"RRT*\", \"total_exec_time_ms\": 291.37134552001953, \"local_start\": \"(128, 107, 0)\", \"local_goal\": \"(115, 0, 0.6930603027112467)\", \"goal_direction\": 9, \"ego_location\": \"-99.99860382080078|-1.4442199244513176e-05|0.006407993845641613|0.001993840094655752\", \"map_goal\": \"-30.0|1.0|0|0.0\", \"map_next_goal\": \"-20.0|1.0|0|0.0\"}", "collision_report": ""}
