{"pre_planning": "{\"result_type\": 0, \"path\": [], \"timeout\": false, \"planner_name\": \"-\", \"total_exec_time_ms\": 0, \"local_start\": \"None\", \"local_goal\": \"None\", \"goal_direction\": 0, \"ego_location\": \"-32.6215934753418|0.1293790340423584|0.028514346107840538|1.1572346687316895\", \"map_goal\": \"-19.58110809326172|0.3|0|-0.5422667860984802\", \"map_next_goal\": \"-9.545795440673828|0.4509453892707825|0|-0.5573425889015198\"}", "planning": "{\"result_type\": 5, \"path\": [], \"timeout\": 0, \"planner_name\": \"-\", \"total_exec_time_ms\": 0, \"local_start\": \"(128, 107, 0)\", \"local_goal\": \"(127, 31, -0.7848246029918898)\", \"goal_direction\": 10, \"ego_location\": \"-32.6215934753418|0.1293790340423584|0.028514346107840538|1.1572346687316895\", \"map_goal\": \"-19.58110809326172|0.3|0|-0.5422667860984802\", \"map_next_goal\": \"-9.545795440673828|0.4509453892707825|0|-0.5573425889015198\"}", "collision_report": ""}
