{"pre_planning": "{\"result_type\": 0, \"path\": [], \"timeout\": false, \"planner_name\": \"-\", \"total_exec_time_ms\": 0, \"local_start\": \"None\", \"local_goal\": \"None\", \"goal_direction\": 0, \"ego_location\": \"0.5492780804634094|0.3881549835205078|0.015622958540916443|1.3644227981567383\", \"map_goal\": \"20.591285705566406|-0.4232592135667801|0|-0.549591064453125\", \"map_next_goal\": \"30.688690185546875|-0.07684602588415146|0|0.14715316891670227\"}", "planning": "{\"result_type\": 1, \"path\": [\"(128, 107, -0.5235987305641174)\", \"(127, 106, 0.0)\", \"(127, 105, 0.0)\", \"(127, 104, 0.0)\", \"(127, 103, -0.10725017637014389)\", \"(127, 102, -0.26179933547973633)\", \"(127, 101, -0.5235987305641174)\", \"(126, 100, 0.0)\", \"(126, 99, 0.0)\", \"(126, 98, 0.0)\", \"(126, 97, 0.0)\", \"(126, 96, 0.0)\", \"(126, 95, -0.10725017637014389)\", \"(126, 94, -0.26179933547973633)\", \"(126, 93, -0.5235987305641174)\", \"(125, 92, 0.0)\", \"(125, 91, 0.0)\", \"(125, 90, 0.0)\", \"(125, 89, 0.0)\", \"(125, 88, -0.10725017637014389)\", \"(125, 87, -0.26179933547973633)\", \"(125, 86, -0.5235987305641174)\", \"(124, 85, 0.0)\", \"(124, 84, 0.0)\", \"(124, 83, 0.0)\", \"(124, 82, 0.0)\", \"(124, 81, 0.0)\", \"(124, 80, -0.10725017637014389)\", \"(124, 79, -0.26179933547973633)\", \"(124, 78, -0.5235987305641174)\", \"(123, 77, 0.0)\", \"(123, 76, 0.0)\", \"(123, 75, 0.0)\", \"(123, 74, 0.0)\", \"(123, 73, 0.0)\", \"(123, 72, 0.0)\", \"(123, 71, -0.10725017637014389)\", \"(123, 70, -0.26179933547973633)\", \"(123, 69, -0.5235987305641174)\", \"(122, 68, 0.0)\", \"(122, 67, 0.0)\", \"(122, 66, 0.0)\", \"(122, 65, 0.0)\", \"(122, 64, 0.0)\", \"(122, 63, 0.0)\", \"(122, 62, 0.0)\", \"(122, 61, -0.10725017637014389)\", \"(122, 60, -0.26179933547973633)\", \"(122, 59, -0.5235987305641174)\", \"(121, 58, 0.0)\", \"(121, 57, 0.0)\", \"(121, 56, 0.0)\", \"(121, 55, 0.0)\", \"(121, 54, 0.0)\", \"(121, 53, 0.0)\", \"(121, 52, 0.0)\", \"(121, 51, 0.0)\", \"(121, 50, -0.10725017637014389)\", \"(121, 49, -0.26179933547973633)\", \"(121, 48, -0.5235987305641174)\", \"(120, 47, 0.0)\", \"(120, 46, 0.0)\", \"(120, 45, 0.0)\", \"(120, 44, 0.0)\", \"(120, 43, 0.0)\", \"(120, 42, 0.0)\", \"(120, 41, 0.0)\", \"(120, 40, 0.0)\", \"(120, 39, 0.0)\", \"(120, 38, -0.10725017637014389)\", \"(120, 37, -0.26179933547973633)\", \"(120, 36, -0.5235987305641174)\", \"(119, 35, 0.0)\", \"(119, 34, 0.0)\", \"(119, 33, 0.0)\", \"(119, 32, 0.0)\", \"(119, 31, 0.0)\", \"(119, 30, 0.0)\", \"(119, 29, 0.0)\", \"(119, 28, 0.0)\", \"(119, 27, 0.0)\", \"(119, 26, 0.0)\", \"(119, 25, 0.0)\", \"(119, 24, 0.0)\", \"(119, 23, -0.10725017637014389)\", \"(119, 22, -0.26179933547973633)\", \"(119, 21, -0.5235987305641174)\", \"(118, 20, 0.0)\", \"(118, 19, 0.0)\", \"(118, 18, 0.0)\", \"(118, 17, 0.0)\", \"(118, 16, 0.0)\", \"(118, 15, 0.0)\", \"(118, 14, 0.0)\", \"(118, 13, 0.0)\", \"(118, 12, 0.0)\", \"(118, 11, 0.0)\", \"(118, 10, 0.0)\", \"(118, 9, 0.0)\", \"(118, 8, 0.0)\", \"(118, 7, 0.0)\", \"(118, 6, 0.0)\", \"(118, 5, 0.0)\", \"(118, 4, 0.0)\", \"(118, 3, 0.0)\", \"(118, 2, 0.0)\", \"(118, 1, 0.0)\"], \"timeout\": false, \"planner_name\": \"interpolator\", \"total_exec_time_ms\": 4.733562469482422, \"local_start\": \"(128, 107, 0)\", \"local_goal\": \"(118, 0, 0.7638984609299889)\", \"goal_direction\": 9, \"ego_location\": \"0.5492780804634094|0.3881549835205078|0.015622958540916443|1.3644227981567383\", \"map_goal\": \"20.591285705566406|-0.4232592135667801|0|-0.549591064453125\", \"map_next_goal\": \"30.688690185546875|-0.07684602588415146|0|0.14715316891670227\"}", "collision_report": ""}
