{"pre_planning": "{\"result_type\": 0, \"path\": [], \"timeout\": false, \"planner_name\": \"-\", \"total_exec_time_ms\": 0, \"local_start\": \"None\", \"local_goal\": \"None\", \"goal_direction\": 0, \"ego_location\": \"-65.53881072998047|0.16946078836917877|0.028525561094284058|1.071053385734558\", \"map_goal\": \"-59.809959411621094|0.3|0|-0.555572509765625\", \"map_next_goal\": \"-49.68109130859375|0.3|0|-0.5505065321922302\"}", "planning": "{\"result_type\": 5, \"path\": [], \"timeout\": 0, \"planner_name\": \"-\", \"total_exec_time_ms\": 0, \"local_start\": \"(128, 107, 0)\", \"local_goal\": \"(128, 85, -1.5275254422129276)\", \"goal_direction\": 10, \"ego_location\": \"-65.53881072998047|0.16946078836917877|0.028525561094284058|1.071053385734558\", \"map_goal\": \"-59.809959411621094|0.3|0|-0.555572509765625\", \"map_next_goal\": \"-49.68109130859375|0.3|0|-0.5505065321922302\"}", "collision_report": ""}
