{"pre_planning": "{\"result_type\": 0, \"path\": [], \"timeout\": false, \"planner_name\": \"-\", \"total_exec_time_ms\": 0, \"local_start\": \"None\", \"local_goal\": \"None\", \"goal_direction\": 0, \"ego_location\": \"-49.77938461303711|0.28043627738952637|0.04431794956326485|1.283899188041687\", \"map_goal\": \"-29.611574172973633|0.3|0|-0.5670166015625\", \"map_next_goal\": \"-19.58110809326172|0.3|0|-0.5422667860984802\"}", "planning": "{\"result_type\": 1, \"path\": [\"(128, 107, -0.5235987305641174)\", \"(127, 106, 0.0)\", \"(127, 105, 0.0)\", \"(127, 104, 0.0)\", \"(127, 103, 0.0)\", \"(127, 102, 0.0)\", \"(127, 101, 0.0)\", \"(127, 100, 0.0)\", \"(127, 99, 0.0)\", \"(127, 98, 0.0)\", \"(127, 97, 0.0)\", \"(127, 96, 0.0)\", \"(127, 95, 0.0)\", \"(127, 94, 0.0)\", \"(127, 93, 0.0)\", \"(127, 92, 0.0)\", \"(127, 91, 0.0)\", \"(127, 90, 0.0)\", \"(127, 89, -0.10725017637014389)\", \"(127, 88, -0.26179933547973633)\", \"(127, 87, -0.5235987305641174)\", \"(126, 86, 0.0)\", \"(126, 85, 0.0)\", \"(126, 84, 0.0)\", \"(126, 83, 0.0)\", \"(126, 82, 0.0)\", \"(126, 81, 0.0)\", \"(126, 80, 0.0)\", \"(126, 79, 0.0)\", \"(126, 78, 0.0)\", \"(126, 77, 0.0)\", \"(126, 76, 0.0)\", \"(126, 75, 0.0)\", \"(126, 74, 0.0)\", \"(126, 73, 0.0)\", \"(126, 72, 0.0)\", \"(126, 71, 0.0)\", \"(126, 70, 0.0)\", \"(126, 69, 0.0)\", \"(126, 68, 0.0)\", \"(126, 67, 0.0)\", \"(126, 66, -0.10725017637014389)\", \"(126, 65, -0.26179933547973633)\", \"(126, 64, -0.5235987305641174)\", \"(125, 63, 0.0)\", \"(125, 62, 0.0)\", \"(125, 61, 0.0)\", \"(125, 60, 0.0)\", \"(125, 59, 0.0)\", \"(125, 58, 0.0)\", \"(125, 57, 0.0)\", \"(125, 56, 0.0)\", \"(125, 55, 0.0)\", \"(125, 54, 0.0)\", \"(125, 53, 0.0)\", \"(125, 52, 0.0)\", \"(125, 51, 0.0)\", \"(125, 50, 0.0)\", \"(125, 49, 0.0)\", \"(125, 48, 0.0)\", \"(125, 47, 0.0)\", \"(125, 46, 0.0)\", \"(125, 45, 0.0)\", \"(125, 44, 0.0)\", \"(125, 43, 0.0)\", \"(125, 42, 0.0)\", \"(125, 41, 0.0)\", \"(125, 40, 0.0)\", \"(125, 39, 0.0)\", \"(125, 38, -0.10725017637014389)\", \"(125, 37, -0.26179933547973633)\", \"(125, 36, -0.5235987305641174)\", \"(124, 35, 0.0)\", \"(124, 34, 0.0)\", \"(124, 33, 0.0)\", \"(124, 32, 0.0)\", \"(124, 31, 0.0)\", \"(124, 30, 0.0)\", \"(124, 29, 0.0)\", \"(124, 28, 0.0)\", \"(124, 27, 0.0)\", \"(124, 26, 0.0)\", \"(124, 25, 0.0)\", \"(124, 24, 0.0)\", \"(124, 23, 0.0)\", \"(124, 22, 0.0)\", \"(124, 21, 0.0)\", \"(124, 20, 0.0)\", \"(124, 19, 0.0)\", \"(124, 18, 0.0)\", \"(124, 17, 0.0)\", \"(124, 16, 0.0)\", \"(124, 15, 0.0)\", \"(124, 14, 0.0)\", \"(124, 13, 0.0)\", \"(124, 12, 0.0)\", \"(124, 11, 0.0)\", \"(124, 10, 0.0)\", \"(124, 9, 0.0)\", \"(124, 8, 0.0)\", \"(124, 7, 0.0)\", \"(124, 6, 0.0)\", \"(124, 5, 0.0)\", \"(124, 4, 0.0)\", \"(124, 3, 0.0)\", \"(124, 2, 0.0)\", \"(124, 1, 0.0)\"], \"timeout\": false, \"planner_name\": \"interpolator\", \"total_exec_time_ms\": 4.615306854248047, \"local_start\": \"(128, 107, 0)\", \"local_goal\": \"(124, 0, -0.7742201649280674)\", \"goal_direction\": 10, \"ego_location\": \"-49.77938461303711|0.28043627738952637|0.04431794956326485|1.283899188041687\", \"map_goal\": \"-29.611574172973633|0.3|0|-0.5670166015625\", \"map_next_goal\": \"-19.58110809326172|0.3|0|-0.5422667860984802\"}", "collision_report": ""}
