{"pre_planning": "{\"result_type\": 0, \"path\": [], \"timeout\": false, \"planner_name\": \"-\", \"total_exec_time_ms\": 0, \"local_start\": \"None\", \"local_goal\": \"None\", \"goal_direction\": 0, \"ego_location\": \"-49.69426727294922|0.16803552210330963|0.04578527435660362|0.3206150233745575\", \"map_goal\": \"-29.611574172973633|0.3|0|-0.5670166015625\", \"map_next_goal\": \"-19.58110809326172|0.3|0|-0.5422667860984802\"}", "planning": "{\"result_type\": 1, \"path\": [\"(128, 107, 0.0)\", \"(128, 106, 0.0)\", \"(128, 105, 0.0)\", \"(128, 104, 0.0)\", \"(128, 103, 0.0)\", \"(128, 102, 0.0)\", \"(128, 101, 0.0)\", \"(128, 100, 0.0)\", \"(128, 99, 0.0)\", \"(128, 98, 0.0)\", \"(128, 97, 0.0)\", \"(128, 96, 0.0)\", \"(128, 95, 0.0)\", \"(128, 94, 0.0)\", \"(128, 93, 0.0)\", \"(128, 92, 0.0)\", \"(128, 91, 0.0)\", \"(128, 90, 0.0)\", \"(128, 89, 0.0)\", \"(128, 88, 0.0)\", \"(128, 87, 0.0)\", \"(128, 86, 0.0)\", \"(128, 85, 0.0)\", \"(128, 84, 0.0)\", \"(128, 83, 0.0)\", \"(128, 82, 0.0)\", \"(128, 81, 0.0)\", \"(128, 80, 0.0)\", \"(128, 79, 0.0)\", \"(128, 78, 0.0)\", \"(128, 77, 0.0)\", \"(128, 76, 0.0)\", \"(128, 75, 0.0)\", \"(128, 74, 0.0)\", \"(128, 73, 0.0)\", \"(128, 72, 0.0)\", \"(128, 71, 0.0)\", \"(128, 70, 0.0)\", \"(128, 69, 0.0)\", \"(128, 68, 0.0)\", \"(128, 67, 0.0)\", \"(128, 66, 0.0)\", \"(128, 65, 0.0)\", \"(128, 64, 0.0)\", \"(128, 63, 0.0)\", \"(128, 62, 0.0)\", \"(128, 61, 0.0)\", \"(128, 60, 0.0)\", \"(128, 59, 0.0)\", \"(128, 58, 0.0)\", \"(128, 57, 0.0)\", \"(128, 56, 0.0)\", \"(128, 55, 0.0)\", \"(128, 54, 0.0)\", \"(128, 53, 0.0)\", \"(128, 52, 0.0)\", \"(128, 51, 0.0)\", \"(128, 50, 0.0)\", \"(128, 49, 0.0)\", \"(128, 48, 0.0)\", \"(128, 47, 0.0)\", \"(128, 46, 0.0)\", \"(128, 45, 0.0)\", \"(128, 44, 0.0)\", \"(128, 43, 0.0)\", \"(128, 42, 0.0)\", \"(128, 41, 0.0)\", \"(128, 40, 0.0)\", \"(128, 39, 0.0)\", \"(128, 38, 0.0)\", \"(128, 37, 0.0)\", \"(128, 36, 0.0)\", \"(128, 35, 0.0)\", \"(128, 34, 0.0)\", \"(128, 33, 0.0)\", \"(128, 32, 0.0)\", \"(128, 31, 0.0)\", \"(128, 30, 0.0)\", \"(128, 29, 0.0)\", \"(128, 28, 0.0)\", \"(128, 27, 0.0)\", \"(128, 26, 0.0)\", \"(128, 25, 0.0)\", \"(128, 24, 0.0)\", \"(128, 23, 0.0)\", \"(128, 22, 0.0)\", \"(128, 21, 0.0)\", \"(128, 20, 0.0)\", \"(128, 19, 0.0)\", \"(128, 18, 0.0)\", \"(128, 17, 0.0)\", \"(128, 16, 0.0)\", \"(128, 15, 0.0)\", \"(128, 14, 0.0)\", \"(128, 13, 0.0)\", \"(128, 12, 0.0)\", \"(128, 11, 0.0)\", \"(128, 10, 0.0)\", \"(128, 9, 0.0)\", \"(128, 8, 0.0)\", \"(128, 7, 0.0)\", \"(128, 6, 0.0)\", \"(128, 5, 0.0)\", \"(128, 4, 0.0)\", \"(128, 3, 0.0)\", \"(128, 2, 0.0)\", \"(128, 1, 0.0)\"], \"timeout\": false, \"planner_name\": \"interpolator\", \"total_exec_time_ms\": 6.076335906982422, \"local_start\": \"(128, 107, 0)\", \"local_goal\": \"(128, 0, -0.7742201649280674)\", \"goal_direction\": 10, \"ego_location\": \"-49.69426727294922|0.16803552210330963|0.04578527435660362|0.3206150233745575\", \"map_goal\": \"-29.611574172973633|0.3|0|-0.5670166015625\", \"map_next_goal\": \"-19.58110809326172|0.3|0|-0.5422667860984802\"}", "collision_report": ""}
