{"pre_planning": "{\"result_type\": 0, \"path\": [], \"timeout\": false, \"planner_name\": \"-\", \"total_exec_time_ms\": 0, \"local_start\": \"None\", \"local_goal\": \"None\", \"goal_direction\": 0, \"ego_location\": \"-32.29914474487305|0.26550498604774475|0.028530215844511986|0.31834715604782104\", \"map_goal\": \"-19.58110809326172|0.3|0|-0.5422667860984802\", \"map_next_goal\": \"-9.545795440673828|0.4509453892707825|0|-0.5573425889015198\"}", "planning": "{\"result_type\": 5, \"path\": [], \"timeout\": 0, \"planner_name\": \"-\", \"total_exec_time_ms\": 0, \"local_start\": \"(128, 107, 0)\", \"local_goal\": \"(127, 34, 0.7742201649280548)\", \"goal_direction\": 9, \"ego_location\": \"-32.29914474487305|0.26550498604774475|0.028530215844511986|0.31834715604782104\", \"map_goal\": \"-19.58110809326172|0.3|0|-0.5422667860984802\", \"map_next_goal\": \"-9.545795440673828|0.4509453892707825|0|-0.5573425889015198\"}", "collision_report": ""}
