{"pre_planning": "{\"result_type\": 0, \"path\": [], \"timeout\": false, \"planner_name\": \"-\", \"total_exec_time_ms\": 0, \"local_start\": \"None\", \"local_goal\": \"None\", \"goal_direction\": 0, \"ego_location\": \"-14.372272491455078|0.2685588002204895|0.02847856469452381|0.8332937359809875\", \"map_goal\": \"-9.545795440673828|0.4509453892707825|0|-0.5573425889015198\", \"map_next_goal\": \"0.5285676717758179|0.4524883061647415|0|-0.5581969618797302\"}", "planning": "{\"result_type\": 5, \"path\": [], \"timeout\": 0, \"planner_name\": \"-\", \"total_exec_time_ms\": 0, \"local_start\": \"(128, 107, 0)\", \"local_goal\": \"(128, 92, -0.7638984609300017)\", \"goal_direction\": 10, \"ego_location\": \"-14.372272491455078|0.2685588002204895|0.02847856469452381|0.8332937359809875\", \"map_goal\": \"-9.545795440673828|0.4509453892707825|0|-0.5573425889015198\", \"map_next_goal\": \"0.5285676717758179|0.4524883061647415|0|-0.5581969618797302\"}", "collision_report": ""}
