{"pre_planning": "{\"result_type\": 0, \"path\": [], \"timeout\": false, \"planner_name\": \"-\", \"total_exec_time_ms\": 0, \"local_start\": \"None\", \"local_goal\": \"None\", \"goal_direction\": 0, \"ego_location\": \"-31.725563049316406|0.2165757715702057|0.028519609943032265|0.6585454344749451\", \"map_goal\": \"-9.545795440673828|0.4509453892707825|0|-0.5573425889015198\", \"map_next_goal\": \"0.5285676717758179|0.4524883061647415|0|-0.5581969618797302\"}", "planning": "{\"result_type\": 1, \"path\": [\"(128, 107, -0.15082494914531708)\", \"(127, 103, 0.0)\", \"(127, 99, 0.0)\", \"(127, 95, 0.0)\", \"(127, 91, 0.0)\", \"(127, 87, 0.0)\", \"(127, 83, 0.0)\", \"(127, 79, 0.0)\", \"(127, 75, 0.0)\", \"(127, 71, 0.0)\", \"(127, 67, 0.0)\", \"(127, 63, 0.0)\", \"(127, 59, 0.0)\", \"(127, 55, 0.0)\", \"(127, 51, 0.0)\", \"(127, 47, 0.0)\", \"(127, 43, 0.0)\", \"(127, 39, 0.0)\", \"(127, 35, 0.0)\", \"(127, 31, 0.0)\", \"(127, 27, 0.0)\", \"(127, 23, 0.0)\", \"(127, 19, 0.0)\", \"(127, 15, 0.0)\", \"(127, 11, 0.0)\", \"(127, 7, 0.0)\", \"(127, 3, 0.0)\", \"(127, 0, 0.0)\"], \"timeout\": false, \"planner_name\": \"overtaker\", \"total_exec_time_ms\": 3.414154052734375, \"local_start\": \"(128, 107, 0)\", \"local_goal\": \"(127, 0, 0.0)\", \"goal_direction\": 8, \"ego_location\": \"-31.725563049316406|0.2165757715702057|0.028519609943032265|0.6585454344749451\", \"map_goal\": \"-9.545795440673828|0.4509453892707825|0|-0.5573425889015198\", \"map_next_goal\": \"0.5285676717758179|0.4524883061647415|0|-0.5581969618797302\"}", "collision_report": ""}
