{"pre_planning": "{\"result_type\": 0, \"path\": [], \"timeout\": false, \"planner_name\": \"-\", \"total_exec_time_ms\": 0, \"local_start\": \"None\", \"local_goal\": \"None\", \"goal_direction\": 0, \"ego_location\": \"-99.9984130859375|-3.251625457778573e-05|0.010628452524542809|0.0026028535794466734\", \"map_goal\": \"-79.93721771240234|0.3|0|-0.518341064453125\", \"map_next_goal\": \"-69.8793716430664|0.3|0|-0.5555419921875\"}", "planning": "{\"result_type\": 1, \"path\": [\"(128, 107, 0.0)\", \"(128, 103, 0.0)\", \"(128, 99, 0.0)\", \"(128, 95, 0.0)\", \"(128, 91, 0.0)\", \"(128, 87, 0.0)\", \"(128, 83, 0.0)\", \"(128, 79, 0.0)\", \"(128, 75, 0.0)\", \"(128, 71, 0.0)\", \"(128, 67, 0.0)\", \"(128, 63, 0.02771373651921749)\", \"(128, 59, 0.06916538625955582)\", \"(128, 55, 0.15082494914531708)\", \"(129, 51, 0.0)\", \"(129, 47, 0.0)\", \"(129, 43, 0.0)\", \"(129, 39, 0.0)\", \"(129, 35, 0.0)\", \"(129, 31, 0.0)\", \"(129, 27, 0.0)\", \"(129, 23, 0.0)\", \"(129, 19, 0.0)\", \"(129, 15, 0.0)\", \"(129, 11, 0.030219951644539833)\", \"(129, 7, 0.04729902744293213)\", \"(129, 3, 0.10725017637014389)\", \"(130, 0, 0.1847691535949707)\"], \"timeout\": false, \"planner_name\": \"overtaker\", \"total_exec_time_ms\": 2.819538116455078, \"local_start\": \"(128, 107, 0)\", \"local_goal\": \"(130, 0, 0.0)\", \"goal_direction\": 8, \"ego_location\": \"-99.9984130859375|-3.251625457778573e-05|0.010628452524542809|0.0026028535794466734\", \"map_goal\": \"-79.93721771240234|0.3|0|-0.518341064453125\", \"map_next_goal\": \"-69.8793716430664|0.3|0|-0.5555419921875\"}", "collision_report": ""}
