{"pre_planning": "{\"result_type\": 0, \"path\": [], \"timeout\": false, \"planner_name\": \"-\", \"total_exec_time_ms\": 0, \"local_start\": \"None\", \"local_goal\": \"None\", \"goal_direction\": 0, \"ego_location\": \"-14.372272491455078|0.2685588002204895|0.02847856469452381|0.8332937359809875\", \"map_goal\": \"0.5285676717758179|0.4524883061647415|0|-0.5581969618797302\", \"map_next_goal\": \"10.564472198486328|0.4549951829016209|0|-0.558319091796875\"}", "planning": "{\"result_type\": 1, \"path\": [\"(128, 107, -0.15082494914531708)\", \"(127, 103, 0.0)\", \"(127, 99, 0.0)\", \"(127, 95, 0.0)\", \"(127, 91, 0.0)\", \"(127, 87, 0.0)\", \"(127, 83, 0.0)\", \"(127, 79, 0.0)\", \"(127, 75, 0.0)\", \"(127, 71, 0.0)\", \"(127, 67, 0.0)\", \"(127, 63, 0.0)\", \"(127, 59, 0.0)\", \"(127, 55, 0.0)\", \"(127, 51, 0.0)\", \"(127, 47, 0.0)\", \"(127, 43, 0.0)\", \"(127, 39, 0.0)\", \"(127, 35, 0.0)\", \"(127, 31, 0.0)\", \"(127, 27, 0.0)\", \"(127, 23, 0.0)\", \"(127, 19, 0.0)\", \"(127, 17, 0.0)\"], \"timeout\": false, \"planner_name\": \"overtaker\", \"total_exec_time_ms\": 2.535104751586914, \"local_start\": \"(128, 107, 0)\", \"local_goal\": \"(127, 17, -0.7848246029918898)\", \"goal_direction\": 10, \"ego_location\": \"-14.372272491455078|0.2685588002204895|0.02847856469452381|0.8332937359809875\", \"map_goal\": \"0.5285676717758179|0.4524883061647415|0|-0.5581969618797302\", \"map_next_goal\": \"10.564472198486328|0.4549951829016209|0|-0.558319091796875\"}", "collision_report": ""}
