{"pre_planning": "{\"result_type\": 0, \"path\": [], \"timeout\": false, \"planner_name\": \"-\", \"total_exec_time_ms\": 0, \"local_start\": \"None\", \"local_goal\": \"None\", \"goal_direction\": 0, \"ego_location\": \"0.6792947053909302|0.3317520022392273|0.015646152198314667|1.180208683013916\", \"map_goal\": \"20.591285705566406|-0.4232592135667801|0|-0.549591064453125\", \"map_next_goal\": \"30.688690185546875|-0.07684602588415146|0|0.14715316891670227\"}", "planning": "{\"result_type\": 1, \"path\": [\"(128, 107, -0.15082494914531708)\", \"(127, 103, -0.02771373651921749)\", \"(127, 99, -0.06916538625955582)\", \"(127, 95, -0.15082494914531708)\", \"(126, 91, -0.02771373651921749)\", \"(126, 87, -0.06916538625955582)\", \"(126, 83, -0.15082494914531708)\", \"(125, 79, -0.02771373651921749)\", \"(125, 75, -0.06916538625955582)\", \"(125, 71, -0.17816074192523956)\", \"(124, 67, -0.06916538625955582)\", \"(124, 63, -0.15082494914531708)\", \"(123, 59, -0.02771373651921749)\", \"(123, 55, -0.06916538625955582)\", \"(123, 51, -0.15082494914531708)\", \"(122, 47, -0.02771373651921749)\", \"(122, 43, -0.06916538625955582)\", \"(122, 39, -0.15082494914531708)\", \"(121, 35, -0.02771373651921749)\", \"(121, 31, -0.06916538625955582)\", \"(121, 27, -0.15082494914531708)\", \"(120, 23, -0.02771373651921749)\", \"(120, 19, -0.06916538625955582)\", \"(120, 15, -0.15082494914531708)\", \"(119, 11, 0.0)\", \"(119, 7, -0.06916538625955582)\", \"(119, 3, -0.02771373651921749)\", \"(119, 0, 0.0)\"], \"timeout\": false, \"planner_name\": \"overtaker\", \"total_exec_time_ms\": 3.2067298889160156, \"local_start\": \"(128, 107, 0)\", \"local_goal\": \"(119, 0, 0.7742201649280548)\", \"goal_direction\": 9, \"ego_location\": \"0.6792947053909302|0.3317520022392273|0.015646152198314667|1.180208683013916\", \"map_goal\": \"20.591285705566406|-0.4232592135667801|0|-0.549591064453125\", \"map_next_goal\": \"30.688690185546875|-0.07684602588415146|0|0.14715316891670227\"}", "collision_report": ""}
