{"pre_planning": "{\"result_type\": 0, \"path\": [], \"timeout\": false, \"planner_name\": \"-\", \"total_exec_time_ms\": 0, \"local_start\": \"None\", \"local_goal\": \"None\", \"goal_direction\": 0, \"ego_location\": \"-49.12640380859375|0.21952064335346222|0.048773135989904404|0.4766604006290436\", \"map_goal\": \"-29.611574172973633|0.3|0|-0.5670166015625\", \"map_next_goal\": \"-19.58110809326172|0.3|0|-0.5422667860984802\"}", "planning": "{\"result_type\": 1, \"path\": [\"(128, 107, -0.15082494914531708)\", \"(127, 103, 0.0)\", \"(127, 99, 0.0)\", \"(127, 95, 0.0)\", \"(127, 91, 0.0)\", \"(127, 87, 0.0)\", \"(127, 83, 0.0)\", \"(127, 79, 0.0)\", \"(127, 75, 0.0)\", \"(127, 71, 0.0)\", \"(127, 67, 0.0)\", \"(127, 63, 0.0)\", \"(127, 59, 0.0)\", \"(127, 55, 0.0)\", \"(127, 51, 0.0)\", \"(127, 47, 0.0)\", \"(127, 43, 0.0)\", \"(127, 39, 0.0)\", \"(127, 35, 0.0)\", \"(127, 31, 0.0)\", \"(127, 27, 0.0)\", \"(127, 23, 0.0)\", \"(127, 19, 0.0)\", \"(127, 15, 0.0)\", \"(127, 11, 0.0)\", \"(127, 7, 0.0)\", \"(127, 3, 0.0)\", \"(127, 0, 0.0)\"], \"timeout\": false, \"planner_name\": \"overtaker\", \"total_exec_time_ms\": 1.6283988952636719, \"local_start\": \"(128, 107, 0)\", \"local_goal\": \"(127, 0, -0.7742201649280674)\", \"goal_direction\": 10, \"ego_location\": \"-49.12640380859375|0.21952064335346222|0.048773135989904404|0.4766604006290436\", \"map_goal\": \"-29.611574172973633|0.3|0|-0.5670166015625\", \"map_next_goal\": \"-19.58110809326172|0.3|0|-0.5422667860984802\"}", "collision_report": ""}
