{"pre_planning": "{\"result_type\": 0, \"path\": [], \"timeout\": false, \"planner_name\": \"-\", \"total_exec_time_ms\": 0, \"local_start\": \"None\", \"local_goal\": \"None\", \"goal_direction\": 0, \"ego_location\": \"42.1535530090332|-198.90704345703125|4.24004602432251|-93.40958404541016\", \"map_goal\": \"38.70763397216797|-221.2950897216797|0|-111.70418548583984\", \"map_next_goal\": \"33.24759292602539|-229.6529998779297|0|-131.0015106201172\"}", "planning": "{\"result_type\": 1, \"path\": [\"(128, 107, -0.5235987305641174)\", \"(127, 106, 0.0)\", \"(127, 105, 0.0)\", \"(127, 104, 0.0)\", \"(127, 103, 0.0)\", \"(127, 102, 0.0)\", \"(127, 101, 0.0)\", \"(127, 100, 0.0)\", \"(127, 99, 0.0)\", \"(127, 98, 0.0)\", \"(127, 97, 0.0)\", \"(127, 96, 0.0)\", \"(127, 95, 0.0)\", \"(127, 94, 0.0)\", \"(127, 93, 0.0)\", \"(127, 92, -0.10725017637014389)\", \"(127, 91, -0.26179933547973633)\", \"(127, 90, -0.5235987305641174)\", \"(126, 89, 0.0)\", \"(126, 88, 0.0)\", \"(126, 87, 0.0)\", \"(126, 86, 0.0)\", \"(126, 85, 0.0)\", \"(126, 84, 0.0)\", \"(126, 83, 0.0)\", \"(126, 82, 0.0)\", \"(126, 81, -0.10725017637014389)\", \"(126, 80, -0.26179933547973633)\", \"(126, 79, -0.5235987305641174)\", \"(125, 78, 0.0)\", \"(125, 77, 0.0)\", \"(125, 76, 0.0)\", \"(125, 75, 0.0)\", \"(125, 74, 0.0)\", \"(125, 73, 0.0)\", \"(125, 72, -0.10725017637014389)\", \"(125, 71, -0.26179933547973633)\", \"(125, 70, -0.5235987305641174)\", \"(124, 69, 0.0)\", \"(124, 68, 0.0)\", \"(124, 67, 0.0)\", \"(124, 66, 0.0)\", \"(124, 65, 0.0)\", \"(124, 64, -0.10725017637014389)\", \"(124, 63, -0.26179933547973633)\", \"(124, 62, -0.5235987305641174)\", \"(123, 61, 0.0)\", \"(123, 60, 0.0)\", \"(123, 59, 0.0)\", \"(123, 58, 0.0)\", \"(123, 57, -0.10725017637014389)\", \"(123, 56, -0.26179933547973633)\", \"(123, 55, -0.5235987305641174)\", \"(122, 54, 0.0)\", \"(122, 53, 0.0)\", \"(122, 52, 0.0)\", \"(122, 51, 0.0)\", \"(122, 50, -0.10725017637014389)\", \"(122, 49, -0.26179933547973633)\", \"(122, 48, -0.5235987305641174)\", \"(121, 47, 0.0)\", \"(121, 46, 0.0)\", \"(121, 45, 0.0)\", \"(121, 44, -0.10725017637014389)\", \"(121, 43, -0.26179933547973633)\", \"(121, 42, -0.5235987305641174)\", \"(120, 41, 0.0)\", \"(120, 40, 0.0)\", \"(120, 39, -0.10725017637014389)\", \"(120, 38, -0.26179933547973633)\", \"(120, 37, -0.5235987305641174)\", \"(119, 36, 0.0)\", \"(119, 35, 0.0)\", \"(119, 34, 0.0)\", \"(119, 33, -0.10725017637014389)\", \"(119, 32, -0.26179933547973633)\", \"(119, 31, -0.5235987305641174)\", \"(118, 30, 0.0)\", \"(118, 29, 0.0)\", \"(118, 28, -0.10725017637014389)\", \"(118, 27, -0.26179933547973633)\", \"(118, 26, -0.5235987305641174)\", \"(117, 25, 0.0)\", \"(117, 24, -0.10725017637014389)\", \"(117, 23, -0.26179933547973633)\", \"(117, 22, -0.5235987305641174)\", \"(116, 21, 0.0)\", \"(116, 20, 0.0)\", \"(116, 19, -0.10725017637014389)\", \"(116, 18, -0.26179933547973633)\", \"(116, 17, -0.5235987305641174)\", \"(115, 16, 0.0)\", \"(115, 15, -0.10725017637014389)\", \"(115, 14, -0.26179933547973633)\", \"(115, 13, -0.5235987305641174)\", \"(114, 12, 0.0)\", \"(114, 11, 0.0)\", \"(114, 10, -0.10725017637014389)\", \"(114, 9, -0.26179933547973633)\", \"(114, 8, -0.5235987305641174)\", \"(113, 7, 0.0)\", \"(113, 6, -0.10725017637014389)\", \"(113, 5, -0.26179933547973633)\", \"(113, 4, -0.5235987305641174)\", \"(112, 3, -0.5235987305641174)\", \"(112, 2, -0.26179933547973633)\", \"(112, 1, -0.10725017637014389)\"], \"timeout\": false, \"planner_name\": \"interpolator\", \"total_exec_time_ms\": 5.589008331298828, \"local_start\": \"(128, 107, 0)\", \"local_goal\": \"(112, 0, -30.03328043599515)\", \"goal_direction\": 10, \"ego_location\": \"42.1535530090332|-198.90704345703125|4.24004602432251|-93.40958404541016\", \"map_goal\": \"38.70763397216797|-221.2950897216797|0|-111.70418548583984\", \"map_next_goal\": \"33.24759292602539|-229.6529998779297|0|-131.0015106201172\"}", "collision_report": ""}
