{"pre_planning": "{\"result_type\": 0, \"path\": [], \"timeout\": false, \"planner_name\": \"-\", \"total_exec_time_ms\": 0, \"local_start\": \"None\", \"local_goal\": \"None\", \"goal_direction\": 0, \"ego_location\": \"44.10148239135742|-179.75645446777344|5.74306058883667|-87.17999267578125\", \"map_goal\": \"43.634891510009766|-191.4984130859375|0|-94.78752899169922\", \"map_next_goal\": \"42.621665954589844|-201.5404052734375|0|-96.61176300048828\"}", "planning": "{\"result_type\": 5, \"path\": [], \"timeout\": 0, \"planner_name\": \"-\", \"total_exec_time_ms\": 0, \"local_start\": \"(128, 107, 0)\", \"local_goal\": \"(120, 41, -8.569141879837645)\", \"goal_direction\": 10, \"ego_location\": \"44.10148239135742|-179.75645446777344|5.74306058883667|-87.17999267578125\", \"map_goal\": \"43.634891510009766|-191.4984130859375|0|-94.78752899169922\", \"map_next_goal\": \"42.621665954589844|-201.5404052734375|0|-96.61176300048828\"}", "collision_report": ""}
