{"pre_planning": "{\"result_type\": 0, \"path\": [], \"timeout\": false, \"planner_name\": \"-\", \"total_exec_time_ms\": 0, \"local_start\": \"None\", \"local_goal\": \"None\", \"goal_direction\": 0, \"ego_location\": \"59.31968307495117|-54.17721939086914|3.6164138317108154|-101.05245971679688\", \"map_goal\": \"60.52488708496094|-76.54393005371094|0|-81.7426528930664\", \"map_next_goal\": \"62.126277923583984|-86.53861236572266|0|-80.38323974609375\"}", "planning": "{\"result_type\": 1, \"path\": [\"(128, 107, 0.02771373651921749)\", \"(128, 103, 0.0965011939406395)\", \"(128, 99, 0.244978666305542)\", \"(129, 95, 0.21836864948272705)\", \"(130, 91, 0.17816074192523956)\", \"(131, 87, 0.0965011939406395)\", \"(131, 83, 0.21836864948272705)\", \"(132, 79, 0.17816074192523956)\", \"(133, 75, 0.0965011939406395)\", \"(133, 71, 0.244978666305542)\", \"(134, 67, 0.21836864948272705)\", \"(135, 63, 0.17816074192523956)\", \"(136, 59, 0.0965011939406395)\", \"(136, 55, 0.2520698010921478)\", \"(137, 51, 0.23437730967998505)\", \"(138, 47, 0.21450038254261017)\", \"(139, 44, 0.0965011939406395)\", \"(139, 40, 0.244978666305542)\", \"(140, 36, 0.21836864948272705)\", \"(141, 32, 0.17816074192523956)\", \"(142, 28, 0.0965011939406395)\", \"(142, 24, 0.244978666305542)\", \"(143, 20, 0.21836864948272705)\", \"(144, 16, 0.17816074192523956)\", \"(145, 12, 0.0965011939406395)\", \"(145, 8, 0.2829093635082245)\", \"(146, 4, 0.41436949372291565)\", \"(147, 0, 0.741967499256134)\", \"(148, 0, 0.797738254070282)\"], \"timeout\": false, \"planner_name\": \"overtaker\", \"total_exec_time_ms\": 141.59393310546875, \"local_start\": \"(128, 107, 0)\", \"local_goal\": \"(163, 0, 20.37643521383638)\", \"goal_direction\": 9, \"ego_location\": \"59.31968307495117|-54.17721939086914|3.6164138317108154|-101.05245971679688\", \"map_goal\": \"60.52488708496094|-76.54393005371094|0|-81.7426528930664\", \"map_next_goal\": \"62.126277923583984|-86.53861236572266|0|-80.38323974609375\"}", "collision_report": ""}
