{"pre_planning": "{\"result_type\": 0, \"path\": [], \"timeout\": false, \"planner_name\": \"-\", \"total_exec_time_ms\": 0, \"local_start\": \"None\", \"local_goal\": \"None\", \"goal_direction\": 0, \"ego_location\": \"62.16682052612305|-87.43094635009766|6.413460731506348|-78.04232025146484\", \"map_goal\": \"65.83345794677734|-106.3822021484375|0|-79.40670776367188\", \"map_next_goal\": \"67.14884185791016|-116.3796615600586|0|-86.6710205078125\"}", "planning": "{\"result_type\": 1, \"path\": [\"(128, 107, -0.5235987305641174)\", \"(127, 106, 0.0)\", \"(127, 105, 0.0)\", \"(127, 104, 0.0)\", \"(127, 103, 0.0)\", \"(127, 102, 0.0)\", \"(127, 101, 0.0)\", \"(127, 100, 0.0)\", \"(127, 99, 0.0)\", \"(127, 98, 0.0)\", \"(127, 97, 0.0)\", \"(127, 96, 0.0)\", \"(127, 95, 0.0)\", \"(127, 94, 0.0)\", \"(127, 93, 0.0)\", \"(127, 92, 0.0)\", \"(127, 91, 0.0)\", \"(127, 90, 0.0)\", \"(127, 89, 0.0)\", \"(127, 88, 0.0)\", \"(127, 87, 0.0)\", \"(127, 86, 0.0)\", \"(127, 85, 0.0)\", \"(127, 84, 0.0)\", \"(127, 83, 0.0)\", \"(127, 82, 0.0)\", \"(127, 81, 0.0)\", \"(127, 80, 0.0)\", \"(127, 79, 0.0)\", \"(127, 78, 0.0)\", \"(127, 77, 0.0)\", \"(127, 76, 0.0)\", \"(127, 75, 0.0)\", \"(127, 74, 0.0)\", \"(127, 73, 0.0)\", \"(127, 72, 0.0)\", \"(127, 71, 0.0)\", \"(127, 70, 0.0)\", \"(127, 69, 0.0)\", \"(127, 68, 0.0)\", \"(127, 67, 0.0)\", \"(127, 66, 0.0)\", \"(127, 65, 0.0)\", \"(127, 64, 0.0)\", \"(127, 63, 0.0)\", \"(127, 62, 0.0)\", \"(127, 61, 0.0)\", \"(127, 60, 0.0)\", \"(127, 59, 0.0)\", \"(127, 58, 0.0)\", \"(127, 57, 0.0)\", \"(127, 56, 0.0)\", \"(127, 55, 0.0)\", \"(127, 54, 0.0)\", \"(127, 53, -0.10725017637014389)\", \"(127, 52, -0.26179933547973633)\", \"(127, 51, -0.5235987305641174)\", \"(126, 50, 0.0)\", \"(126, 49, 0.0)\", \"(126, 48, 0.0)\", \"(126, 47, 0.0)\", \"(126, 46, 0.0)\", \"(126, 45, 0.0)\", \"(126, 44, 0.0)\", \"(126, 43, 0.0)\", \"(126, 42, 0.0)\", \"(126, 41, 0.0)\", \"(126, 40, 0.0)\", \"(126, 39, 0.0)\", \"(126, 38, 0.0)\", \"(126, 37, 0.0)\", \"(126, 36, 0.0)\", \"(126, 35, 0.0)\", \"(126, 34, 0.0)\", \"(126, 33, 0.0)\", \"(126, 32, 0.0)\", \"(126, 31, 0.0)\", \"(126, 30, 0.0)\", \"(126, 29, 0.0)\", \"(126, 28, 0.0)\", \"(126, 27, 0.0)\", \"(126, 26, 0.0)\", \"(126, 25, 0.0)\", \"(126, 24, -0.10725017637014389)\", \"(126, 23, -0.26179933547973633)\", \"(126, 22, -0.5235987305641174)\", \"(125, 21, 0.0)\", \"(125, 20, 0.0)\", \"(125, 19, 0.0)\", \"(125, 18, 0.0)\", \"(125, 17, 0.0)\", \"(125, 16, 0.0)\", \"(125, 15, 0.0)\", \"(125, 14, 0.0)\", \"(125, 13, 0.0)\", \"(125, 12, 0.0)\", \"(125, 11, 0.0)\", \"(125, 10, 0.0)\", \"(125, 9, 0.0)\", \"(125, 8, 0.0)\", \"(125, 7, 0.0)\", \"(125, 6, 0.0)\", \"(125, 5, 0.0)\", \"(125, 4, 0.0)\", \"(125, 3, 0.0)\", \"(125, 2, 0.0)\", \"(125, 1, 0.0)\"], \"timeout\": false, \"planner_name\": \"interpolator\", \"total_exec_time_ms\": 9.897947311401367, \"local_start\": \"(128, 107, 0)\", \"local_goal\": \"(125, 0, -4.63546342690264)\", \"goal_direction\": 10, \"ego_location\": \"62.16682052612305|-87.43094635009766|6.413460731506348|-78.04232025146484\", \"map_goal\": \"65.83345794677734|-106.3822021484375|0|-79.40670776367188\", \"map_next_goal\": \"67.14884185791016|-116.3796615600586|0|-86.6710205078125\"}", "collision_report": ""}
