{"pre_planning": "{\"result_type\": 0, \"path\": [], \"timeout\": false, \"planner_name\": \"-\", \"total_exec_time_ms\": 0, \"local_start\": \"None\", \"local_goal\": \"None\", \"goal_direction\": 0, \"ego_location\": \"65.55416107177734|-105.32140350341797|7.911176681518555|-78.43510437011719\", \"map_goal\": \"66.30941009521484|-126.41301727294922|0|-101.40904998779297\", \"map_next_goal\": \"62.9095573425293|-135.89866638183594|0|-116.2701644897461\"}", "planning": "{\"result_type\": 1, \"path\": [\"(128, 107, -0.5235987305641174)\", \"(127, 106, 0.0)\", \"(127, 105, 0.0)\", \"(127, 104, 0.0)\", \"(127, 103, -0.10725017637014389)\", \"(127, 102, -0.26179933547973633)\", \"(127, 101, -0.5235987305641174)\", \"(126, 100, 0.0)\", \"(126, 99, 0.0)\", \"(126, 98, 0.0)\", \"(126, 97, 0.0)\", \"(126, 96, -0.10725017637014389)\", \"(126, 95, -0.26179933547973633)\", \"(126, 94, -0.5235987305641174)\", \"(125, 93, 0.0)\", \"(125, 92, 0.0)\", \"(125, 91, 0.0)\", \"(125, 90, -0.10725017637014389)\", \"(125, 89, -0.26179933547973633)\", \"(125, 88, -0.5235987305641174)\", \"(124, 87, 0.0)\", \"(124, 86, 0.0)\", \"(124, 85, -0.10725017637014389)\", \"(124, 84, -0.26179933547973633)\", \"(124, 83, -0.5235987305641174)\", \"(123, 82, 0.0)\", \"(123, 81, 0.0)\", \"(123, 80, 0.0)\", \"(123, 79, -0.10725017637014389)\", \"(123, 78, -0.26179933547973633)\", \"(123, 77, -0.5235987305641174)\", \"(122, 76, 0.0)\", \"(122, 75, 0.0)\", \"(122, 74, -0.10725017637014389)\", \"(122, 73, -0.26179933547973633)\", \"(122, 72, -0.5235987305641174)\", \"(121, 71, 0.0)\", \"(121, 70, -0.10725017637014389)\", \"(121, 69, -0.26179933547973633)\", \"(121, 68, -0.5235987305641174)\", \"(120, 67, 0.0)\", \"(120, 66, 0.0)\", \"(120, 65, -0.10725017637014389)\", \"(120, 64, -0.26179933547973633)\", \"(120, 63, -0.5235987305641174)\", \"(119, 62, 0.0)\", \"(119, 61, -0.10725017637014389)\", \"(119, 60, -0.26179933547973633)\", \"(119, 59, -0.5235987305641174)\", \"(118, 58, 0.0)\", \"(118, 57, -0.10725017637014389)\", \"(118, 56, -0.26179933547973633)\", \"(118, 55, -0.5235987305641174)\", \"(117, 54, 0.0)\", \"(117, 53, -0.10725017637014389)\", \"(117, 52, -0.26179933547973633)\", \"(117, 51, -0.5235987305641174)\", \"(116, 50, 0.0)\", \"(116, 49, -0.10725017637014389)\", \"(116, 48, -0.26179933547973633)\", \"(116, 47, -0.5235987305641174)\", \"(115, 46, 0.0)\", \"(115, 45, -0.10725017637014389)\", \"(115, 44, -0.26179933547973633)\", \"(115, 43, -0.5235987305641174)\", \"(114, 42, 0.0)\", \"(114, 41, -0.10725017637014389)\", \"(114, 40, -0.26179933547973633)\", \"(114, 39, -0.5235987305641174)\", \"(113, 38, 0.0)\", \"(113, 37, -0.10725017637014389)\", \"(113, 36, -0.26179933547973633)\", \"(113, 35, -0.5235987305641174)\", \"(112, 34, -0.10725017637014389)\", \"(112, 33, -0.26179933547973633)\", \"(112, 32, -0.5235987305641174)\", \"(111, 31, 0.0)\", \"(111, 30, -0.10725017637014389)\", \"(111, 29, -0.26179933547973633)\", \"(111, 28, -0.5235987305641174)\", \"(110, 27, -0.10725017637014389)\", \"(110, 26, -0.26179933547973633)\", \"(110, 25, -0.5235987305641174)\", \"(109, 24, -0.10725017637014389)\", \"(109, 23, -0.26179933547973633)\", \"(109, 22, -0.5235987305641174)\", \"(108, 21, -0.10725017637014389)\", \"(108, 20, -0.26179933547973633)\", \"(108, 19, -0.5235987305641174)\", \"(107, 18, 0.0)\", \"(107, 17, -0.10725017637014389)\", \"(107, 16, -0.26179933547973633)\", \"(107, 15, -0.5235987305641174)\", \"(106, 14, -0.10725017637014389)\", \"(106, 13, -0.26179933547973633)\", \"(106, 12, -0.5235987305641174)\", \"(105, 11, -0.10725017637014389)\", \"(105, 10, -0.26179933547973633)\", \"(105, 9, -0.5235987305641174)\", \"(104, 8, -0.10725017637014389)\", \"(104, 7, -0.26179933547973633)\", \"(104, 6, -0.5235987305641174)\", \"(103, 5, -0.10725017637014389)\", \"(103, 4, -0.26179933547973633)\", \"(103, 3, -0.5235987305641174)\", \"(102, 2, -0.5235987305641174)\", \"(102, 1, -0.26179933547973633)\"], \"timeout\": false, \"planner_name\": \"interpolator\", \"total_exec_time_ms\": 6.603002548217773, \"local_start\": \"(128, 107, 0)\", \"local_goal\": \"(102, 0, -31.357085224009936)\", \"goal_direction\": 10, \"ego_location\": \"65.55416107177734|-105.32140350341797|7.911176681518555|-78.43510437011719\", \"map_goal\": \"66.30941009521484|-126.41301727294922|0|-101.40904998779297\", \"map_next_goal\": \"62.9095573425293|-135.89866638183594|0|-116.2701644897461\"}", "collision_report": ""}
