{"pre_planning": "{\"result_type\": 0, \"path\": [], \"timeout\": false, \"planner_name\": \"-\", \"total_exec_time_ms\": 0, \"local_start\": \"None\", \"local_goal\": \"None\", \"goal_direction\": 0, \"ego_location\": \"50.5873908996582|0.0532599575817585|0.028468970209360123|0.9076306223869324\", \"map_goal\": \"69.76917266845703|-3.089573860168457|0|-49.090415954589844\", \"map_next_goal\": \"74.46210479736328|-12.004569053649902|0|-65.01850891113281\"}", "planning": "{\"result_type\": 1, \"path\": [\"(128, 107, -0.15082494914531708)\", \"(127, 103, 0.0)\", \"(127, 99, -0.02771373651921749)\", \"(127, 95, -0.06916538625955582)\", \"(127, 91, -0.15082494914531708)\", \"(126, 87, 0.0)\", \"(126, 83, -0.02771373651921749)\", \"(126, 79, -0.06916538625955582)\", \"(126, 75, -0.15082494914531708)\", \"(125, 71, 0.0)\", \"(125, 67, -0.02771373651921749)\", \"(125, 63, -0.06916538625955582)\", \"(125, 59, -0.15082494914531708)\", \"(124, 55, 0.0)\", \"(124, 51, -0.02771373651921749)\", \"(124, 47, -0.06916538625955582)\", \"(124, 43, -0.15082494914531708)\", \"(123, 39, -0.02771373651921749)\", \"(123, 35, -0.0965011939406395)\", \"(123, 31, -0.244978666305542)\", \"(122, 27, -0.2795760929584503)\", \"(121, 23, -0.3588326871395111)\", \"(120, 19, -0.5726248621940613)\", \"(118, 16, -0.5648742914199829)\", \"(116, 12, -0.7355928421020508)\", \"(113, 9, -0.708965003490448)\", \"(111, 6, -0.9062461853027344)\", \"(108, 3, -1.4736920595169067)\", \"(104, 1, -1.3363327980041504)\", \"(102, 0, -1.0656970739364624)\"], \"timeout\": false, \"planner_name\": \"overtaker\", \"total_exec_time_ms\": 6.9599151611328125, \"local_start\": \"(128, 107, 0)\", \"local_goal\": \"(102, 0, -62.744671625056945)\", \"goal_direction\": 10, \"ego_location\": \"50.5873908996582|0.0532599575817585|0.028468970209360123|0.9076306223869324\", \"map_goal\": \"69.76917266845703|-3.089573860168457|0|-49.090415954589844\", \"map_next_goal\": \"74.46210479736328|-12.004569053649902|0|-65.01850891113281\"}", "collision_report": ""}
