{"pre_planning": "{\"result_type\": 0, \"path\": [], \"timeout\": false, \"planner_name\": \"-\", \"total_exec_time_ms\": 0, \"local_start\": \"None\", \"local_goal\": \"None\", \"goal_direction\": 0, \"ego_location\": \"47.20451736450195|-160.60845947265625|7.294975280761719|-90.39730072021484\", \"map_goal\": \"45.172264099121094|-171.50921630859375|0|-98.063720703125\", \"map_next_goal\": \"44.35909652709961|-181.4954833984375|0|-93.7540512084961\"}", "planning": "{\"result_type\": 5, \"path\": [], \"timeout\": 0, \"planner_name\": \"-\", \"total_exec_time_ms\": 0, \"local_start\": \"(128, 107, 0)\", \"local_goal\": \"(113, 48, -10.512627169921352)\", \"goal_direction\": 10, \"ego_location\": \"47.20451736450195|-160.60845947265625|7.294975280761719|-90.39730072021484\", \"map_goal\": \"45.172264099121094|-171.50921630859375|0|-98.063720703125\", \"map_next_goal\": \"44.35909652709961|-181.4954833984375|0|-93.7540512084961\"}", "collision_report": ""}
