{"pre_planning": "{\"result_type\": 0, \"path\": [], \"timeout\": false, \"planner_name\": \"-\", \"total_exec_time_ms\": 0, \"local_start\": \"None\", \"local_goal\": \"None\", \"goal_direction\": 0, \"ego_location\": \"42.1535530090332|-198.90704345703125|4.24004602432251|-93.40958404541016\", \"map_goal\": \"41.240116119384766|-211.56072998046875|0|-99.22148895263672\", \"map_next_goal\": \"38.70763397216797|-221.2950897216797|0|-111.70418548583984\"}", "planning": "{\"result_type\": 5, \"path\": [], \"timeout\": 0, \"planner_name\": \"-\", \"total_exec_time_ms\": 0, \"local_start\": \"(128, 107, 0)\", \"local_goal\": \"(126, 34, -11.00354085174951)\", \"goal_direction\": 10, \"ego_location\": \"42.1535530090332|-198.90704345703125|4.24004602432251|-93.40958404541016\", \"map_goal\": \"41.240116119384766|-211.56072998046875|0|-99.22148895263672\", \"map_next_goal\": \"38.70763397216797|-221.2950897216797|0|-111.70418548583984\"}", "collision_report": ""}
