{"pre_planning": "{\"result_type\": 0, \"path\": [], \"timeout\": false, \"planner_name\": \"-\", \"total_exec_time_ms\": 0, \"local_start\": \"None\", \"local_goal\": \"None\", \"goal_direction\": 0, \"ego_location\": \"35.01249313354492|-0.21624737977981567|0.02850700356066227|0.5638941526412964\", \"map_goal\": \"50.75764083862305|0.30347898602485657|0|1.610583782196045\", \"map_next_goal\": \"60.768245697021484|0.7094560265541077|0|2.441657066345215\"}", "planning": "{\"result_type\": 1, \"path\": [\"(128, 107, 0.0)\", \"(128, 106, 0.0)\", \"(128, 105, 0.0)\", \"(128, 104, 0.0)\", \"(128, 103, 0.0)\", \"(128, 102, 0.0)\", \"(128, 101, 0.0)\", \"(128, 100, 0.0)\", \"(128, 99, 0.0)\", \"(128, 98, 0.0)\", \"(128, 97, 0.0)\", \"(128, 96, 0.0)\", \"(128, 95, 0.0)\", \"(128, 94, 0.0)\", \"(128, 93, 0.0)\", \"(128, 92, 0.0)\", \"(128, 91, 0.0)\", \"(128, 90, 0.0)\", \"(128, 89, 0.0)\", \"(128, 88, 0.0)\", \"(128, 87, 0.0)\", \"(128, 86, 0.0)\", \"(128, 85, 0.0)\", \"(128, 84, 0.0)\", \"(128, 83, 0.0)\", \"(128, 82, 0.0)\", \"(128, 81, 0.0)\", \"(128, 80, 0.0)\", \"(128, 79, 0.0)\", \"(128, 78, 0.0)\", \"(128, 77, 0.0)\", \"(128, 76, 0.0)\", \"(128, 75, 0.0)\", \"(128, 74, 0.0)\", \"(128, 73, 0.0)\", \"(128, 72, 0.0)\", \"(128, 71, 0.0)\", \"(128, 70, 0.0)\", \"(128, 69, 0.0)\", \"(128, 68, 0.0)\", \"(128, 67, 0.0)\", \"(128, 66, 0.0)\", \"(128, 65, 0.0)\", \"(128, 64, 0.0)\", \"(128, 63, 0.0)\", \"(128, 62, 0.0)\", \"(128, 61, 0.0)\", \"(128, 60, 0.0)\", \"(128, 59, 0.0)\", \"(128, 58, 0.0)\", \"(128, 57, 0.10725017637014389)\", \"(128, 56, 0.2617993652820587)\", \"(128, 55, 0.5235987901687622)\", \"(129, 54, 0.0)\", \"(129, 53, 0.0)\", \"(129, 52, 0.0)\", \"(129, 51, 0.0)\", \"(129, 50, 0.0)\", \"(129, 49, 0.0)\", \"(129, 48, 0.0)\", \"(129, 47, 0.0)\", \"(129, 46, 0.0)\", \"(129, 45, 0.0)\", \"(129, 44, 0.0)\", \"(129, 43, 0.0)\", \"(129, 42, 0.0)\", \"(129, 41, 0.0)\", \"(129, 40, 0.0)\", \"(129, 39, 0.0)\", \"(129, 38, 0.0)\", \"(129, 37, 0.0)\", \"(129, 36, 0.0)\", \"(129, 35, 0.0)\", \"(129, 34, 0.0)\", \"(129, 33, 0.0)\", \"(129, 32, 0.0)\", \"(129, 31, 0.0)\", \"(129, 30, 0.0)\", \"(129, 29, 0.0)\", \"(129, 28, 0.0)\", \"(129, 27, 0.0)\", \"(129, 26, 0.0)\", \"(129, 25, 0.0)\", \"(129, 24, 0.0)\", \"(129, 23, 0.0)\", \"(129, 22, 0.0)\", \"(129, 21, 0.0)\", \"(129, 20, 0.0)\", \"(129, 19, 0.0)\", \"(129, 18, 0.0)\", \"(129, 17, 0.0)\", \"(129, 16, 0.0)\", \"(129, 15, 0.0)\", \"(129, 14, 0.0)\", \"(129, 13, 0.0)\", \"(129, 12, 0.0)\"], \"timeout\": false, \"planner_name\": \"interpolator\", \"total_exec_time_ms\": 10.94508171081543, \"local_start\": \"(128, 107, 0)\", \"local_goal\": \"(130, 11, 1.5693548047489778)\", \"goal_direction\": 9, \"ego_location\": \"35.01249313354492|-0.21624737977981567|0.02850700356066227|0.5638941526412964\", \"map_goal\": \"50.75764083862305|0.30347898602485657|0|1.610583782196045\", \"map_next_goal\": \"60.768245697021484|0.7094560265541077|0|2.441657066345215\"}", "collision_report": ""}
