{"pre_planning": "{\"result_type\": 0, \"path\": [], \"timeout\": false, \"planner_name\": \"-\", \"total_exec_time_ms\": 0, \"local_start\": \"None\", \"local_goal\": \"None\", \"goal_direction\": 0, \"ego_location\": \"47.20451736450195|-160.60845947265625|7.294975280761719|-90.39730072021484\", \"map_goal\": \"44.35909652709961|-181.4954833984375|0|-93.7540512084961\", \"map_next_goal\": \"43.634891510009766|-191.4984130859375|0|-94.78752899169922\"}", "planning": "{\"result_type\": 1, \"path\": [\"(126, 124, 0)\", \"(125, 121, 0)\", \"(123, 117, 0)\", \"(122, 114, 0)\", \"(120, 111, 0)\", \"(118, 108, 0)\", \"(117, 104, 0)\", \"(116, 101, 0)\", \"(114, 97, 0)\", \"(113, 94, 0)\", \"(112, 90, 0)\", \"(110, 87, 0)\", \"(109, 83, 0)\", \"(107, 80, 0)\", \"(106, 76, 0)\", \"(105, 73, 0)\", \"(103, 70, 0)\", \"(102, 66, 0)\", \"(101, 63, 0)\", \"(101, 59, 0)\", \"(101, 55, 0)\", \"(101, 52, 0)\", \"(101, 48, 0)\", \"(102, 44, 0)\", \"(103, 41, 0)\", \"(104, 37, 0)\", \"(104, 34, 0)\", \"(104, 30, 0)\", \"(104, 26, 0)\", \"(105, 22, 0)\", \"(105, 19, 0)\", \"(105, 15, 0)\", \"(106, 11, 0)\", \"(106, 8, 0)\", \"(106, 4, 0)\", \"(106, 0, 0)\"], \"timeout\": false, \"planner_name\": \"Hybrid A*\", \"total_exec_time_ms\": 75.55437088012695, \"local_start\": \"(128, 107, 0)\", \"local_goal\": \"(105, 0, -3.8654611698517516)\", \"goal_direction\": 10, \"ego_location\": \"47.20451736450195|-160.60845947265625|7.294975280761719|-90.39730072021484\", \"map_goal\": \"44.35909652709961|-181.4954833984375|0|-93.7540512084961\", \"map_next_goal\": \"43.634891510009766|-191.4984130859375|0|-94.78752899169922\"}", "collision_report": ""}
