{"pre_planning": "{\"result_type\": 0, \"path\": [], \"timeout\": false, \"planner_name\": \"-\", \"total_exec_time_ms\": 0, \"local_start\": \"None\", \"local_goal\": \"None\", \"goal_direction\": 0, \"ego_location\": \"44.10148239135742|-179.75645446777344|5.74306058883667|-87.17999267578125\", \"map_goal\": \"42.621665954589844|-201.5404052734375|0|-96.61176300048828\", \"map_next_goal\": \"41.240116119384766|-211.56072998046875|0|-99.22148895263672\"}", "planning": "{\"result_type\": 1, \"path\": [\"(128, 107, -0.5235987305641174)\", \"(127, 106, 0.0)\", \"(127, 105, 0.0)\", \"(127, 104, -0.10725017637014389)\", \"(127, 103, -0.26179933547973633)\", \"(127, 102, -0.5235987305641174)\", \"(126, 101, 0.0)\", \"(126, 100, 0.0)\", \"(126, 99, -0.10725017637014389)\", \"(126, 98, -0.26179933547973633)\", \"(126, 97, -0.5235987305641174)\", \"(125, 96, 0.0)\", \"(125, 95, 0.0)\", \"(125, 94, -0.10725017637014389)\", \"(125, 93, -0.26179933547973633)\", \"(125, 92, -0.5235987305641174)\", \"(124, 91, 0.0)\", \"(124, 90, 0.0)\", \"(124, 89, -0.10725017637014389)\", \"(124, 88, -0.26179933547973633)\", \"(124, 87, -0.5235987305641174)\", \"(123, 86, 0.0)\", \"(123, 85, 0.0)\", \"(123, 84, -0.10725017637014389)\", \"(123, 83, -0.26179933547973633)\", \"(123, 82, -0.5235987305641174)\", \"(122, 81, 0.0)\", \"(122, 80, 0.0)\", \"(122, 79, 0.0)\", \"(122, 78, -0.10725017637014389)\", \"(122, 77, -0.26179933547973633)\", \"(122, 76, -0.5235987305641174)\", \"(121, 75, 0.0)\", \"(121, 74, 0.0)\", \"(121, 73, -0.10725017637014389)\", \"(121, 72, -0.26179933547973633)\", \"(121, 71, -0.5235987305641174)\", \"(120, 70, 0.0)\", \"(120, 69, 0.0)\", \"(120, 68, -0.10725017637014389)\", \"(120, 67, -0.26179933547973633)\", \"(120, 66, -0.5235987305641174)\", \"(119, 65, 0.0)\", \"(119, 64, 0.0)\", \"(119, 63, 0.0)\", \"(119, 62, -0.10725017637014389)\", \"(119, 61, -0.26179933547973633)\", \"(119, 60, -0.5235987305641174)\", \"(118, 59, 0.0)\", \"(118, 58, 0.0)\", \"(118, 57, -0.10725017637014389)\", \"(118, 56, -0.26179933547973633)\", \"(118, 55, -0.5235987305641174)\", \"(117, 54, 0.0)\", \"(117, 53, 0.0)\", \"(117, 52, 0.0)\", \"(117, 51, -0.10725017637014389)\", \"(117, 50, -0.26179933547973633)\", \"(117, 49, -0.5235987305641174)\", \"(116, 48, 0.0)\", \"(116, 47, 0.0)\", \"(116, 46, 0.0)\", \"(116, 45, -0.10725017637014389)\", \"(116, 44, -0.26179933547973633)\", \"(116, 43, -0.5235987305641174)\", \"(115, 42, 0.0)\", \"(115, 41, 0.0)\", \"(115, 40, 0.0)\", \"(115, 39, -0.10725017637014389)\", \"(115, 38, -0.26179933547973633)\", \"(115, 37, -0.5235987305641174)\", \"(114, 36, 0.0)\", \"(114, 35, 0.0)\", \"(114, 34, 0.0)\", \"(114, 33, -0.10725017637014389)\", \"(114, 32, -0.26179933547973633)\", \"(114, 31, -0.5235987305641174)\", \"(113, 30, 0.0)\", \"(113, 29, 0.0)\", \"(113, 28, 0.0)\", \"(113, 27, -0.10725017637014389)\", \"(113, 26, -0.26179933547973633)\", \"(113, 25, -0.5235987305641174)\", \"(112, 24, 0.0)\", \"(112, 23, 0.0)\", \"(112, 22, 0.0)\", \"(112, 21, -0.10725017637014389)\", \"(112, 20, -0.26179933547973633)\", \"(112, 19, -0.5235987305641174)\", \"(111, 18, 0.0)\", \"(111, 17, 0.0)\", \"(111, 16, 0.0)\", \"(111, 15, -0.10725017637014389)\", \"(111, 14, -0.26179933547973633)\", \"(111, 13, -0.5235987305641174)\", \"(110, 12, 0.0)\", \"(110, 11, 0.0)\", \"(110, 10, 0.0)\", \"(110, 9, -0.10725017637014389)\", \"(110, 8, -0.26179933547973633)\", \"(110, 7, -0.5235987305641174)\", \"(109, 6, 0.0)\", \"(109, 5, 0.0)\", \"(109, 4, 0.0)\", \"(109, 3, 0.0)\", \"(109, 2, 0.0)\", \"(109, 1, 0.0)\"], \"timeout\": false, \"planner_name\": \"interpolator\", \"total_exec_time_ms\": 19.82259750366211, \"local_start\": \"(128, 107, 0)\", \"local_goal\": \"(109, 0, -10.856413348062247)\", \"goal_direction\": 10, \"ego_location\": \"44.10148239135742|-179.75645446777344|5.74306058883667|-87.17999267578125\", \"map_goal\": \"42.621665954589844|-201.5404052734375|0|-96.61176300048828\", \"map_next_goal\": \"41.240116119384766|-211.56072998046875|0|-99.22148895263672\"}", "collision_report": ""}
