{"pre_planning": "{\"result_type\": 0, \"path\": [], \"timeout\": false, \"planner_name\": \"-\", \"total_exec_time_ms\": 0, \"local_start\": \"None\", \"local_goal\": \"None\", \"goal_direction\": 0, \"ego_location\": \"58.70891571044922|-72.4229736328125|5.15029764175415|-88.18585968017578\", \"map_goal\": \"62.126277923583984|-86.53861236572266|0|-80.38323974609375\", \"map_next_goal\": \"63.9222526550293|-96.4261474609375|0|-79.31819152832031\"}", "planning": "{\"result_type\": 1, \"path\": [\"(128, 107, 0.0)\", \"(128, 106, 0.10725017637014389)\", \"(128, 105, 0.2617993652820587)\", \"(128, 104, 0.5235987901687622)\", \"(129, 103, 0.10725017637014389)\", \"(129, 102, 0.2617993652820587)\", \"(129, 101, 0.5235987901687622)\", \"(130, 100, 0.0)\", \"(130, 99, 0.10725017637014389)\", \"(130, 98, 0.2617993652820587)\", \"(130, 97, 0.5235987901687622)\", \"(131, 96, 0.10725017637014389)\", \"(131, 95, 0.2617993652820587)\", \"(131, 94, 0.5235987901687622)\", \"(132, 93, 0.0)\", \"(132, 92, 0.10725017637014389)\", \"(132, 91, 0.2617993652820587)\", \"(132, 90, 0.5235987901687622)\", \"(133, 89, 0.0)\", \"(133, 88, 0.10725017637014389)\", \"(133, 87, 0.2617993652820587)\", \"(133, 86, 0.5235987901687622)\", \"(134, 85, 0.10725017637014389)\", \"(134, 84, 0.2617993652820587)\", \"(134, 83, 0.5235987901687622)\", \"(135, 82, 0.0)\", \"(135, 81, 0.10725017637014389)\", \"(135, 80, 0.2617993652820587)\", \"(135, 79, 0.5235987901687622)\", \"(136, 78, 0.0)\", \"(136, 77, 0.10725017637014389)\", \"(136, 76, 0.2617993652820587)\", \"(136, 75, 0.5235987901687622)\", \"(137, 74, 0.0)\", \"(137, 73, 0.10725017637014389)\", \"(137, 72, 0.2617993652820587)\", \"(137, 71, 0.5235987901687622)\", \"(138, 70, 0.0)\", \"(138, 69, 0.10725017637014389)\", \"(138, 68, 0.2617993652820587)\", \"(138, 67, 0.5235987901687622)\", \"(139, 66, 0.0)\", \"(139, 65, 0.10725017637014389)\", \"(139, 64, 0.2617993652820587)\", \"(139, 63, 0.5235987901687622)\", \"(140, 62, 0.0)\", \"(140, 61, 0.10725017637014389)\", \"(140, 60, 0.2617993652820587)\", \"(140, 59, 0.5235987901687622)\", \"(141, 58, 0.0)\", \"(141, 57, 0.10725017637014389)\", \"(141, 56, 0.2617993652820587)\", \"(141, 55, 0.5235987901687622)\", \"(142, 54, 0.0)\", \"(142, 53, 0.10725017637014389)\", \"(142, 52, 0.2617993652820587)\", \"(142, 51, 0.5235987901687622)\", \"(143, 50, 0.0)\", \"(143, 49, 0.0)\", \"(143, 48, 0.10725017637014389)\", \"(143, 47, 0.2617993652820587)\", \"(143, 46, 0.5235987901687622)\", \"(144, 45, 0.0)\", \"(144, 44, 0.10725017637014389)\", \"(144, 43, 0.2617993652820587)\", \"(144, 42, 0.5235987901687622)\", \"(145, 41, 0.0)\", \"(145, 40, 0.0)\", \"(145, 39, 0.10725017637014389)\", \"(145, 38, 0.2617993652820587)\", \"(145, 37, 0.5235987901687622)\", \"(146, 36, 0.0)\", \"(146, 35, 0.0)\", \"(146, 34, 0.10725017637014389)\", \"(146, 33, 0.2617993652820587)\", \"(146, 32, 0.5235987901687622)\", \"(147, 31, 0.0)\", \"(147, 30, 0.10725017637014389)\", \"(147, 29, 0.2617993652820587)\", \"(147, 28, 0.5235987901687622)\", \"(148, 27, 0.0)\", \"(148, 26, 0.0)\", \"(148, 25, 0.10725017637014389)\", \"(148, 24, 0.0)\", \"(148, 23, 0.0)\"], \"timeout\": false, \"planner_name\": \"interpolator\", \"total_exec_time_ms\": 4.20689582824707, \"local_start\": \"(128, 107, 0)\", \"local_goal\": \"(149, 22, 8.686354581236653)\", \"goal_direction\": 9, \"ego_location\": \"58.70891571044922|-72.4229736328125|5.15029764175415|-88.18585968017578\", \"map_goal\": \"62.126277923583984|-86.53861236572266|0|-80.38323974609375\", \"map_next_goal\": \"63.9222526550293|-96.4261474609375|0|-79.31819152832031\"}", "collision_report": ""}
