{"pre_planning": "{\"result_type\": 0, \"path\": [], \"timeout\": false, \"planner_name\": \"-\", \"total_exec_time_ms\": 0, \"local_start\": \"None\", \"local_goal\": \"None\", \"goal_direction\": 0, \"ego_location\": \"-82.76165008544922|0.12755033373832703|0.028491362929344177|0.14182999730110168\", \"map_goal\": \"-59.809959411621094|0.3|0|-0.555572509765625\", \"map_next_goal\": \"-49.68109130859375|0.3|0|-0.5505065321922302\"}", "planning": "{\"result_type\": 1, \"path\": [\"(128, 107, -0.2617993652820587)\", \"(127, 106, 0.4163486063480377)\", \"(128, 105, -0.15454916656017303)\", \"(128, 104, -0.2617993652820587)\", \"(127, 103, 0.5235987901687622)\", \"(128, 102, 0.0)\", \"(128, 101, 0.0)\", \"(128, 100, 0.0)\", \"(128, 99, 0.0)\", \"(128, 98, 0.0)\", \"(128, 97, -0.10725017637014389)\", \"(128, 96, -0.15454916656017303)\", \"(128, 95, -0.2617993652820587)\", \"(127, 94, 0.5235987901687622)\", \"(128, 93, 0.0)\", \"(128, 92, -0.10725017637014389)\", \"(128, 91, -0.15454916656017303)\", \"(128, 90, -0.3690495491027832)\", \"(127, 89, 0.2617993950843811)\", \"(128, 88, -0.41634854674339294)\", \"(127, 87, 0.2617993652820587)\", \"(127, 86, 0.5235987901687622)\", \"(128, 85, -0.10725017637014389)\", \"(128, 84, -0.15454916656017303)\", \"(128, 83, -0.2617993652820587)\", \"(127, 82, 0.4163486063480377)\", \"(128, 81, -0.15454916656017303)\", \"(128, 80, -0.2617993652820587)\", \"(127, 79, 0.5235987901687622)\", \"(128, 78, 0.0)\", \"(128, 77, 0.0)\", \"(128, 76, 0.0)\", \"(128, 75, 0.0)\", \"(128, 74, 0.0)\", \"(128, 73, 0.0)\", \"(128, 72, 0.0)\", \"(128, 71, 0.0)\", \"(128, 70, 0.0)\", \"(128, 69, 0.0)\", \"(128, 68, 0.0)\", \"(128, 67, 0.0)\", \"(128, 66, 0.0)\", \"(128, 65, 0.0)\", \"(128, 64, 0.0)\", \"(128, 63, 0.0)\", \"(128, 62, 0.0)\", \"(128, 61, 0.0)\", \"(128, 60, 0.0)\", \"(128, 59, 0.0)\", \"(128, 58, 0.0)\", \"(128, 57, 0.0)\", \"(128, 56, 0.0)\", \"(128, 55, 0.0)\", \"(128, 54, 0.0)\", \"(128, 53, 0.0)\", \"(128, 52, 0.0)\", \"(128, 51, 0.0)\", \"(128, 50, 0.0)\", \"(128, 49, 0.0)\", \"(128, 48, 0.0)\", \"(128, 47, 0.0)\", \"(128, 46, 0.0)\", \"(128, 45, 0.0)\", \"(128, 44, 0.0)\", \"(128, 43, 0.0)\", \"(128, 42, 0.0)\", \"(128, 41, 0.0)\", \"(128, 40, 0.0)\", \"(128, 39, 0.0)\", \"(128, 38, 0.0)\", \"(128, 37, 0.0)\", \"(128, 36, 0.0)\", \"(128, 35, 0.0)\", \"(128, 34, 0.0)\", \"(128, 33, 0.0)\", \"(128, 32, 0.0)\", \"(128, 31, 0.0)\", \"(128, 30, 0.0)\", \"(128, 29, 0.0)\", \"(128, 28, 0.0)\", \"(128, 27, 0.0)\", \"(128, 26, 0.0)\", \"(128, 25, 0.0)\", \"(128, 24, 0.0)\", \"(128, 23, 0.0)\", \"(128, 22, 0.0)\", \"(128, 21, 0.0)\", \"(128, 20, 0.0)\", \"(128, 19, 0.0)\", \"(128, 18, 0.0)\", \"(128, 17, 0.0)\", \"(128, 16, 0.0)\", \"(128, 15, 0.0)\", \"(128, 14, 0.0)\", \"(128, 13, 0.0)\", \"(128, 12, -0.10725017637014389)\", \"(128, 11, -0.15454916656017303)\", \"(128, 10, -0.2617993652820587)\", \"(127, 9, 0.5235987901687622)\", \"(128, 8, 0.0)\", \"(128, 7, 0.0)\", \"(128, 6, 0.0)\", \"(128, 5, 0.0)\", \"(128, 4, 0.0)\", \"(128, 3, 0.0)\", \"(128, 2, 0.0)\", \"(128, 1, 0.0)\"], \"timeout\": false, \"planner_name\": \"interpolator\", \"total_exec_time_ms\": 5.166530609130859, \"local_start\": \"(128, 107, 0)\", \"local_goal\": \"(128, 0, 0.0)\", \"goal_direction\": 8, \"ego_location\": \"-82.76165008544922|0.12755033373832703|0.028491362929344177|0.14182999730110168\", \"map_goal\": \"-59.809959411621094|0.3|0|-0.555572509765625\", \"map_next_goal\": \"-49.68109130859375|0.3|0|-0.5505065321922302\"}", "collision_report": ""}
