{"pre_planning": "{\"result_type\": 0, \"path\": [], \"timeout\": false, \"planner_name\": \"-\", \"total_exec_time_ms\": 0, \"local_start\": \"None\", \"local_goal\": \"None\", \"goal_direction\": 0, \"ego_location\": \"-81.49208068847656|-2.7014098167419434|0.028589190915226936|1.6266131401062012\", \"map_goal\": \"-30.0|1.0|0|0.0\", \"map_next_goal\": \"-20.0|1.0|0|0.0\"}", "planning": "{\"result_type\": 1, \"path\": [\"(129, 124, 0)\", \"(130, 121, 0)\", \"(132, 117, 0)\", \"(133, 114, 0)\", \"(135, 111, 0)\", \"(138, 108, 0)\", \"(140, 105, 0)\", \"(143, 103, 0)\", \"(146, 100, 0)\", \"(149, 98, 0)\", \"(150, 95, 0)\", \"(152, 92, 0)\", \"(153, 88, 0)\", \"(154, 84, 0)\", \"(154, 81, 0)\", \"(154, 77, 0)\", \"(154, 73, 0)\", \"(154, 70, 0)\", \"(154, 66, 0)\", \"(153, 62, 0)\", \"(152, 59, 0)\", \"(150, 56, 0)\", \"(151, 52, 0)\", \"(152, 48, 0)\", \"(153, 45, 0)\", \"(154, 41, 0)\", \"(156, 38, 0)\", \"(155, 34, 0)\", \"(155, 31, 0)\", \"(154, 27, 0)\", \"(153, 23, 0)\", \"(152, 20, 0)\", \"(150, 17, 0)\", \"(148, 14, 0)\", \"(146, 10, 0)\", \"(144, 8, 0)\", \"(142, 4, 0)\", \"(141, 1, 0)\"], \"timeout\": false, \"planner_name\": \"Hybrid A*\", \"total_exec_time_ms\": 514.1985416412354, \"local_start\": \"(128, 107, 0)\", \"local_goal\": \"(144, 0, 2.5448043798130953)\", \"goal_direction\": 9, \"ego_location\": \"-81.49208068847656|-2.7014098167419434|0.028589190915226936|1.6266131401062012\", \"map_goal\": \"-30.0|1.0|0|0.0\", \"map_next_goal\": \"-20.0|1.0|0|0.0\"}", "collision_report": ""}
