{"pre_planning": "{\"result_type\": 0, \"path\": [], \"timeout\": false, \"planner_name\": \"-\", \"total_exec_time_ms\": 0, \"local_start\": \"None\", \"local_goal\": \"None\", \"goal_direction\": 0, \"ego_location\": \"-46.63063049316406|-2.5840983390808105|0.08781049400568008|-1.8826903104782104\", \"map_goal\": \"-20.0|1.0|0|0.0\", \"map_next_goal\": \"None\"}", "planning": "{\"result_type\": 1, \"path\": [\"(129, 124, 0)\", \"(130, 121, 0)\", \"(132, 117, 0)\", \"(133, 114, 0)\", \"(135, 111, 0)\", \"(136, 107, 0)\"], \"timeout\": false, \"planner_name\": \"Hybrid A*\", \"total_exec_time_ms\": 270.2140808105469, \"local_start\": \"(128, 107, 0)\", \"local_goal\": \"(160, 0, 10.420712396794505)\", \"goal_direction\": 9, \"ego_location\": \"-46.63063049316406|-2.5840983390808105|0.08781049400568008|-1.8826903104782104\", \"map_goal\": \"-20.0|1.0|0|0.0\", \"map_next_goal\": \"None\"}", "collision_report": ""}
