{"pre_planning": "{\"result_type\": 0, \"path\": [], \"timeout\": false, \"planner_name\": \"-\", \"total_exec_time_ms\": 0, \"local_start\": \"None\", \"local_goal\": \"None\", \"goal_direction\": 0, \"ego_location\": \"-82.50566864013672|-2.565690517425537|0.028490275144577026|2.6056840419769287\", \"map_goal\": \"-59.809959411621094|0.3|0|-0.555572509765625\", \"map_next_goal\": \"-39.657249450683594|0.3|0|-0.6009825468063354\"}", "planning": "{\"result_type\": 1, \"path\": [\"(128, 107, 0.02771373651921749)\", \"(128, 103, 0.06916538625955582)\", \"(128, 99, 0.17816074192523956)\", \"(129, 95, 0.06916538625955582)\", \"(129, 91, 0.17816074192523956)\", \"(130, 87, 0.06916538625955582)\", \"(130, 83, 0.17816074192523956)\", \"(131, 79, 0.06916538625955582)\", \"(131, 75, 0.17816074192523956)\", \"(132, 71, 0.06916538625955582)\", \"(132, 67, 0.17816074192523956)\", \"(133, 63, 0.06916538625955582)\", \"(133, 59, 0.17816074192523956)\", \"(134, 55, 0.06916538625955582)\", \"(134, 51, 0.17816074192523956)\", \"(135, 47, 0.06916538625955582)\", \"(135, 43, 0.17816074192523956)\", \"(136, 39, 0.0965011939406395)\", \"(136, 35, 0.21836864948272705)\", \"(137, 31, 0.17816074192523956)\", \"(138, 27, 0.06916538625955582)\", \"(138, 23, 0.17816074192523956)\", \"(139, 19, 0.06916538625955582)\", \"(139, 15, 0.15082494914531708)\", \"(140, 11, 0.030219951644539833)\", \"(140, 7, 0.11646441370248795)\", \"(140, 3, 0.13496391475200653)\", \"(141, 0, 0.1847691535949707)\"], \"timeout\": false, \"planner_name\": \"overtaker\", \"total_exec_time_ms\": 16.044139862060547, \"local_start\": \"(128, 107, 0)\", \"local_goal\": \"(141, 0, -2.6897703231504795)\", \"goal_direction\": 10, \"ego_location\": \"-82.50566864013672|-2.565690517425537|0.028490275144577026|2.6056840419769287\", \"map_goal\": \"-59.809959411621094|0.3|0|-0.555572509765625\", \"map_next_goal\": \"-39.657249450683594|0.3|0|-0.6009825468063354\"}", "collision_report": ""}
