{"pre_planning": "{\"result_type\": 0, \"path\": [], \"timeout\": false, \"planner_name\": \"-\", \"total_exec_time_ms\": 0, \"local_start\": \"None\", \"local_goal\": \"None\", \"goal_direction\": 0, \"ego_location\": \"5.849303245544434|-1.9414544105529785|0.028622722253203392|-6.918096542358398\", \"map_goal\": \"20.591285705566406|-0.4232592135667801|0|-0.549591064453125\", \"map_next_goal\": \"50.688690185546875|-0.07684602588415146|0|0.14715316891670227\"}", "planning": "{\"result_type\": 1, \"path\": [\"(128, 124, 0)\", \"(128, 120, 0)\", \"(128, 116, 0)\", \"(128, 113, 0)\", \"(127, 109, 0)\", \"(127, 105, 0)\", \"(127, 102, 0)\", \"(127, 98, 0)\", \"(127, 94, 0)\", \"(127, 91, 0)\", \"(127, 87, 0)\", \"(126, 83, 0)\", \"(125, 80, 0)\", \"(123, 77, 0)\", \"(122, 73, 0)\", \"(120, 70, 0)\", \"(117, 67, 0)\", \"(116, 64, 0)\", \"(114, 61, 0)\", \"(112, 57, 0)\", \"(111, 54, 0)\", \"(109, 51, 0)\", \"(108, 47, 0)\", \"(107, 44, 0)\", \"(107, 40, 0)\", \"(107, 36, 0)\", \"(107, 33, 0)\", \"(108, 29, 0)\", \"(109, 25, 0)\", \"(110, 22, 0)\", \"(111, 18, 0)\", \"(112, 15, 0)\", \"(112, 11, 0)\"], \"timeout\": false, \"planner_name\": \"Hybrid A*\", \"total_exec_time_ms\": 861.5279197692871, \"local_start\": \"(128, 107, 0)\", \"local_goal\": \"(114, 11, 10.972240237811645)\", \"goal_direction\": 9, \"ego_location\": \"5.849303245544434|-1.9414544105529785|0.028622722253203392|-6.918096542358398\", \"map_goal\": \"20.591285705566406|-0.4232592135667801|0|-0.549591064453125\", \"map_next_goal\": \"50.688690185546875|-0.07684602588415146|0|0.14715316891670227\"}", "collision_report": ""}
