{"pre_planning": "{\"result_type\": 0, \"path\": [], \"timeout\": false, \"planner_name\": \"-\", \"total_exec_time_ms\": 0, \"local_start\": \"None\", \"local_goal\": \"None\", \"goal_direction\": 0, \"ego_location\": \"-65.50271606445312|-0.3527474105358124|0.028500976040959358|9.091816902160645\", \"map_goal\": \"-39.657249450683594|0.3|0|-0.6009825468063354\", \"map_next_goal\": \"-19.58110809326172|0.3|0|-0.5422667860984802\"}", "planning": "{\"result_type\": 1, \"path\": [\"(128, 107, -0.5235987305641174)\", \"(127, 106, -0.10725017637014389)\", \"(127, 105, -0.26179933547973633)\", \"(127, 104, -0.5235987305641174)\", \"(126, 103, 0.0)\", \"(126, 102, -0.10725017637014389)\", \"(126, 101, -0.26179933547973633)\", \"(126, 100, -0.5235987305641174)\", \"(125, 99, -0.10725017637014389)\", \"(125, 98, -0.26179933547973633)\", \"(125, 97, -0.5235987305641174)\", \"(124, 96, 0.0)\", \"(124, 95, -0.10725017637014389)\", \"(124, 94, -0.26179933547973633)\", \"(124, 93, -0.5235987305641174)\", \"(123, 92, -0.10725017637014389)\", \"(123, 91, -0.26179933547973633)\", \"(123, 90, -0.5235987305641174)\", \"(122, 89, 0.0)\", \"(122, 88, -0.10725017637014389)\", \"(122, 87, -0.26179933547973633)\", \"(122, 86, -0.5235987305641174)\", \"(121, 85, 0.0)\", \"(121, 84, -0.10725017637014389)\", \"(121, 83, -0.26179933547973633)\", \"(121, 82, -0.5235987305641174)\", \"(120, 81, 0.0)\", \"(120, 80, -0.10725017637014389)\", \"(120, 79, -0.26179933547973633)\", \"(120, 78, -0.5235987305641174)\", \"(119, 77, -0.10725017637014389)\", \"(119, 76, -0.26179933547973633)\", \"(119, 75, -0.5235987305641174)\", \"(118, 74, 0.0)\", \"(118, 73, -0.10725017637014389)\", \"(118, 72, -0.26179933547973633)\", \"(118, 71, -0.5235987305641174)\", \"(117, 70, 0.0)\", \"(117, 69, -0.10725017637014389)\", \"(117, 68, -0.26179933547973633)\", \"(117, 67, -0.5235987305641174)\", \"(116, 66, 0.0)\", \"(116, 65, -0.10725017637014389)\", \"(116, 64, -0.26179933547973633)\", \"(116, 63, -0.5235987305641174)\", \"(115, 62, 0.0)\", \"(115, 61, -0.10725017637014389)\", \"(115, 60, -0.26179933547973633)\", \"(115, 59, -0.5235987305641174)\", \"(114, 58, 0.0)\", \"(114, 57, -0.10725017637014389)\", \"(114, 56, -0.26179933547973633)\", \"(114, 55, -0.5235987305641174)\", \"(113, 54, 0.0)\", \"(113, 53, -0.10725017637014389)\", \"(113, 52, -0.26179933547973633)\", \"(113, 51, -0.5235987305641174)\", \"(112, 50, 0.0)\", \"(112, 49, -0.10725017637014389)\", \"(112, 48, -0.26179933547973633)\", \"(112, 47, -0.5235987305641174)\", \"(111, 46, 0.0)\", \"(111, 45, 0.0)\", \"(111, 44, -0.10725017637014389)\", \"(111, 43, -0.26179933547973633)\", \"(111, 42, -0.5235987305641174)\", \"(110, 41, 0.0)\", \"(110, 40, -0.10725017637014389)\", \"(110, 39, -0.26179933547973633)\", \"(110, 38, -0.5235987305641174)\", \"(109, 37, 0.0)\", \"(109, 36, -0.10725017637014389)\", \"(109, 35, -0.26179933547973633)\", \"(109, 34, -0.5235987305641174)\", \"(108, 33, 0.0)\", \"(108, 32, 0.0)\", \"(108, 31, -0.10725017637014389)\", \"(108, 30, -0.26179933547973633)\", \"(108, 29, -0.5235987305641174)\", \"(107, 28, 0.0)\", \"(107, 27, -0.10725017637014389)\", \"(107, 26, -0.26179933547973633)\", \"(107, 25, -0.5235987305641174)\", \"(106, 24, 0.0)\", \"(106, 23, 0.0)\", \"(106, 22, -0.10725017637014389)\", \"(106, 21, -0.26179933547973633)\", \"(106, 20, -0.5235987305641174)\", \"(105, 19, 0.0)\", \"(105, 18, 0.0)\", \"(105, 17, -0.10725017637014389)\", \"(105, 16, -0.26179933547973633)\", \"(105, 15, -0.5235987305641174)\", \"(104, 14, 0.0)\", \"(104, 13, 0.0)\", \"(104, 12, -0.10725017637014389)\", \"(104, 11, -0.26179933547973633)\", \"(104, 10, -0.5235987305641174)\", \"(103, 9, 0.0)\", \"(103, 8, 0.0)\", \"(103, 7, -0.10725017637014389)\", \"(103, 6, -0.26179933547973633)\", \"(103, 5, -0.5235987305641174)\", \"(102, 4, 0.0)\", \"(102, 3, -0.26179933547973633)\", \"(102, 2, -0.10725017637014389)\", \"(102, 1, 0.0)\"], \"timeout\": false, \"planner_name\": \"interpolator\", \"total_exec_time_ms\": 11.064767837524414, \"local_start\": \"(128, 107, 0)\", \"local_goal\": \"(102, 0, -8.797410709991075)\", \"goal_direction\": 10, \"ego_location\": \"-65.50271606445312|-0.3527474105358124|0.028500976040959358|9.091816902160645\", \"map_goal\": \"-39.657249450683594|0.3|0|-0.6009825468063354\", \"map_next_goal\": \"-19.58110809326172|0.3|0|-0.5422667860984802\"}", "collision_report": ""}
