{"pre_planning": "{\"result_type\": 0, \"path\": [], \"timeout\": false, \"planner_name\": \"-\", \"total_exec_time_ms\": 0, \"local_start\": \"None\", \"local_goal\": \"None\", \"goal_direction\": 0, \"ego_location\": \"-47.97288513183594|-1.117318868637085|0.06117866560816765|-0.9409788846969604\", \"map_goal\": \"-19.58110809326172|0.3|0|-0.5422667860984802\", \"map_next_goal\": \"0.5285676717758179|0.4524883061647415|0|-0.5581969618797302\"}", "planning": "{\"result_type\": 1, \"path\": [\"(128, 107, 0.0)\", \"(128, 106, 0.0)\", \"(128, 105, 0.0)\", \"(128, 104, 0.0)\", \"(128, 103, 0.10725017637014389)\", \"(128, 102, 0.2617993652820587)\", \"(128, 101, 0.5235987901687622)\", \"(129, 100, 0.0)\", \"(129, 99, 0.0)\", \"(129, 98, 0.0)\", \"(129, 97, 0.0)\", \"(129, 96, 0.10725017637014389)\", \"(129, 95, 0.2617993652820587)\", \"(129, 94, 0.5235987901687622)\", \"(130, 93, 0.0)\", \"(130, 92, 0.0)\", \"(130, 91, 0.0)\", \"(130, 90, 0.0)\", \"(130, 89, 0.10725017637014389)\", \"(130, 88, 0.2617993652820587)\", \"(130, 87, 0.5235987901687622)\", \"(131, 86, 0.0)\", \"(131, 85, 0.0)\", \"(131, 84, 0.0)\", \"(131, 83, 0.0)\", \"(131, 82, 0.10725017637014389)\", \"(131, 81, 0.2617993652820587)\", \"(131, 80, 0.5235987901687622)\", \"(132, 79, 0.0)\", \"(132, 78, 0.0)\", \"(132, 77, 0.0)\", \"(132, 76, 0.0)\", \"(132, 75, 0.10725017637014389)\", \"(132, 74, 0.2617993652820587)\", \"(132, 73, 0.5235987901687622)\", \"(133, 72, 0.0)\", \"(133, 71, 0.0)\", \"(133, 70, 0.0)\", \"(133, 69, 0.0)\", \"(133, 68, 0.0)\", \"(133, 67, 0.10725017637014389)\", \"(133, 66, 0.2617993652820587)\", \"(133, 65, 0.5235987901687622)\", \"(134, 64, 0.0)\", \"(134, 63, 0.0)\", \"(134, 62, 0.0)\", \"(134, 61, 0.0)\", \"(134, 60, 0.0)\", \"(134, 59, 0.10725017637014389)\", \"(134, 58, 0.2617993652820587)\", \"(134, 57, 0.5235987901687622)\", \"(135, 56, 0.0)\", \"(135, 55, 0.0)\", \"(135, 54, 0.0)\", \"(135, 53, 0.0)\", \"(135, 52, 0.0)\", \"(135, 51, 0.10725017637014389)\", \"(135, 50, 0.2617993652820587)\", \"(135, 49, 0.5235987901687622)\", \"(136, 48, 0.0)\", \"(136, 47, 0.0)\", \"(136, 46, 0.0)\", \"(136, 45, 0.0)\", \"(136, 44, 0.0)\", \"(136, 43, 0.0)\", \"(136, 42, 0.10725017637014389)\", \"(136, 41, 0.2617993652820587)\", \"(136, 40, 0.5235987901687622)\", \"(137, 39, 0.0)\", \"(137, 38, 0.0)\", \"(137, 37, 0.0)\", \"(137, 36, 0.0)\", \"(137, 35, 0.0)\", \"(137, 34, 0.0)\", \"(137, 33, 0.10725017637014389)\", \"(137, 32, 0.2617993652820587)\", \"(137, 31, 0.5235987901687622)\", \"(138, 30, 0.0)\", \"(138, 29, 0.0)\", \"(138, 28, 0.0)\", \"(138, 27, 0.0)\", \"(138, 26, 0.0)\", \"(138, 25, 0.0)\", \"(138, 24, 0.10725017637014389)\", \"(138, 23, 0.2617993652820587)\", \"(138, 22, 0.5235987901687622)\", \"(139, 21, 0.0)\", \"(139, 20, 0.0)\", \"(139, 19, 0.0)\", \"(139, 18, 0.0)\", \"(139, 17, 0.0)\", \"(139, 16, 0.0)\", \"(139, 15, 0.0)\", \"(139, 14, 0.0)\", \"(139, 13, 0.10725017637014389)\", \"(139, 12, 0.2617993652820587)\", \"(139, 11, 0.5235987901687622)\", \"(140, 10, 0.0)\", \"(140, 9, 0.0)\", \"(140, 8, 0.0)\", \"(140, 7, 0.0)\", \"(140, 6, 0.0)\", \"(140, 5, 0.0)\", \"(140, 4, 0.0)\", \"(140, 3, 0.0)\", \"(140, 2, 0.0)\", \"(140, 1, 0.0)\"], \"timeout\": false, \"planner_name\": \"interpolator\", \"total_exec_time_ms\": 11.634588241577148, \"local_start\": \"(128, 107, 0)\", \"local_goal\": \"(141, 0, 3.6522227803063285)\", \"goal_direction\": 9, \"ego_location\": \"-47.97288513183594|-1.117318868637085|0.06117866560816765|-0.9409788846969604\", \"map_goal\": \"-19.58110809326172|0.3|0|-0.5422667860984802\", \"map_next_goal\": \"0.5285676717758179|0.4524883061647415|0|-0.5581969618797302\"}", "collision_report": ""}
