{"pre_planning": "{\"result_type\": 0, \"path\": [], \"timeout\": false, \"planner_name\": \"-\", \"total_exec_time_ms\": 0, \"local_start\": \"None\", \"local_goal\": \"None\", \"goal_direction\": 0, \"ego_location\": \"-99.99835968017578|-1.9536944819265045e-05|0.009238013997673988|0.0021020909771323204\", \"map_goal\": \"-79.93721771240234|0.3|0|-0.518341064453125\", \"map_next_goal\": \"-59.809959411621094|0.3|0|-0.555572509765625\"}", "planning": "{\"result_type\": 1, \"path\": [\"(128, 124, 0)\", \"(128, 120, 0)\", \"(128, 116, 0)\", \"(128, 113, 0)\", \"(128, 109, 0)\", \"(128, 105, 0)\", \"(128, 102, 0)\", \"(128, 98, 0)\", \"(128, 94, 0)\", \"(128, 91, 0)\", \"(128, 87, 0)\", \"(126, 83, 0)\", \"(125, 80, 0)\", \"(123, 77, 0)\", \"(122, 73, 0)\", \"(120, 70, 0)\", \"(117, 67, 0)\", \"(115, 65, 0)\", \"(112, 62, 0)\", \"(109, 60, 0)\", \"(108, 56, 0)\", \"(107, 53, 0)\", \"(106, 49, 0)\", \"(105, 46, 0)\", \"(105, 42, 0)\", \"(105, 38, 0)\", \"(105, 35, 0)\", \"(106, 31, 0)\", \"(107, 27, 0)\", \"(108, 24, 0)\", \"(108, 20, 0)\", \"(109, 16, 0)\", \"(109, 13, 0)\", \"(109, 9, 0)\", \"(109, 5, 0)\", \"(110, 2, 0)\"], \"timeout\": false, \"planner_name\": \"Hybrid A*\", \"total_exec_time_ms\": 233.6869239807129, \"local_start\": \"(128, 107, 0)\", \"local_goal\": \"(108, 0, 0.0)\", \"goal_direction\": 8, \"ego_location\": \"-99.99835968017578|-1.9536944819265045e-05|0.009238013997673988|0.0021020909771323204\", \"map_goal\": \"-79.93721771240234|0.3|0|-0.518341064453125\", \"map_next_goal\": \"-59.809959411621094|0.3|0|-0.555572509765625\"}", "collision_report": ""}
