{"pre_planning": "{\"result_type\": 0, \"path\": [], \"timeout\": false, \"planner_name\": \"-\", \"total_exec_time_ms\": 0, \"local_start\": \"None\", \"local_goal\": \"None\", \"goal_direction\": 0, \"ego_location\": \"0.6063789129257202|0.6152015328407288|0.015478476881980896|-0.48223876953125\", \"map_goal\": \"20.591285705566406|-0.4232592135667801|0|-0.549591064453125\", \"map_next_goal\": \"50.688690185546875|-0.07684602588415146|0|0.14715316891670227\"}", "planning": "{\"result_type\": 1, \"path\": [\"(128, 107, -0.17816074192523956)\", \"(127, 103, -0.12311121076345444)\", \"(127, 99, -0.3084999620914459)\", \"(126, 95, -0.41634857654571533)\", \"(124, 91, -0.39676332473754883)\", \"(123, 87, -0.6311556100845337)\", \"(121, 84, -0.6721245646476746)\", \"(118, 81, -0.5077376961708069)\", \"(116, 77, -0.5721415281295776)\", \"(114, 74, -0.5726248621940613)\", \"(112, 71, -0.5648742914199829)\", \"(110, 67, -0.696954071521759)\", \"(107, 64, -0.5491893887519836)\", \"(105, 61, -0.49404680728912354)\", \"(103, 57, -0.5726248621940613)\", \"(101, 54, -0.5648742914199829)\", \"(99, 50, -0.696954071521759)\", \"(96, 47, -0.5491893887519836)\", \"(94, 44, -0.5077376961708069)\", \"(92, 40, -0.5955770611763)\", \"(90, 37, -0.6063259840011597)\", \"(88, 34, -0.6248255372047424)\", \"(85, 30, -0.5721415281295776)\", \"(83, 27, -0.5491893887519836)\", \"(81, 24, -0.4698070287704468)\", \"(79, 20, -0.47317397594451904)\", \"(77, 17, -0.2829093635082245)\", \"(76, 13, -0.2912582457065582)\", \"(74, 9, 0.0)\", \"(74, 5, -0.16331911087036133)\", \"(74, 1, -0.05504953861236572)\", \"(74, 0, 0.0)\"], \"timeout\": false, \"planner_name\": \"overtaker\", \"total_exec_time_ms\": 176.802396774292, \"local_start\": \"(128, 107, 0)\", \"local_goal\": \"(82, 0, 1.2844435218007781)\", \"goal_direction\": 9, \"ego_location\": \"0.6063789129257202|0.6152015328407288|0.015478476881980896|-0.48223876953125\", \"map_goal\": \"20.591285705566406|-0.4232592135667801|0|-0.549591064453125\", \"map_next_goal\": \"50.688690185546875|-0.07684602588415146|0|0.14715316891670227\"}", "collision_report": ""}
