{"pre_planning": "{\"result_type\": 0, \"path\": [], \"timeout\": false, \"planner_name\": \"-\", \"total_exec_time_ms\": 0, \"local_start\": \"None\", \"local_goal\": \"None\", \"goal_direction\": 0, \"ego_location\": \"-65.24887084960938|0.12372890114784241|0.028479576110839844|0.666113555431366\", \"map_goal\": \"-29.611574172973633|0.3|0|-0.5670166015625\", \"map_next_goal\": \"0.5285676717758179|0.4524883061647415|0|-0.5581969618797302\"}", "planning": "{\"result_type\": 1, \"path\": [\"(128, 107, -0.15082494914531708)\", \"(127, 103, 0.0)\", \"(127, 99, 0.0)\", \"(127, 95, 0.0)\", \"(127, 91, 0.0)\", \"(127, 87, 0.0)\", \"(127, 83, 0.0)\", \"(127, 79, 0.0)\", \"(127, 75, 0.0)\", \"(127, 71, 0.0)\", \"(127, 67, 0.0)\", \"(127, 63, -0.02771373651921749)\", \"(127, 59, -0.06916538625955582)\", \"(127, 55, -0.15082494914531708)\", \"(126, 51, 0.0)\", \"(126, 47, 0.0)\", \"(126, 43, 0.0)\", \"(126, 39, 0.0)\", \"(126, 35, 0.0)\", \"(126, 31, 0.0)\", \"(126, 27, 0.0)\", \"(126, 23, 0.0)\", \"(126, 19, 0.0)\", \"(126, 15, 0.0)\", \"(126, 11, 0.0)\", \"(126, 7, 0.0)\", \"(126, 3, 0.0)\", \"(126, 0, 0.0)\"], \"timeout\": false, \"planner_name\": \"overtaker\", \"total_exec_time_ms\": 2.1429061889648438, \"local_start\": \"(128, 107, 0)\", \"local_goal\": \"(126, 0, -0.473508058734934)\", \"goal_direction\": 10, \"ego_location\": \"-65.24887084960938|0.12372890114784241|0.028479576110839844|0.666113555431366\", \"map_goal\": \"-29.611574172973633|0.3|0|-0.5670166015625\", \"map_next_goal\": \"0.5285676717758179|0.4524883061647415|0|-0.5581969618797302\"}", "collision_report": ""}
