{"pre_planning": "{\"result_type\": 0, \"path\": [], \"timeout\": false, \"planner_name\": \"-\", \"total_exec_time_ms\": 0, \"local_start\": \"None\", \"local_goal\": \"None\", \"goal_direction\": 0, \"ego_location\": \"-12.765913009643555|0.20830543339252472|0.028477095067501068|0.5930806398391724\", \"map_goal\": \"30.688690185546875|-0.07684602588415146|0|0.14715316891670227\", \"map_next_goal\": \"None\"}", "planning": "{\"result_type\": 1, \"path\": [\"(128, 107, -0.15082494914531708)\", \"(127, 103, 0.0)\", \"(127, 99, -0.02771373651921749)\", \"(127, 95, -0.06916538625955582)\", \"(127, 91, -0.15082494914531708)\", \"(126, 87, 0.0)\", \"(126, 83, 0.0)\", \"(126, 79, -0.02771373651921749)\", \"(126, 75, -0.06916538625955582)\", \"(126, 71, -0.15082494914531708)\", \"(125, 67, 0.0)\", \"(125, 63, -0.02771373651921749)\", \"(125, 59, -0.06916538625955582)\", \"(125, 55, -0.15082494914531708)\", \"(124, 51, 0.0)\", \"(124, 47, -0.02771373651921749)\", \"(124, 43, -0.06916538625955582)\", \"(124, 39, -0.15082494914531708)\", \"(123, 35, 0.0)\", \"(123, 31, 0.0)\", \"(123, 27, -0.02771373651921749)\", \"(123, 23, -0.06916538625955582)\", \"(123, 19, -0.15082494914531708)\", \"(122, 15, 0.0)\", \"(122, 11, 0.0)\", \"(122, 7, -0.02771373651921749)\", \"(122, 3, 0.0)\", \"(122, 0, 0.0)\"], \"timeout\": false, \"planner_name\": \"overtaker\", \"total_exec_time_ms\": 2.920389175415039, \"local_start\": \"(128, 107, 0)\", \"local_goal\": \"(122, 0, -1.1457628381751022)\", \"goal_direction\": 10, \"ego_location\": \"-12.765913009643555|0.20830543339252472|0.028477095067501068|0.5930806398391724\", \"map_goal\": \"30.688690185546875|-0.07684602588415146|0|0.14715316891670227\", \"map_next_goal\": \"None\"}", "collision_report": ""}
