{"pre_planning": "{\"result_type\": 0, \"path\": [], \"timeout\": false, \"planner_name\": \"-\", \"total_exec_time_ms\": 0, \"local_start\": \"None\", \"local_goal\": \"None\", \"goal_direction\": 0, \"ego_location\": \"-47.87360382080078|0.06192370131611824|0.051763419061899185|0.5366182923316956\", \"map_goal\": \"-29.611574172973633|0.3|0|-0.5670166015625\", \"map_next_goal\": \"0.5285676717758179|0.4524883061647415|0|-0.5581969618797302\"}", "planning": "{\"result_type\": 1, \"path\": [\"(128, 107, 0.0)\", \"(128, 103, 0.0)\", \"(128, 99, 0.0)\", \"(128, 95, 0.0)\", \"(128, 91, 0.0)\", \"(128, 87, 0.0)\", \"(128, 83, 0.0)\", \"(128, 79, 0.0)\", \"(128, 75, 0.0)\", \"(128, 71, 0.0)\", \"(128, 67, 0.0)\", \"(128, 63, 0.0)\", \"(128, 59, 0.0)\", \"(128, 55, 0.0)\", \"(128, 51, 0.0)\", \"(128, 47, 0.0)\", \"(128, 43, 0.0)\", \"(128, 39, 0.0)\", \"(128, 35, 0.0)\", \"(128, 31, 0.0)\", \"(128, 27, 0.0)\", \"(128, 23, 0.0)\", \"(128, 19, 0.0)\", \"(128, 15, 0.0)\", \"(128, 11, 0.0)\", \"(128, 7, 0.0)\", \"(128, 3, 0.0)\", \"(128, 0, 0.0)\"], \"timeout\": false, \"planner_name\": \"overtaker\", \"total_exec_time_ms\": 2.2802352905273438, \"local_start\": \"(128, 107, 0)\", \"local_goal\": \"(128, 0, -0.25693002450350966)\", \"goal_direction\": 10, \"ego_location\": \"-47.87360382080078|0.06192370131611824|0.051763419061899185|0.5366182923316956\", \"map_goal\": \"-29.611574172973633|0.3|0|-0.5670166015625\", \"map_next_goal\": \"0.5285676717758179|0.4524883061647415|0|-0.5581969618797302\"}", "collision_report": ""}
