{"pre_planning": "{\"result_type\": 0, \"path\": [], \"timeout\": false, \"planner_name\": \"-\", \"total_exec_time_ms\": 0, \"local_start\": \"None\", \"local_goal\": \"None\", \"goal_direction\": 0, \"ego_location\": \"-99.99858093261719|-2.9536742658820003e-05|0.015135753899812698|0.001932669896632433\", \"map_goal\": \"-79.93721771240234|0.3|0|-0.518341064453125\", \"map_next_goal\": \"-69.8793716430664|0.3|0|-0.5555419921875\"}", "planning": "{\"result_type\": 1, \"path\": [\"(129, 105, 0.2617993652820587)\", \"(129, 104, 0.5235987901687622)\", \"(130, 103, 0.10725017637014389)\", \"(130, 102, 0.2617993652820587)\", \"(130, 101, 0.5235987901687622)\", \"(131, 100, 0.0)\", \"(131, 99, 0.10725017637014389)\", \"(131, 98, 0.2617993652820587)\", \"(131, 97, 0.5235987901687622)\", \"(132, 96, 0.0)\", \"(132, 95, 0.10725017637014389)\", \"(132, 94, 0.2617993652820587)\", \"(132, 93, 0.5235987901687622)\", \"(133, 92, 0.0)\", \"(133, 91, 0.0)\", \"(133, 90, 0.0)\", \"(133, 89, 0.10725017637014389)\", \"(133, 88, 0.2617993652820587)\", \"(133, 87, 0.5235987901687622)\", \"(134, 86, 0.0)\", \"(134, 85, 0.0)\", \"(134, 84, 0.0)\", \"(134, 83, 0.0)\", \"(134, 82, 0.0)\", \"(134, 81, 0.10725017637014389)\", \"(134, 80, 0.2617993652820587)\", \"(134, 79, 0.5235987901687622)\", \"(135, 78, 0.0)\", \"(135, 77, 0.0)\", \"(135, 76, 0.0)\", \"(135, 75, 0.0)\", \"(135, 74, 0.0)\", \"(135, 73, 0.0)\", \"(135, 72, 0.0)\", \"(135, 71, 0.0)\", \"(135, 70, 0.0)\", \"(135, 69, 0.0)\", \"(135, 68, 0.0)\", \"(135, 67, 0.0)\", \"(135, 66, 0.0)\", \"(135, 65, 0.0)\", \"(135, 64, 0.0)\", \"(135, 63, 0.0)\", \"(135, 62, 0.0)\", \"(135, 61, 0.0)\", \"(135, 60, 0.0)\", \"(135, 59, 0.0)\", \"(135, 58, 0.0)\", \"(135, 57, 0.0)\", \"(135, 56, 0.0)\", \"(135, 55, 0.0)\", \"(135, 54, 0.0)\", \"(135, 53, 0.0)\", \"(135, 52, 0.0)\", \"(135, 51, 0.0)\", \"(135, 50, 0.0)\", \"(135, 49, 0.0)\", \"(135, 48, 0.0)\", \"(135, 47, 0.0)\", \"(135, 46, 0.0)\", \"(135, 45, 0.0)\", \"(135, 44, 0.0)\", \"(135, 43, 0.0)\", \"(135, 42, 0.0)\", \"(135, 41, 0.0)\", \"(135, 40, 0.0)\", \"(135, 39, 0.0)\", \"(135, 38, 0.0)\", \"(135, 37, 0.0)\", \"(135, 36, 0.0)\", \"(135, 35, 0.0)\", \"(135, 34, 0.0)\", \"(135, 33, 0.0)\", \"(135, 32, 0.0)\", \"(135, 31, 0.0)\", \"(135, 30, 0.0)\", \"(135, 29, 0.0)\", \"(135, 28, 0.0)\", \"(135, 27, 0.10725017637014389)\", \"(135, 26, 0.2617993652820587)\", \"(135, 25, 0.5235987901687622)\", \"(136, 24, 0.0)\", \"(136, 23, 0.0)\", \"(136, 22, 0.0)\", \"(136, 21, 0.0)\", \"(136, 20, 0.0)\", \"(136, 19, 0.0)\", \"(136, 18, 0.0)\", \"(136, 17, 0.0)\", \"(136, 16, 0.0)\", \"(136, 15, 0.10725017637014389)\", \"(136, 14, 0.2617993652820587)\", \"(136, 13, 0.5235987901687622)\", \"(137, 12, 0.0)\", \"(137, 11, 0.0)\", \"(137, 10, 0.0)\", \"(137, 9, 0.0)\", \"(137, 8, 0.10725017637014389)\", \"(137, 7, 0.2617993652820587)\", \"(137, 6, 0.4163486063480377)\", \"(138, 5, 0.5235987901687622)\", \"(138, 4, 0.2617993652820587)\"], \"timeout\": false, \"planner_name\": \"RRT*\", \"total_exec_time_ms\": 108.14785957336426, \"local_start\": \"(128, 107, 0)\", \"local_goal\": \"(130, 0, 0.0)\", \"goal_direction\": 8, \"ego_location\": \"-99.99858093261719|-2.9536742658820003e-05|0.015135753899812698|0.001932669896632433\", \"map_goal\": \"-79.93721771240234|0.3|0|-0.518341064453125\", \"map_next_goal\": \"-69.8793716430664|0.3|0|-0.5555419921875\"}", "collision_report": ""}
