{"pre_planning": "{\"result_type\": 0, \"path\": [], \"timeout\": false, \"planner_name\": \"-\", \"total_exec_time_ms\": 0, \"local_start\": \"None\", \"local_goal\": \"None\", \"goal_direction\": 0, \"ego_location\": \"-83.09439086914062|1.3554105758666992|0.02851659618318081|8.571311950683594\", \"map_goal\": \"-59.809959411621094|0.3|0|-0.555572509765625\", \"map_next_goal\": \"-49.68109130859375|0.3|0|-0.5505065321922302\"}", "planning": "{\"result_type\": 1, \"path\": [\"(128, 107, 0)\", \"(127, 106, 109.29004621918874)\", \"(126, 106, 109.29004621918874)\", \"(125, 105, 109.29004621918874)\", \"(124, 105, 109.29004621918874)\", \"(123, 105, 109.29004621918874)\", \"(122, 104, 109.29004621918874)\", \"(121, 104, 109.29004621918874)\", \"(120, 104, 109.29004621918874)\", \"(119, 103, 109.29004621918874)\", \"(118, 103, 109.29004621918874)\", \"(117, 103, 109.29004621918874)\", \"(116, 102, 109.29004621918874)\", \"(115, 102, 109.29004621918874)\", \"(114, 102, 109.29004621918874)\", \"(113, 101, 109.29004621918874)\", \"(112, 101, 109.29004621918874)\", \"(111, 101, 109.29004621918874)\", \"(110, 100, 109.29004621918874)\", \"(109, 100, 109.29004621918874)\", \"(108, 100, 0)\", \"(108, 100, 0)\", \"(107, 99, 177.70938995736148)\", \"(107, 98, 177.70938995736148)\", \"(107, 97, 177.70938995736148)\", \"(107, 96, 177.70938995736148)\", \"(107, 95, 177.70938995736148)\", \"(107, 94, 177.70938995736148)\", \"(107, 93, 177.70938995736148)\", \"(107, 92, 177.70938995736148)\", \"(107, 91, 177.70938995736148)\", \"(107, 90, 177.70938995736148)\", \"(107, 89, 177.70938995736148)\", \"(107, 88, 177.70938995736148)\", \"(107, 87, 177.70938995736148)\", \"(107, 86, 177.70938995736148)\", \"(107, 85, 177.70938995736148)\", \"(107, 84, 177.70938995736148)\", \"(107, 83, 177.70938995736148)\", \"(107, 82, 177.70938995736148)\", \"(107, 81, 177.70938995736148)\", \"(107, 80, 177.70938995736148)\", \"(107, 79, 177.70938995736148)\", \"(107, 78, 177.70938995736148)\", \"(107, 77, 177.70938995736148)\", \"(107, 76, 177.70938995736148)\", \"(107, 75, 0)\", \"(107, 75, 0)\", \"(106, 74, 169.87532834460217)\", \"(106, 73, 169.87532834460217)\", \"(106, 72, 169.87532834460217)\", \"(106, 71, 169.87532834460217)\", \"(106, 70, 169.87532834460217)\", \"(105, 69, 169.87532834460217)\", \"(105, 68, 169.87532834460217)\", \"(105, 67, 169.87532834460217)\", \"(105, 66, 169.87532834460217)\", \"(105, 65, 169.87532834460217)\", \"(105, 64, 169.87532834460217)\", \"(104, 63, 169.87532834460217)\", \"(104, 62, 169.87532834460217)\", \"(104, 61, 169.87532834460217)\", \"(104, 60, 169.87532834460217)\", \"(104, 59, 169.87532834460217)\", \"(103, 58, 169.87532834460217)\", \"(103, 57, 169.87532834460217)\", \"(103, 56, 169.87532834460217)\", \"(103, 55, 169.87532834460217)\", \"(103, 54, 169.87532834460217)\", \"(103, 53, 169.87532834460217)\", \"(102, 52, 169.87532834460217)\", \"(102, 51, 169.87532834460217)\", \"(102, 50, 169.87532834460217)\", \"(102, 49, 169.87532834460217)\", \"(102, 48, 169.87532834460217)\", \"(102, 47, 0)\", \"(102, 47, 0)\", \"(101, 46, 123.69006752597979)\", \"(100, 45, 123.69006752597979)\", \"(99, 45, 123.69006752597979)\", \"(98, 44, 123.69006752597979)\", \"(97, 43, 123.69006752597979)\", \"(96, 43, 123.69006752597979)\", \"(95, 42, 123.69006752597979)\", \"(94, 41, 123.69006752597979)\", \"(93, 41, 123.69006752597979)\", \"(92, 40, 123.69006752597979)\", \"(91, 39, 123.69006752597979)\", \"(90, 39, 0)\", \"(90, 39, 0)\", \"(90, 38, 190.12467165539783)\", \"(90, 37, 190.12467165539783)\", \"(90, 36, 190.12467165539783)\", \"(90, 35, 190.12467165539783)\", \"(90, 34, 190.12467165539783)\", \"(91, 33, 190.12467165539783)\", \"(91, 32, 190.12467165539783)\", \"(91, 31, 190.12467165539783)\", \"(91, 30, 190.12467165539783)\", \"(91, 29, 190.12467165539783)\", \"(91, 28, 190.12467165539783)\", \"(92, 27, 190.12467165539783)\", \"(92, 26, 190.12467165539783)\", \"(92, 25, 190.12467165539783)\", \"(92, 24, 190.12467165539783)\", \"(92, 23, 190.12467165539783)\", \"(93, 22, 190.12467165539783)\", \"(93, 21, 190.12467165539783)\", \"(93, 20, 190.12467165539783)\", \"(93, 19, 190.12467165539783)\", \"(93, 18, 190.12467165539783)\", \"(93, 17, 190.12467165539783)\", \"(94, 16, 190.12467165539783)\", \"(94, 15, 190.12467165539783)\", \"(94, 14, 190.12467165539783)\", \"(94, 13, 190.12467165539783)\", \"(94, 12, 190.12467165539783)\", \"(95, 11, 0)\", \"(95, 11, 0)\", \"(94, 10, 153.434948822922)\", \"(94, 9, 0)\"], \"timeout\": false, \"planner_name\": \"RRT*\", \"total_exec_time_ms\": 162.07504272460938, \"local_start\": \"(128, 107, 0)\", \"local_goal\": \"(94, 0, -12.938056317186458)\", \"goal_direction\": 10, \"ego_location\": \"-83.09439086914062|1.3554105758666992|0.02851659618318081|8.571311950683594\", \"map_goal\": \"-59.809959411621094|0.3|0|-0.555572509765625\", \"map_next_goal\": \"-49.68109130859375|0.3|0|-0.5505065321922302\"}", "collision_report": ""}
