{"pre_planning": "{\"result_type\": 0, \"path\": [], \"timeout\": false, \"planner_name\": \"-\", \"total_exec_time_ms\": 0, \"local_start\": \"None\", \"local_goal\": \"None\", \"goal_direction\": 0, \"ego_location\": \"-50.51441192626953|-0.3431825637817383|0.04445185139775276|-12.865100860595703\", \"map_goal\": \"-29.611574172973633|0.3|0|-0.5670166015625\", \"map_next_goal\": \"-19.58110809326172|0.3|0|-0.5422667860984802\"}", "planning": "{\"result_type\": 1, \"path\": [\"(129, 105, 0.7853981852531433)\", \"(130, 104, 0.7853981852531433)\", \"(131, 103, 0.7195996642112732)\", \"(132, 102, 0.6123495101928711)\", \"(133, 101, 0.2617993652820587)\", \"(133, 100, 0.5235987901687622)\", \"(134, 99, 0.10725017637014389)\", \"(134, 98, 0.2617993652820587)\", \"(134, 97, 0.5235987901687622)\", \"(135, 96, 0.0)\", \"(135, 95, 0.0)\", \"(135, 94, -0.10725017637014389)\", \"(135, 93, -0.26179933547973633)\", \"(135, 92, -0.5235987305641174)\", \"(134, 91, -0.10725017637014389)\", \"(134, 90, -0.26179933547973633)\", \"(134, 89, -0.5235987305641174)\", \"(133, 88, -0.10725017637014389)\", \"(133, 87, -0.26179933547973633)\", \"(133, 86, -0.6123493909835815)\", \"(132, 85, -0.26179933547973633)\", \"(132, 84, -0.6123493909835815)\", \"(131, 83, -0.26179933547973633)\", \"(131, 82, -0.6123493909835815)\", \"(130, 81, -0.3505500257015228)\", \"(130, 80, -0.7195995450019836)\", \"(129, 79, -0.6123493909835815)\", \"(128, 78, -0.26179933547973633)\", \"(128, 77, -0.6123493909835815)\", \"(127, 76, -0.26179933547973633)\", \"(127, 75, -0.5235987305641174)\", \"(126, 74, -0.10725017637014389)\", \"(126, 73, -0.26179933547973633)\", \"(126, 72, -0.5235987305641174)\", \"(125, 71, -0.10725017637014389)\", \"(125, 70, -0.26179933547973633)\", \"(125, 69, -0.5235987305641174)\", \"(124, 68, 0.0)\", \"(124, 67, 0.0)\", \"(124, 66, 0.0)\", \"(124, 65, 0.10725017637014389)\", \"(124, 64, 0.2617993652820587)\", \"(124, 63, 0.5235987901687622)\", \"(125, 62, 0.10725017637014389)\", \"(125, 61, 0.2617993652820587)\", \"(125, 60, 0.6123495101928711)\", \"(126, 59, 0.3505500853061676)\", \"(126, 58, 0.7853981852531433)\", \"(127, 57, 0.7853981852531433)\", \"(128, 56, 0.7853981852531433)\", \"(129, 55, 0.7853981852531433)\", \"(130, 54, 0.8326972126960754)\", \"(131, 53, 0.8984957337379456)\", \"(132, 52, 1.0057458877563477)\", \"(134, 51, 0.8326972126960754)\", \"(135, 50, 0.8984957337379456)\", \"(136, 49, 1.0057458877563477)\", \"(138, 48, 0.8326972126960754)\", \"(139, 47, 0.8984957337379456)\", \"(140, 46, 1.0057458877563477)\", \"(142, 45, 0.7853981852531433)\", \"(143, 44, 0.7853981852531433)\", \"(144, 43, 0.7853981852531433)\", \"(145, 42, 0.7853981852531433)\", \"(146, 41, 0.7195996642112732)\", \"(147, 40, 0.6123495101928711)\", \"(148, 39, 0.2617993652820587)\", \"(148, 38, 0.5235987901687622)\", \"(149, 37, 0.0)\", \"(149, 36, 0.0)\", \"(149, 35, -0.10725017637014389)\", \"(149, 34, -0.3505500257015228)\", \"(149, 33, -0.7853981852531433)\", \"(148, 32, -0.8326972126960754)\", \"(147, 31, -0.8984956741333008)\", \"(146, 30, -1.0057458877563477)\", \"(144, 29, -0.8326972126960754)\", \"(143, 28, -0.8984956741333008)\", \"(142, 27, -1.0057458877563477)\", \"(140, 26, -0.7195995450019836)\", \"(139, 25, -0.5235987305641174)\", \"(138, 24, 0.10725017637014389)\", \"(138, 23, 0.3505500853061676)\", \"(138, 22, 0.8326972126960754)\", \"(139, 21, 0.9328562617301941)\", \"(140, 20, 1.1267340183258057)\", \"(142, 19, 1.1698213815689087)\", \"(144, 18, 1.2490458488464355)\", \"(147, 17, 1.2490458488464355)\", \"(150, 16, 1.2367057800292969)\", \"(153, 15, 1.2171205282211304)\", \"(156, 14, 1.1348624229431152)\", \"(158, 13, 1.1544476747512817)\", \"(161, 12, 0.8511967062950134)\", \"(162, 11, 0.8268498778343201)\", \"(164, 10, -0.1960008591413498)\", \"(164, 9, -0.6052582859992981)\", \"(164, 8, -0.5698120594024658)\", \"(162, 7, -1.2431983947753906)\", \"(159, 6, -1.1565709114074707)\"], \"timeout\": false, \"planner_name\": \"RRT*\", \"total_exec_time_ms\": 378.1766891479492, \"local_start\": \"(128, 107, 0)\", \"local_goal\": \"(167, 0, 12.52880770915151)\", \"goal_direction\": 9, \"ego_location\": \"-50.51441192626953|-0.3431825637817383|0.04445185139775276|-12.865100860595703\", \"map_goal\": \"-29.611574172973633|0.3|0|-0.5670166015625\", \"map_next_goal\": \"-19.58110809326172|0.3|0|-0.5422667860984802\"}", "collision_report": ""}
