{"pre_planning": "{\"result_type\": 0, \"path\": [], \"timeout\": false, \"planner_name\": \"-\", \"total_exec_time_ms\": 0, \"local_start\": \"None\", \"local_goal\": \"None\", \"goal_direction\": 0, \"ego_location\": \"-0.5304317474365234|0.7814305424690247|0.01437009684741497|40.690513610839844\", \"map_goal\": \"20.591285705566406|-0.4232592135667801|0|-0.549591064453125\", \"map_next_goal\": \"30.688690185546875|-0.07684602588415146|0|0.14715316891670227\"}", "planning": "{\"result_type\": 1, \"path\": [\"(128, 107, 0)\", \"(127, 106, 109.29004621918874)\", \"(126, 106, 109.29004621918874)\", \"(125, 105, 109.29004621918874)\", \"(124, 105, 109.29004621918874)\", \"(123, 105, 109.29004621918874)\", \"(122, 104, 109.29004621918874)\", \"(121, 104, 109.29004621918874)\", \"(120, 104, 109.29004621918874)\", \"(119, 103, 109.29004621918874)\", \"(118, 103, 109.29004621918874)\", \"(117, 103, 109.29004621918874)\", \"(116, 102, 109.29004621918874)\", \"(115, 102, 109.29004621918874)\", \"(114, 102, 109.29004621918874)\", \"(113, 101, 109.29004621918874)\", \"(112, 101, 109.29004621918874)\", \"(111, 101, 109.29004621918874)\", \"(110, 100, 109.29004621918874)\", \"(109, 100, 109.29004621918874)\", \"(108, 100, 0)\", \"(108, 100, 0)\", \"(107, 99, 160.8209919741893)\", \"(107, 98, 160.8209919741893)\", \"(106, 97, 160.8209919741893)\", \"(106, 96, 160.8209919741893)\", \"(106, 95, 160.8209919741893)\", \"(105, 94, 160.8209919741893)\", \"(105, 93, 160.8209919741893)\", \"(105, 92, 160.8209919741893)\", \"(104, 91, 160.8209919741893)\", \"(104, 90, 160.8209919741893)\", \"(104, 89, 160.8209919741893)\", \"(103, 88, 160.8209919741893)\", \"(103, 87, 160.8209919741893)\", \"(103, 86, 160.8209919741893)\", \"(102, 85, 160.8209919741893)\", \"(102, 84, 160.8209919741893)\", \"(102, 83, 160.8209919741893)\", \"(101, 82, 160.8209919741893)\", \"(101, 81, 160.8209919741893)\", \"(101, 80, 160.8209919741893)\", \"(100, 79, 160.8209919741893)\", \"(100, 78, 160.8209919741893)\", \"(100, 77, 0)\", \"(100, 77, 0)\", \"(99, 76, 127.87498365109822)\", \"(98, 75, 127.87498365109822)\", \"(97, 74, 127.87498365109822)\", \"(96, 73, 127.87498365109822)\", \"(95, 73, 127.87498365109822)\", \"(94, 72, 127.87498365109822)\", \"(93, 71, 127.87498365109822)\", \"(92, 70, 127.87498365109822)\", \"(91, 70, 0)\", \"(91, 70, 0)\", \"(90, 69, 116.56505117707799)\", \"(89, 69, 116.56505117707799)\", \"(88, 68, 116.56505117707799)\", \"(87, 68, 116.56505117707799)\", \"(86, 67, 116.56505117707799)\", \"(85, 67, 0)\", \"(85, 67, 0)\", \"(84, 66, 93.3664606634298)\", \"(83, 66, 93.3664606634298)\", \"(82, 66, 93.3664606634298)\", \"(81, 66, 93.3664606634298)\", \"(80, 66, 93.3664606634298)\", \"(79, 66, 93.3664606634298)\", \"(78, 66, 93.3664606634298)\", \"(77, 66, 93.3664606634298)\", \"(76, 66, 93.3664606634298)\", \"(75, 66, 93.3664606634298)\", \"(74, 66, 93.3664606634298)\", \"(73, 66, 93.3664606634298)\", \"(72, 66, 93.3664606634298)\", \"(71, 66, 93.3664606634298)\", \"(70, 66, 93.3664606634298)\", \"(69, 66, 93.3664606634298)\", \"(68, 66, 0)\", \"(68, 66, 0)\", \"(67, 65, 119.74488129694222)\", \"(66, 64, 119.74488129694222)\", \"(65, 64, 119.74488129694222)\", \"(64, 63, 119.74488129694222)\", \"(63, 63, 119.74488129694222)\", \"(62, 62, 119.74488129694222)\", \"(61, 62, 119.74488129694222)\", \"(60, 61, 119.74488129694222)\", \"(59, 60, 119.74488129694222)\", \"(58, 60, 119.74488129694222)\", \"(57, 59, 119.74488129694222)\", \"(56, 59, 119.74488129694222)\", \"(55, 58, 119.74488129694222)\", \"(54, 58, 0)\", \"(54, 58, 0)\", \"(53, 57, 133.1523897340054)\", \"(52, 56, 133.1523897340054)\", \"(51, 55, 133.1523897340054)\", \"(50, 54, 133.1523897340054)\", \"(49, 53, 133.1523897340054)\", \"(48, 52, 133.1523897340054)\", \"(47, 51, 133.1523897340054)\", \"(46, 50, 133.1523897340054)\", \"(45, 49, 133.1523897340054)\", \"(44, 48, 133.1523897340054)\", \"(43, 47, 133.1523897340054)\", \"(42, 46, 133.1523897340054)\", \"(41, 45, 133.1523897340054)\", \"(40, 44, 133.1523897340054)\", \"(39, 43, 133.1523897340054)\", \"(38, 43, 0)\", \"(38, 43, 0)\", \"(37, 42, 143.13010235415598)\", \"(36, 41, 143.13010235415598)\", \"(35, 40, 143.13010235415598)\", \"(35, 39, 143.13010235415598)\", \"(34, 38, 143.13010235415598)\", \"(33, 37, 143.13010235415598)\", \"(32, 36, 143.13010235415598)\", \"(32, 35, 143.13010235415598)\", \"(31, 34, 143.13010235415598)\", \"(30, 33, 143.13010235415598)\", \"(29, 32, 143.13010235415598)\", \"(29, 31, 143.13010235415598)\", \"(28, 30, 143.13010235415598)\", \"(27, 29, 143.13010235415598)\", \"(26, 28, 143.13010235415598)\", \"(26, 27, 143.13010235415598)\", \"(25, 26, 143.13010235415598)\", \"(24, 25, 143.13010235415598)\", \"(23, 24, 143.13010235415598)\", \"(23, 23, 143.13010235415598)\", \"(22, 22, 143.13010235415598)\", \"(21, 21, 143.13010235415598)\", \"(20, 20, 143.13010235415598)\", \"(20, 19, 0)\"], \"timeout\": false, \"planner_name\": \"RRT*\", \"total_exec_time_ms\": 871.6025352478027, \"local_start\": \"(128, 107, 0)\", \"local_goal\": \"(19, 15, -38.90413845540419)\", \"goal_direction\": 10, \"ego_location\": \"-0.5304317474365234|0.7814305424690247|0.01437009684741497|40.690513610839844\", \"map_goal\": \"20.591285705566406|-0.4232592135667801|0|-0.549591064453125\", \"map_next_goal\": \"30.688690185546875|-0.07684602588415146|0|0.14715316891670227\"}", "collision_report": ""}
