{"pre_planning": "{\"result_type\": 0, \"path\": [], \"timeout\": false, \"planner_name\": \"-\", \"total_exec_time_ms\": 0, \"local_start\": \"None\", \"local_goal\": \"None\", \"goal_direction\": 0, \"ego_location\": \"-30.45452117919922|0.5578544735908508|0.028794076293706894|4.402578353881836\", \"map_goal\": \"-19.58110809326172|0.3|0|-0.5422667860984802\", \"map_next_goal\": \"-9.545795440673828|0.4509453892707825|0|-0.5573425889015198\"}", "planning": "{\"result_type\": 5, \"path\": [], \"timeout\": 0, \"planner_name\": \"-\", \"total_exec_time_ms\": 0, \"local_start\": \"(128, 107, 0)\", \"local_goal\": \"(119, 48, -3.094058058917118)\", \"goal_direction\": 10, \"ego_location\": \"-30.45452117919922|0.5578544735908508|0.028794076293706894|4.402578353881836\", \"map_goal\": \"-19.58110809326172|0.3|0|-0.5422667860984802\", \"map_next_goal\": \"-9.545795440673828|0.4509453892707825|0|-0.5573425889015198\"}", "collision_report": ""}
