{"pre_planning": "{\"result_type\": 0, \"path\": [], \"timeout\": false, \"planner_name\": \"-\", \"total_exec_time_ms\": 0, \"local_start\": \"None\", \"local_goal\": \"None\", \"goal_direction\": 0, \"ego_location\": \"-13.54686164855957|-1.0582631826400757|0.028521060943603516|-6.430027961730957\", \"map_goal\": \"0.5285676717758179|0.4524883061647415|0|-0.5581969618797302\", \"map_next_goal\": \"10.564472198486328|0.4549951829016209|0|-0.558319091796875\"}", "planning": "{\"result_type\": 1, \"path\": [\"(129, 105, 0.7853981852531433)\", \"(130, 104, 0.7853981852531433)\", \"(131, 103, 0.7853981852531433)\", \"(132, 102, 0.7195996642112732)\", \"(133, 101, 0.5235987901687622)\", \"(134, 100, 0.10725017637014389)\", \"(134, 99, 0.2617993652820587)\", \"(134, 98, 0.5235987901687622)\", \"(135, 97, 0.0)\", \"(135, 96, 0.0)\", \"(135, 95, 0.0)\", \"(135, 94, -0.10725017637014389)\", \"(135, 93, -0.26179933547973633)\", \"(135, 92, -0.5235987305641174)\", \"(134, 91, 0.0)\", \"(134, 90, -0.10725017637014389)\", \"(134, 89, -0.26179933547973633)\", \"(134, 88, -0.6123493909835815)\", \"(133, 87, -0.26179933547973633)\", \"(133, 86, -0.6123493909835815)\", \"(132, 85, -0.26179933547973633)\", \"(132, 84, -0.6123493909835815)\", \"(131, 83, -0.26179933547973633)\", \"(131, 82, -0.6123493909835815)\", \"(130, 81, -0.26179933547973633)\", \"(130, 80, -0.6123493909835815)\", \"(129, 79, -0.26179933547973633)\", \"(129, 78, -0.6123493909835815)\", \"(128, 77, -0.26179933547973633)\", \"(128, 76, -0.6123493909835815)\", \"(127, 75, -0.26179933547973633)\", \"(127, 74, -0.5235987305641174)\", \"(126, 73, 0.0)\", \"(126, 72, -0.10725017637014389)\", \"(126, 71, -0.26179933547973633)\", \"(126, 70, -0.5235987305641174)\", \"(125, 69, 0.0)\", \"(125, 68, 0.0)\", \"(125, 67, 0.10725017637014389)\", \"(125, 66, 0.2617993652820587)\", \"(125, 65, 0.5235987901687622)\", \"(126, 64, 0.0)\", \"(126, 63, 0.10725017637014389)\", \"(126, 62, 0.2617993652820587)\", \"(126, 61, 0.6123495101928711)\", \"(127, 60, 0.3505500853061676)\", \"(127, 59, 0.7195996642112732)\", \"(128, 58, 0.6123495101928711)\", \"(129, 57, 0.3505500853061676)\", \"(129, 56, 0.7853981852531433)\", \"(130, 55, 0.7853981852531433)\", \"(131, 54, 0.7853981852531433)\", \"(132, 53, 0.7853981852531433)\", \"(133, 52, 0.7853981852531433)\", \"(134, 51, 0.7853981852531433)\", \"(135, 50, 0.7853981852531433)\", \"(136, 49, 0.7853981852531433)\", \"(137, 48, 0.8326972126960754)\", \"(138, 47, 0.8984957337379456)\", \"(139, 46, 1.0057458877563477)\", \"(141, 45, 0.7853981852531433)\", \"(142, 44, 0.7853981852531433)\", \"(143, 43, 0.8326972126960754)\", \"(144, 42, 0.8984957337379456)\", \"(145, 41, 1.0057458877563477)\", \"(147, 40, 0.7853981852531433)\", \"(148, 39, 0.7853981852531433)\", \"(149, 38, 0.7853981852531433)\", \"(150, 37, 0.7195996642112732)\", \"(151, 36, 1.2017468214035034)\", \"(152, 35, 0.7853981852531433)\", \"(152, 34, 0.3505500853061676)\"], \"timeout\": false, \"planner_name\": \"RRT*\", \"total_exec_time_ms\": 61.81001663208008, \"local_start\": \"(128, 107, 0)\", \"local_goal\": \"(150, 25, 7.1250163489017995)\", \"goal_direction\": 9, \"ego_location\": \"-13.54686164855957|-1.0582631826400757|0.028521060943603516|-6.430027961730957\", \"map_goal\": \"0.5285676717758179|0.4524883061647415|0|-0.5581969618797302\", \"map_next_goal\": \"10.564472198486328|0.4549951829016209|0|-0.558319091796875\"}", "collision_report": ""}
