{"pre_planning": "{\"result_type\": 0, \"path\": [], \"timeout\": false, \"planner_name\": \"-\", \"total_exec_time_ms\": 0, \"local_start\": \"None\", \"local_goal\": \"None\", \"goal_direction\": 0, \"ego_location\": \"59.12901306152344|-67.00670623779297|4.711144924163818|-84.98900604248047\", \"map_goal\": \"60.52488708496094|-76.54393005371094|0|-81.7426528930664\", \"map_next_goal\": \"62.126277923583984|-86.53861236572266|0|-80.38323974609375\"}", "planning": "{\"result_type\": 5, \"path\": [], \"timeout\": 0, \"planner_name\": \"-\", \"total_exec_time_ms\": 0, \"local_start\": \"(128, 107, 0)\", \"local_goal\": \"(131, 56, 3.900493742381883)\", \"goal_direction\": 9, \"ego_location\": \"59.12901306152344|-67.00670623779297|4.711144924163818|-84.98900604248047\", \"map_goal\": \"60.52488708496094|-76.54393005371094|0|-81.7426528930664\", \"map_next_goal\": \"62.126277923583984|-86.53861236572266|0|-80.38323974609375\"}", "collision_report": ""}
