{"pre_planning": "{\"result_type\": 0, \"path\": [], \"timeout\": false, \"planner_name\": \"-\", \"total_exec_time_ms\": 0, \"local_start\": \"None\", \"local_goal\": \"None\", \"goal_direction\": 0, \"ego_location\": \"75.69647979736328|-19.376522064208984|0.4914588928222656|-77.73455047607422\", \"map_goal\": \"76.16561126708984|-31.487707138061523|0|-108.89921569824219\", \"map_next_goal\": \"70.76570129394531|-39.907588958740234|0|-133.74119567871094\"}", "planning": "{\"result_type\": 5, \"path\": [], \"timeout\": 0, \"planner_name\": \"-\", \"total_exec_time_ms\": 0, \"local_start\": \"(128, 107, 0)\", \"local_goal\": \"(112, 39, -45.55625222708067)\", \"goal_direction\": 10, \"ego_location\": \"75.69647979736328|-19.376522064208984|0.4914588928222656|-77.73455047607422\", \"map_goal\": \"76.16561126708984|-31.487707138061523|0|-108.89921569824219\", \"map_next_goal\": \"70.76570129394531|-39.907588958740234|0|-133.74119567871094\"}", "collision_report": ""}
