{"pre_planning": "{\"result_type\": 0, \"path\": [], \"timeout\": false, \"planner_name\": \"-\", \"total_exec_time_ms\": 0, \"local_start\": \"None\", \"local_goal\": \"None\", \"goal_direction\": 0, \"ego_location\": \"70.24498748779297|-37.9835205078125|1.9780454635620117|-144.2578582763672\", \"map_goal\": \"64.05665588378906|-47.416648864746094|0|-125.3134765625\", \"map_next_goal\": \"59.94794464111328|-56.54953384399414|0|-105.20287322998047\"}", "planning": "{\"result_type\": 5, \"path\": [], \"timeout\": 0, \"planner_name\": \"-\", \"total_exec_time_ms\": 0, \"local_start\": \"(128, 107, 0)\", \"local_goal\": \"(153, 50, 27.838081197134702)\", \"goal_direction\": 9, \"ego_location\": \"70.24498748779297|-37.9835205078125|1.9780454635620117|-144.2578582763672\", \"map_goal\": \"64.05665588378906|-47.416648864746094|0|-125.3134765625\", \"map_next_goal\": \"59.94794464111328|-56.54953384399414|0|-105.20287322998047\"}", "collision_report": ""}
