{"pre_planning": "{\"result_type\": 0, \"path\": [], \"timeout\": false, \"planner_name\": \"-\", \"total_exec_time_ms\": 0, \"local_start\": \"None\", \"local_goal\": \"None\", \"goal_direction\": 0, \"ego_location\": \"45.198753356933594|-169.6294708251953|6.553831100463867|-81.77022552490234\", \"map_goal\": \"43.634891510009766|-191.4984130859375|0|-94.78752899169922\", \"map_next_goal\": \"42.621665954589844|-201.5404052734375|0|-96.61176300048828\"}", "planning": "{\"result_type\": 1, \"path\": [\"(126, 124, 0)\", \"(125, 121, 0)\", \"(123, 117, 0)\", \"(122, 114, 0)\", \"(120, 111, 0)\", \"(118, 108, 0)\", \"(117, 104, 0)\", \"(116, 101, 0)\", \"(114, 97, 0)\", \"(113, 94, 0)\", \"(112, 90, 0)\", \"(110, 87, 0)\", \"(109, 83, 0)\", \"(109, 80, 0)\", \"(109, 76, 0)\", \"(109, 72, 0)\", \"(109, 69, 0)\", \"(110, 65, 0)\", \"(111, 62, 0)\", \"(113, 58, 0)\", \"(112, 54, 0)\", \"(111, 51, 0)\", \"(110, 47, 0)\", \"(109, 44, 0)\", \"(107, 41, 0)\", \"(106, 37, 0)\", \"(106, 33, 0)\", \"(105, 30, 0)\", \"(104, 26, 0)\", \"(103, 23, 0)\", \"(102, 19, 0)\", \"(102, 15, 0)\", \"(101, 12, 0)\", \"(100, 8, 0)\", \"(98, 5, 0)\", \"(96, 2, 0)\"], \"timeout\": false, \"planner_name\": \"Hybrid A*\", \"total_exec_time_ms\": 1118.527889251709, \"local_start\": \"(128, 107, 0)\", \"local_goal\": \"(93, 0, -14.036243467926484)\", \"goal_direction\": 10, \"ego_location\": \"45.198753356933594|-169.6294708251953|6.553831100463867|-81.77022552490234\", \"map_goal\": \"43.634891510009766|-191.4984130859375|0|-94.78752899169922\", \"map_next_goal\": \"42.621665954589844|-201.5404052734375|0|-96.61176300048828\"}", "collision_report": ""}
