{"pre_planning": "{\"result_type\": 0, \"path\": [], \"timeout\": false, \"planner_name\": \"-\", \"total_exec_time_ms\": 0, \"local_start\": \"None\", \"local_goal\": \"None\", \"goal_direction\": 0, \"ego_location\": \"-49.83904266357422|0.19305332005023956|0.044883422553539276|0.17460685968399048\", \"map_goal\": \"-29.611574172973633|0.3|0|-0.5670166015625\", \"map_next_goal\": \"-19.58110809326172|0.3|0|-0.5422667860984802\"}", "planning": "{\"result_type\": 1, \"path\": [\"(128, 107, -0.15454916656017303)\", \"(128, 106, -0.3690495491027832)\", \"(127, 105, 0.3690495491027832)\", \"(128, 104, -0.3690495491027832)\", \"(127, 103, 0.3690495491027832)\", \"(128, 102, -0.2617993652820587)\", \"(127, 101, 0.4163486063480377)\", \"(128, 100, -0.15454916656017303)\", \"(128, 99, -0.2617993652820587)\", \"(127, 98, 0.5235987901687622)\", \"(128, 97, 0.0)\", \"(128, 96, 0.0)\", \"(128, 95, 0.0)\", \"(128, 94, 0.0)\", \"(128, 93, 0.0)\", \"(128, 92, 0.0)\", \"(128, 91, 0.0)\", \"(128, 90, 0.0)\", \"(128, 89, 0.0)\", \"(128, 88, 0.0)\", \"(128, 87, 0.0)\", \"(128, 86, 0.0)\", \"(128, 85, -0.10725017637014389)\", \"(128, 84, -0.15454916656017303)\", \"(128, 83, -0.2617993652820587)\", \"(127, 82, 0.5235987901687622)\", \"(128, 81, 0.0)\", \"(128, 80, -0.10725017637014389)\", \"(128, 79, -0.15454916656017303)\", \"(128, 78, -0.2617993652820587)\", \"(127, 77, 0.5235987901687622)\", \"(128, 76, 0.0)\", \"(128, 75, -0.10725017637014389)\", \"(128, 74, -0.15454916656017303)\", \"(128, 73, -0.2617993652820587)\", \"(127, 72, 0.5235987901687622)\", \"(128, 71, -0.10725017637014389)\", \"(128, 70, -0.15454916656017303)\", \"(128, 69, -0.2617993652820587)\", \"(127, 68, 0.5235987901687622)\", \"(128, 67, 0.0)\", \"(128, 66, 0.0)\", \"(128, 65, 0.0)\", \"(128, 64, 0.0)\", \"(128, 63, 0.0)\", \"(128, 62, -0.10725017637014389)\", \"(128, 61, -0.15454916656017303)\", \"(128, 60, -0.3690495491027832)\", \"(127, 59, 0.2617993950843811)\", \"(128, 58, -0.5235987305641174)\", \"(127, 57, 0.0)\", \"(127, 56, 0.10725017637014389)\", \"(127, 55, 0.2617993652820587)\", \"(127, 54, 0.5235987901687622)\", \"(128, 53, 0.0)\", \"(128, 52, -0.10725017637014389)\", \"(128, 51, -0.26179933547973633)\", \"(128, 50, -0.5235987305641174)\", \"(127, 49, 0.10725017637014389)\", \"(127, 48, 0.2617993652820587)\", \"(127, 47, 0.5235987901687622)\", \"(128, 46, 0.0)\", \"(128, 45, 0.0)\", \"(128, 44, 0.0)\", \"(128, 43, 0.0)\", \"(128, 42, 0.0)\", \"(128, 41, 0.0)\", \"(128, 40, 0.0)\", \"(128, 39, 0.0)\", \"(128, 38, -0.10725017637014389)\", \"(128, 37, -0.15454916656017303)\", \"(128, 36, -0.2617993652820587)\", \"(127, 35, 0.4163486063480377)\", \"(128, 34, -0.15454916656017303)\", \"(128, 33, -0.3690495491027832)\", \"(127, 32, 0.2617993950843811)\", \"(128, 31, -0.41634854674339294)\", \"(127, 30, 0.2617993652820587)\", \"(127, 29, 0.5235987901687622)\", \"(128, 28, 0.0)\", \"(128, 27, 0.0)\", \"(128, 26, -0.10725017637014389)\", \"(128, 25, -0.15454916656017303)\", \"(128, 24, -0.3690495491027832)\", \"(127, 23, 0.2617993950843811)\", \"(128, 22, -0.41634854674339294)\", \"(127, 21, 0.2617993652820587)\", \"(127, 20, 0.5235987901687622)\", \"(128, 19, 0.0)\", \"(128, 18, 0.0)\", \"(128, 17, 0.0)\", \"(128, 16, 0.0)\", \"(128, 15, 0.0)\", \"(128, 14, 0.0)\", \"(128, 13, 0.0)\", \"(128, 12, -0.10725017637014389)\", \"(128, 11, -0.15454916656017303)\", \"(128, 10, -0.3690495491027832)\", \"(127, 9, 0.3690495491027832)\", \"(128, 8, -0.3690495491027832)\", \"(127, 7, 0.2617993950843811)\", \"(128, 6, -0.5235987305641174)\", \"(127, 5, 0.10725017637014389)\", \"(127, 4, 0.2617993652820587)\", \"(127, 3, 0.3090984523296356)\", \"(128, 2, 0.5235987901687622)\", \"(128, 1, 0.2617993652820587)\"], \"timeout\": false, \"planner_name\": \"interpolator\", \"total_exec_time_ms\": 17.636537551879883, \"local_start\": \"(128, 107, 0)\", \"local_goal\": \"(128, 0, 0.0)\", \"goal_direction\": 8, \"ego_location\": \"-49.83904266357422|0.19305332005023956|0.044883422553539276|0.17460685968399048\", \"map_goal\": \"-29.611574172973633|0.3|0|-0.5670166015625\", \"map_next_goal\": \"-19.58110809326172|0.3|0|-0.5422667860984802\"}", "collision_report": ""}
