{"pre_planning": "{\"result_type\": 0, \"path\": [], \"timeout\": false, \"planner_name\": \"-\", \"total_exec_time_ms\": 0, \"local_start\": \"None\", \"local_goal\": \"None\", \"goal_direction\": 0, \"ego_location\": \"62.686302185058594|-135.99131774902344|9.334500312805176|-108.79413604736328\", \"map_goal\": \"51.63807678222656|-152.56591796875|0|-120.85934448242188\", \"map_next_goal\": \"47.474666595458984|-161.70152282714844|0|-109.43801879882812\"}", "planning": "{\"result_type\": 1, \"path\": [\"(126, 124, 0)\", \"(125, 121, 0)\", \"(123, 117, 0)\", \"(122, 114, 0)\", \"(120, 111, 0)\", \"(118, 108, 0)\", \"(117, 104, 0)\", \"(116, 101, 0)\", \"(114, 97, 0)\", \"(113, 94, 0)\", \"(112, 90, 0)\", \"(110, 87, 0)\", \"(109, 83, 0)\", \"(107, 80, 0)\", \"(106, 76, 0)\", \"(105, 73, 0)\", \"(103, 70, 0)\", \"(102, 66, 0)\", \"(101, 63, 0)\", \"(99, 59, 0)\", \"(98, 56, 0)\", \"(97, 52, 0)\", \"(95, 49, 0)\", \"(94, 45, 0)\", \"(94, 42, 0)\", \"(94, 38, 0)\", \"(94, 34, 0)\", \"(95, 31, 0)\", \"(96, 27, 0)\", \"(96, 23, 0)\", \"(96, 20, 0)\", \"(96, 16, 0)\", \"(96, 12, 0)\", \"(96, 9, 0)\", \"(94, 5, 0)\", \"(93, 2, 0)\"], \"timeout\": false, \"planner_name\": \"Hybrid A*\", \"total_exec_time_ms\": 204.09464836120605, \"local_start\": \"(128, 107, 0)\", \"local_goal\": \"(90, 0, -6.170175095029608)\", \"goal_direction\": 10, \"ego_location\": \"62.686302185058594|-135.99131774902344|9.334500312805176|-108.79413604736328\", \"map_goal\": \"51.63807678222656|-152.56591796875|0|-120.85934448242188\", \"map_next_goal\": \"47.474666595458984|-161.70152282714844|0|-109.43801879882812\"}", "collision_report": ""}
