{"pre_planning": "{\"result_type\": 0, \"path\": [], \"timeout\": false, \"planner_name\": \"-\", \"total_exec_time_ms\": 0, \"local_start\": \"None\", \"local_goal\": \"None\", \"goal_direction\": 0, \"ego_location\": \"67.32020568847656|-117.07091522216797|8.859338760375977|-85.95242309570312\", \"map_goal\": \"62.9095573425293|-135.89866638183594|0|-116.2701644897461\", \"map_next_goal\": \"57.34056091308594|-144.24130249023438|0|-127.65644836425781\"}", "planning": "{\"result_type\": 1, \"path\": [\"(126, 124, 0)\", \"(125, 121, 0)\", \"(123, 117, 0)\", \"(122, 114, 0)\", \"(120, 111, 0)\", \"(117, 108, 0)\", \"(115, 105, 0)\", \"(114, 102, 0)\", \"(113, 98, 0)\", \"(113, 94, 0)\", \"(113, 91, 0)\", \"(113, 87, 0)\", \"(114, 83, 0)\", \"(115, 80, 0)\", \"(114, 76, 0)\", \"(113, 73, 0)\", \"(113, 69, 0)\", \"(113, 65, 0)\", \"(113, 61, 0)\", \"(111, 58, 0)\", \"(110, 55, 0)\", \"(108, 52, 0)\", \"(106, 48, 0)\", \"(104, 45, 0)\", \"(103, 42, 0)\", \"(102, 38, 0)\", \"(100, 35, 0)\", \"(99, 31, 0)\", \"(98, 28, 0)\", \"(96, 24, 0)\", \"(95, 21, 0)\", \"(94, 17, 0)\", \"(92, 14, 0)\", \"(91, 11, 0)\", \"(90, 7, 0)\", \"(88, 4, 0)\", \"(86, 1, 0)\"], \"timeout\": false, \"planner_name\": \"Hybrid A*\", \"total_exec_time_ms\": 526.0422229766846, \"local_start\": \"(128, 107, 0)\", \"local_goal\": \"(85, 0, -37.33319573818583)\", \"goal_direction\": 10, \"ego_location\": \"67.32020568847656|-117.07091522216797|8.859338760375977|-85.95242309570312\", \"map_goal\": \"62.9095573425293|-135.89866638183594|0|-116.2701644897461\", \"map_next_goal\": \"57.34056091308594|-144.24130249023438|0|-127.65644836425781\"}", "collision_report": ""}
