{"pre_planning": "{\"result_type\": 0, \"path\": [], \"timeout\": false, \"planner_name\": \"-\", \"total_exec_time_ms\": 0, \"local_start\": \"None\", \"local_goal\": \"None\", \"goal_direction\": 0, \"ego_location\": \"59.12901306152344|-67.00670623779297|4.711144924163818|-84.98900604248047\", \"map_goal\": \"62.126277923583984|-86.53861236572266|0|-80.38323974609375\", \"map_next_goal\": \"63.9222526550293|-96.4261474609375|0|-79.31819152832031\"}", "planning": "{\"result_type\": 1, \"path\": [\"(128, 107, -0.15082494914531708)\", \"(127, 103, 0.0)\", \"(127, 99, -0.02771373651921749)\", \"(127, 95, -0.06916538625955582)\", \"(127, 91, -0.15082494914531708)\", \"(126, 87, 0.0)\", \"(126, 83, -0.02771373651921749)\", \"(126, 79, -0.06916538625955582)\", \"(126, 75, -0.15082494914531708)\", \"(125, 71, 0.0)\", \"(125, 67, -0.02771373651921749)\", \"(125, 63, -0.06916538625955582)\", \"(125, 59, -0.15082494914531708)\", \"(124, 55, 0.0)\", \"(124, 51, -0.02771373651921749)\", \"(124, 47, -0.06916538625955582)\", \"(124, 43, -0.15082494914531708)\", \"(123, 39, 0.0)\", \"(123, 35, -0.02771373651921749)\", \"(123, 31, -0.06916538625955582)\", \"(123, 27, -0.15082494914531708)\", \"(122, 23, 0.0)\", \"(122, 19, -0.02771373651921749)\", \"(122, 15, -0.06916538625955582)\", \"(122, 11, -0.12311121076345444)\", \"(121, 7, -0.10352591425180435)\", \"(121, 3, 0.038084786385297775)\", \"(122, 0, 0.15454919636249542)\"], \"timeout\": false, \"planner_name\": \"overtaker\", \"total_exec_time_ms\": 291.851282119751, \"local_start\": \"(128, 107, 0)\", \"local_goal\": \"(137, 0, 5.403791360249709)\", \"goal_direction\": 9, \"ego_location\": \"59.12901306152344|-67.00670623779297|4.711144924163818|-84.98900604248047\", \"map_goal\": \"62.126277923583984|-86.53861236572266|0|-80.38323974609375\", \"map_next_goal\": \"63.9222526550293|-96.4261474609375|0|-79.31819152832031\"}", "collision_report": ""}
