{"pre_planning": "{\"result_type\": 0, \"path\": [], \"timeout\": false, \"planner_name\": \"-\", \"total_exec_time_ms\": 0, \"local_start\": \"None\", \"local_goal\": \"None\", \"goal_direction\": 0, \"ego_location\": \"17.640953063964844|-0.49363553524017334|0.028483504429459572|-0.043731689453125\", \"map_goal\": \"40.7393684387207|0.04634455591440201|0|1.1664600372314453\", \"map_next_goal\": \"50.75764083862305|0.30347898602485657|0|1.610583782196045\"}", "planning": "{\"result_type\": 1, \"path\": [\"(128, 107, 0.0)\", \"(128, 106, 0.0)\", \"(128, 105, 0.0)\", \"(128, 104, 0.0)\", \"(128, 103, 0.0)\", \"(128, 102, 0.0)\", \"(128, 101, 0.0)\", \"(128, 100, 0.0)\", \"(128, 99, 0.0)\", \"(128, 98, 0.0)\", \"(128, 97, 0.0)\", \"(128, 96, 0.0)\", \"(128, 95, 0.0)\", \"(128, 94, 0.0)\", \"(128, 93, 0.0)\", \"(128, 92, 0.0)\", \"(128, 91, 0.0)\", \"(128, 90, 0.0)\", \"(128, 89, 0.0)\", \"(128, 88, 0.0)\", \"(128, 87, 0.10725017637014389)\", \"(128, 86, 0.2617993652820587)\", \"(128, 85, 0.5235987901687622)\", \"(129, 84, 0.0)\", \"(129, 83, 0.0)\", \"(129, 82, 0.0)\", \"(129, 81, 0.0)\", \"(129, 80, 0.0)\", \"(129, 79, 0.0)\", \"(129, 78, 0.0)\", \"(129, 77, 0.0)\", \"(129, 76, 0.0)\", \"(129, 75, 0.0)\", \"(129, 74, 0.0)\", \"(129, 73, 0.0)\", \"(129, 72, 0.0)\", \"(129, 71, 0.0)\", \"(129, 70, 0.0)\", \"(129, 69, 0.0)\", \"(129, 68, 0.0)\", \"(129, 67, 0.0)\", \"(129, 66, 0.0)\", \"(129, 65, 0.0)\", \"(129, 64, 0.0)\", \"(129, 63, 0.10725017637014389)\", \"(129, 62, 0.2617993652820587)\", \"(129, 61, 0.5235987901687622)\", \"(130, 60, 0.0)\", \"(130, 59, 0.0)\", \"(130, 58, 0.0)\", \"(130, 57, 0.0)\", \"(130, 56, 0.0)\", \"(130, 55, 0.0)\", \"(130, 54, 0.0)\", \"(130, 53, 0.0)\", \"(130, 52, 0.0)\", \"(130, 51, 0.0)\", \"(130, 50, 0.0)\", \"(130, 49, 0.0)\", \"(130, 48, 0.0)\", \"(130, 47, 0.0)\", \"(130, 46, 0.0)\", \"(130, 45, 0.0)\", \"(130, 44, 0.0)\", \"(130, 43, 0.0)\", \"(130, 42, 0.0)\", \"(130, 41, 0.0)\", \"(130, 40, 0.0)\", \"(130, 39, 0.0)\", \"(130, 38, 0.0)\", \"(130, 37, 0.0)\", \"(130, 36, 0.0)\", \"(130, 35, 0.10725017637014389)\", \"(130, 34, 0.2617993652820587)\", \"(130, 33, 0.5235987901687622)\", \"(131, 32, 0.0)\", \"(131, 31, 0.0)\", \"(131, 30, 0.0)\", \"(131, 29, 0.0)\", \"(131, 28, 0.0)\", \"(131, 27, 0.0)\", \"(131, 26, 0.0)\", \"(131, 25, 0.0)\", \"(131, 24, 0.0)\", \"(131, 23, 0.0)\", \"(131, 22, 0.0)\", \"(131, 21, 0.0)\", \"(131, 20, 0.0)\", \"(131, 19, 0.0)\", \"(131, 18, 0.0)\", \"(131, 17, 0.0)\", \"(131, 16, 0.0)\", \"(131, 15, 0.0)\", \"(131, 14, 0.0)\", \"(131, 13, 0.0)\", \"(131, 12, 0.0)\", \"(131, 11, 0.0)\", \"(131, 10, 0.0)\", \"(131, 9, 0.0)\", \"(131, 8, 0.0)\", \"(131, 7, 0.0)\", \"(131, 6, 0.0)\", \"(131, 5, 0.0)\", \"(131, 4, 0.0)\", \"(131, 3, 0.0)\", \"(131, 2, 0.0)\", \"(131, 1, 0.0)\"], \"timeout\": false, \"planner_name\": \"interpolator\", \"total_exec_time_ms\": 10.996818542480469, \"local_start\": \"(128, 107, 0)\", \"local_goal\": \"(132, 0, 1.5481576989779662)\", \"goal_direction\": 9, \"ego_location\": \"17.640953063964844|-0.49363553524017334|0.028483504429459572|-0.043731689453125\", \"map_goal\": \"40.7393684387207|0.04634455591440201|0|1.1664600372314453\", \"map_next_goal\": \"50.75764083862305|0.30347898602485657|0|1.610583782196045\"}", "collision_report": ""}
