{"pre_planning": "{\"result_type\": 0, \"path\": [], \"timeout\": false, \"planner_name\": \"-\", \"total_exec_time_ms\": 0, \"local_start\": \"None\", \"local_goal\": \"None\", \"goal_direction\": 0, \"ego_location\": \"52.37955856323242|-152.18833923339844|8.091917037963867|-119.68769073486328\", \"map_goal\": \"47.474666595458984|-161.70152282714844|0|-109.43801879882812\", \"map_next_goal\": \"45.172264099121094|-171.50921630859375|0|-98.063720703125\"}", "planning": "{\"result_type\": 5, \"path\": [], \"timeout\": 0, \"planner_name\": \"-\", \"total_exec_time_ms\": 0, \"local_start\": \"(128, 107, 0)\", \"local_goal\": \"(128, 48, 7.873938131725629)\", \"goal_direction\": 9, \"ego_location\": \"52.37955856323242|-152.18833923339844|8.091917037963867|-119.68769073486328\", \"map_goal\": \"47.474666595458984|-161.70152282714844|0|-109.43801879882812\", \"map_next_goal\": \"45.172264099121094|-171.50921630859375|0|-98.063720703125\"}", "collision_report": ""}
