{"pre_planning": "{\"result_type\": 0, \"path\": [], \"timeout\": false, \"planner_name\": \"-\", \"total_exec_time_ms\": 0, \"local_start\": \"None\", \"local_goal\": \"None\", \"goal_direction\": 0, \"ego_location\": \"75.69647979736328|-19.376522064208984|0.4914588928222656|-77.73455047607422\", \"map_goal\": \"70.76570129394531|-39.907588958740234|0|-133.74119567871094\", \"map_next_goal\": \"64.05665588378906|-47.416648864746094|0|-125.3134765625\"}", "planning": "{\"result_type\": 1, \"path\": [\"(126, 124, 0)\", \"(125, 121, 0)\", \"(123, 117, 0)\", \"(122, 114, 0)\", \"(120, 111, 0)\", \"(117, 108, 0)\", \"(115, 105, 0)\", \"(112, 103, 0)\", \"(111, 99, 0)\", \"(110, 96, 0)\", \"(110, 92, 0)\", \"(109, 88, 0)\", \"(109, 85, 0)\", \"(110, 81, 0)\", \"(110, 77, 0)\", \"(111, 74, 0)\", \"(112, 70, 0)\", \"(114, 67, 0)\", \"(113, 63, 0)\", \"(112, 59, 0)\", \"(111, 56, 0)\", \"(110, 53, 0)\", \"(108, 49, 0)\", \"(106, 46, 0)\", \"(104, 43, 0)\", \"(102, 40, 0)\", \"(99, 37, 0)\", \"(97, 35, 0)\", \"(94, 32, 0)\", \"(91, 30, 0)\", \"(89, 27, 0)\", \"(88, 24, 0)\", \"(87, 20, 0)\", \"(86, 16, 0)\", \"(83, 14, 0)\", \"(81, 11, 0)\", \"(78, 9, 0)\", \"(75, 7, 0)\", \"(72, 5, 0)\", \"(68, 3, 0)\", \"(65, 2, 0)\", \"(61, 1, 0)\"], \"timeout\": false, \"planner_name\": \"Hybrid A*\", \"total_exec_time_ms\": 3803.253173828125, \"local_start\": \"(128, 107, 0)\", \"local_goal\": \"(60, 0, -53.746162262555224)\", \"goal_direction\": 10, \"ego_location\": \"75.69647979736328|-19.376522064208984|0.4914588928222656|-77.73455047607422\", \"map_goal\": \"70.76570129394531|-39.907588958740234|0|-133.74119567871094\", \"map_next_goal\": \"64.05665588378906|-47.416648864746094|0|-125.3134765625\"}", "collision_report": ""}
