{"pre_planning": "{\"result_type\": 0, \"path\": [], \"timeout\": false, \"planner_name\": \"-\", \"total_exec_time_ms\": 0, \"local_start\": \"None\", \"local_goal\": \"None\", \"goal_direction\": 0, \"ego_location\": \"50.76853942871094|0.09803075343370438|0.028560791164636612|0.6335322856903076\", \"map_goal\": \"60.768245697021484|0.7094560265541077|0|2.441657066345215\", \"map_next_goal\": \"69.76917266845703|-3.089573860168457|0|-49.090415954589844\"}", "planning": "{\"result_type\": 5, \"path\": [], \"timeout\": 0, \"planner_name\": \"-\", \"total_exec_time_ms\": 0, \"local_start\": \"(128, 107, 0)\", \"local_goal\": \"(131, 54, -7.943471810590415)\", \"goal_direction\": 10, \"ego_location\": \"50.76853942871094|0.09803075343370438|0.028560791164636612|0.6335322856903076\", \"map_goal\": \"60.768245697021484|0.7094560265541077|0|2.441657066345215\", \"map_next_goal\": \"69.76917266845703|-3.089573860168457|0|-49.090415954589844\"}", "collision_report": ""}
