{"pre_planning": "{\"result_type\": 0, \"path\": [], \"timeout\": false, \"planner_name\": \"-\", \"total_exec_time_ms\": 0, \"local_start\": \"None\", \"local_goal\": \"None\", \"goal_direction\": 0, \"ego_location\": \"0.36365336179733276|0.41370275616645813|0.015263479202985764|0.5132962465286255\", \"map_goal\": \"20.591285705566406|-0.4232592135667801|0|-0.549591064453125\", \"map_next_goal\": \"30.688690185546875|-0.07684602588415146|0|0.14715316891670227\"}", "planning": "{\"result_type\": 1, \"path\": [\"(128, 107, -0.5235987305641174)\", \"(127, 106, 0.0)\", \"(127, 105, 0.0)\", \"(127, 104, 0.0)\", \"(127, 103, 0.0)\", \"(127, 102, 0.0)\", \"(127, 101, -0.10725017637014389)\", \"(127, 100, -0.26179933547973633)\", \"(127, 99, -0.5235987305641174)\", \"(126, 98, 0.0)\", \"(126, 97, 0.0)\", \"(126, 96, 0.0)\", \"(126, 95, 0.0)\", \"(126, 94, 0.0)\", \"(126, 93, 0.0)\", \"(126, 92, -0.10725017637014389)\", \"(126, 91, -0.26179933547973633)\", \"(126, 90, -0.5235987305641174)\", \"(125, 89, 0.0)\", \"(125, 88, 0.0)\", \"(125, 87, 0.0)\", \"(125, 86, 0.0)\", \"(125, 85, 0.0)\", \"(125, 84, 0.0)\", \"(125, 83, -0.10725017637014389)\", \"(125, 82, -0.26179933547973633)\", \"(125, 81, -0.5235987305641174)\", \"(124, 80, 0.0)\", \"(124, 79, 0.0)\", \"(124, 78, 0.0)\", \"(124, 77, 0.0)\", \"(124, 76, 0.0)\", \"(124, 75, 0.0)\", \"(124, 74, 0.0)\", \"(124, 73, 0.0)\", \"(124, 72, -0.10725017637014389)\", \"(124, 71, -0.26179933547973633)\", \"(124, 70, -0.5235987305641174)\", \"(123, 69, 0.0)\", \"(123, 68, 0.0)\", \"(123, 67, 0.0)\", \"(123, 66, 0.0)\", \"(123, 65, 0.0)\", \"(123, 64, 0.0)\", \"(123, 63, 0.0)\", \"(123, 62, 0.0)\", \"(123, 61, -0.10725017637014389)\", \"(123, 60, -0.26179933547973633)\", \"(123, 59, -0.5235987305641174)\", \"(122, 58, 0.0)\", \"(122, 57, 0.0)\", \"(122, 56, 0.0)\", \"(122, 55, 0.0)\", \"(122, 54, 0.0)\", \"(122, 53, 0.0)\", \"(122, 52, 0.0)\", \"(122, 51, 0.0)\", \"(122, 50, 0.0)\", \"(122, 49, 0.0)\", \"(122, 48, 0.0)\", \"(122, 47, -0.10725017637014389)\", \"(122, 46, -0.26179933547973633)\", \"(122, 45, -0.5235987305641174)\", \"(121, 44, 0.0)\", \"(121, 43, 0.0)\", \"(121, 42, 0.0)\", \"(121, 41, 0.0)\", \"(121, 40, 0.0)\", \"(121, 39, 0.0)\", \"(121, 38, 0.0)\", \"(121, 37, 0.0)\", \"(121, 36, 0.0)\", \"(121, 35, 0.0)\", \"(121, 34, 0.0)\", \"(121, 33, 0.0)\", \"(121, 32, 0.0)\", \"(121, 31, 0.0)\", \"(121, 30, 0.0)\", \"(121, 29, -0.10725017637014389)\", \"(121, 28, -0.26179933547973633)\", \"(121, 27, -0.5235987305641174)\", \"(120, 26, 0.0)\", \"(120, 25, 0.0)\", \"(120, 24, 0.0)\", \"(120, 23, 0.0)\", \"(120, 22, 0.0)\", \"(120, 21, 0.0)\", \"(120, 20, 0.0)\", \"(120, 19, 0.0)\", \"(120, 18, 0.0)\", \"(120, 17, 0.0)\", \"(120, 16, 0.0)\", \"(120, 15, 0.0)\", \"(120, 14, 0.0)\", \"(120, 13, 0.0)\", \"(120, 12, 0.0)\", \"(120, 11, 0.0)\", \"(120, 10, 0.0)\", \"(120, 9, 0.0)\", \"(120, 8, 0.0)\", \"(120, 7, 0.0)\", \"(120, 6, 0.0)\", \"(120, 5, 0.0)\", \"(120, 4, 0.0)\", \"(120, 3, 0.0)\", \"(120, 2, 0.0)\", \"(120, 1, 0.0)\"], \"timeout\": false, \"planner_name\": \"interpolator\", \"total_exec_time_ms\": 12.57467269897461, \"local_start\": \"(128, 107, 0)\", \"local_goal\": \"(120, 0, 1.5275254422129276)\", \"goal_direction\": 9, \"ego_location\": \"0.36365336179733276|0.41370275616645813|0.015263479202985764|0.5132962465286255\", \"map_goal\": \"20.591285705566406|-0.4232592135667801|0|-0.549591064453125\", \"map_next_goal\": \"30.688690185546875|-0.07684602588415146|0|0.14715316891670227\"}", "collision_report": ""}
