{"pre_planning": "{\"result_type\": 0, \"path\": [], \"timeout\": false, \"planner_name\": \"-\", \"total_exec_time_ms\": 0, \"local_start\": \"None\", \"local_goal\": \"None\", \"goal_direction\": 0, \"ego_location\": \"62.686302185058594|-135.99131774902344|9.334500312805176|-108.79413604736328\", \"map_goal\": \"57.34056091308594|-144.24130249023438|0|-127.65644836425781\", \"map_next_goal\": \"51.63807678222656|-152.56591796875|0|-120.85934448242188\"}", "planning": "{\"result_type\": 5, \"path\": [], \"timeout\": 0, \"planner_name\": \"-\", \"total_exec_time_ms\": 0, \"local_start\": \"(128, 107, 0)\", \"local_goal\": \"(110, 57, -15.732004785107302)\", \"goal_direction\": 10, \"ego_location\": \"62.686302185058594|-135.99131774902344|9.334500312805176|-108.79413604736328\", \"map_goal\": \"57.34056091308594|-144.24130249023438|0|-127.65644836425781\", \"map_next_goal\": \"51.63807678222656|-152.56591796875|0|-120.85934448242188\"}", "collision_report": ""}
