{"pre_planning": "{\"result_type\": 0, \"path\": [], \"timeout\": false, \"planner_name\": \"-\", \"total_exec_time_ms\": 0, \"local_start\": \"None\", \"local_goal\": \"None\", \"goal_direction\": 0, \"ego_location\": \"33.684303283691406|-225.62355041503906|2.0072989463806152|-120.47122192382812\", \"map_goal\": \"33.24759292602539|-229.6529998779297|0|-131.0015106201172\", \"map_next_goal\": \"25.230968475341797|-235.70118713378906|0|-151.136962890625\"}", "planning": "{\"result_type\": 5, \"path\": [], \"timeout\": 0, \"planner_name\": \"-\", \"total_exec_time_ms\": 0, \"local_start\": \"(128, 107, 0)\", \"local_goal\": \"(140, 100, -23.096821918160845)\", \"goal_direction\": 10, \"ego_location\": \"33.684303283691406|-225.62355041503906|2.0072989463806152|-120.47122192382812\", \"map_goal\": \"33.24759292602539|-229.6529998779297|0|-131.0015106201172\", \"map_next_goal\": \"25.230968475341797|-235.70118713378906|0|-151.136962890625\"}", "collision_report": ""}
