{"pre_planning": "{\"result_type\": 0, \"path\": [], \"timeout\": false, \"planner_name\": \"-\", \"total_exec_time_ms\": 0, \"local_start\": \"None\", \"local_goal\": \"None\", \"goal_direction\": 0, \"ego_location\": \"17.826257705688477|-0.186232790350914|0.028517665341496468|-0.3398436903953552\", \"map_goal\": \"30.688690185546875|-0.07684602588415146|0|0.14715316891670227\", \"map_next_goal\": \"None\"}", "planning": "{\"result_type\": 5, \"path\": [], \"timeout\": 0, \"planner_name\": \"-\", \"total_exec_time_ms\": 0, \"local_start\": \"(128, 107, 0)\", \"local_goal\": \"(129, 32, 0.7638984609299889)\", \"goal_direction\": 9, \"ego_location\": \"17.826257705688477|-0.186232790350914|0.028517665341496468|-0.3398436903953552\", \"map_goal\": \"30.688690185546875|-0.07684602588415146|0|0.14715316891670227\", \"map_next_goal\": \"None\"}", "collision_report": ""}
