{"pre_planning": "{\"result_type\": 0, \"path\": [], \"timeout\": false, \"planner_name\": \"-\", \"total_exec_time_ms\": 0, \"local_start\": \"None\", \"local_goal\": \"None\", \"goal_direction\": 0, \"ego_location\": \"-48.29358673095703|0.48878154158592224|0.04774206131696701|0.5807415246963501\", \"map_goal\": \"-29.611574172973633|0.3|0|-0.5670166015625\", \"map_next_goal\": \"0.5285676717758179|0.4524883061647415|0|-0.5581969618797302\"}", "planning": "{\"result_type\": 1, \"path\": [\"(128, 107, -0.5235987305641174)\", \"(127, 106, 0.0)\", \"(127, 105, 0.0)\", \"(127, 104, 0.0)\", \"(127, 103, 0.0)\", \"(127, 102, 0.0)\", \"(127, 101, 0.0)\", \"(127, 100, 0.0)\", \"(127, 99, 0.0)\", \"(127, 98, 0.0)\", \"(127, 97, 0.0)\", \"(127, 96, 0.0)\", \"(127, 95, 0.0)\", \"(127, 94, 0.0)\", \"(127, 93, 0.0)\", \"(127, 92, 0.0)\", \"(127, 91, 0.0)\", \"(127, 90, 0.0)\", \"(127, 89, 0.0)\", \"(127, 88, 0.0)\", \"(127, 87, 0.0)\", \"(127, 86, 0.0)\", \"(127, 85, 0.0)\", \"(127, 84, 0.0)\", \"(127, 83, 0.0)\", \"(127, 82, 0.0)\", \"(127, 81, 0.0)\", \"(127, 80, -0.10725017637014389)\", \"(127, 79, -0.26179933547973633)\", \"(127, 78, -0.5235987305641174)\", \"(126, 77, 0.0)\", \"(126, 76, 0.0)\", \"(126, 75, 0.0)\", \"(126, 74, 0.0)\", \"(126, 73, 0.0)\", \"(126, 72, 0.0)\", \"(126, 71, 0.0)\", \"(126, 70, 0.0)\", \"(126, 69, 0.0)\", \"(126, 68, 0.0)\", \"(126, 67, 0.0)\", \"(126, 66, 0.0)\", \"(126, 65, 0.0)\", \"(126, 64, 0.0)\", \"(126, 63, 0.0)\", \"(126, 62, 0.0)\", \"(126, 61, 0.0)\", \"(126, 60, 0.0)\", \"(126, 59, 0.0)\", \"(126, 58, 0.0)\", \"(126, 57, 0.0)\", \"(126, 56, 0.0)\", \"(126, 55, 0.0)\", \"(126, 54, 0.0)\", \"(126, 53, 0.0)\", \"(126, 52, 0.0)\", \"(126, 51, 0.0)\", \"(126, 50, 0.0)\", \"(126, 49, 0.0)\", \"(126, 48, 0.0)\", \"(126, 47, 0.0)\", \"(126, 46, 0.0)\", \"(126, 45, -0.10725017637014389)\", \"(126, 44, -0.26179933547973633)\", \"(126, 43, -0.5235987305641174)\", \"(125, 42, 0.0)\", \"(125, 41, 0.0)\", \"(125, 40, 0.0)\", \"(125, 39, 0.0)\", \"(125, 38, 0.0)\", \"(125, 37, 0.0)\", \"(125, 36, 0.0)\", \"(125, 35, 0.0)\", \"(125, 34, 0.0)\", \"(125, 33, 0.0)\", \"(125, 32, 0.0)\", \"(125, 31, 0.0)\", \"(125, 30, 0.0)\", \"(125, 29, 0.0)\", \"(125, 28, 0.0)\", \"(125, 27, 0.0)\", \"(125, 26, 0.0)\", \"(125, 25, 0.0)\", \"(125, 24, 0.0)\", \"(125, 23, 0.0)\", \"(125, 22, 0.0)\", \"(125, 21, 0.0)\", \"(125, 20, 0.0)\", \"(125, 19, 0.0)\", \"(125, 18, 0.0)\", \"(125, 17, 0.0)\", \"(125, 16, 0.0)\", \"(125, 15, 0.0)\", \"(125, 14, 0.0)\", \"(125, 13, 0.0)\", \"(125, 12, 0.0)\", \"(125, 11, 0.0)\", \"(125, 10, 0.0)\", \"(125, 9, 0.0)\", \"(125, 8, 0.0)\", \"(125, 7, 0.0)\", \"(125, 6, 0.0)\", \"(125, 5, 0.0)\", \"(125, 4, 0.0)\", \"(125, 3, 0.0)\", \"(125, 2, 0.0)\", \"(125, 1, 0.0)\"], \"timeout\": false, \"planner_name\": \"interpolator\", \"total_exec_time_ms\": 4.934549331665039, \"local_start\": \"(128, 107, 0)\", \"local_goal\": \"(125, 0, -0.25808735133619665)\", \"goal_direction\": 10, \"ego_location\": \"-48.29358673095703|0.48878154158592224|0.04774206131696701|0.5807415246963501\", \"map_goal\": \"-29.611574172973633|0.3|0|-0.5670166015625\", \"map_next_goal\": \"0.5285676717758179|0.4524883061647415|0|-0.5581969618797302\"}", "collision_report": ""}
