{"pre_planning": "{\"result_type\": 0, \"path\": [], \"timeout\": false, \"planner_name\": \"-\", \"total_exec_time_ms\": 0, \"local_start\": \"None\", \"local_goal\": \"None\", \"goal_direction\": 0, \"ego_location\": \"-65.5390625|-0.07777763903141022|0.02854372002184391|-1.19451904296875\", \"map_goal\": \"-29.611574172973633|0.3|0|-0.5670166015625\", \"map_next_goal\": \"0.5285676717758179|0.4524883061647415|0|-0.5581969618797302\"}", "planning": "{\"result_type\": 1, \"path\": [\"(128, 107, 0.0)\", \"(128, 106, 0.0)\", \"(128, 105, 0.0)\", \"(128, 104, 0.0)\", \"(128, 103, 0.0)\", \"(128, 102, 0.0)\", \"(128, 101, 0.0)\", \"(128, 100, 0.0)\", \"(128, 99, 0.0)\", \"(128, 98, 0.10725017637014389)\", \"(128, 97, 0.2617993652820587)\", \"(128, 96, 0.5235987901687622)\", \"(129, 95, 0.0)\", \"(129, 94, 0.0)\", \"(129, 93, 0.0)\", \"(129, 92, 0.0)\", \"(129, 91, 0.0)\", \"(129, 90, 0.0)\", \"(129, 89, 0.0)\", \"(129, 88, 0.0)\", \"(129, 87, 0.0)\", \"(129, 86, 0.10725017637014389)\", \"(129, 85, 0.2617993652820587)\", \"(129, 84, 0.5235987901687622)\", \"(130, 83, 0.0)\", \"(130, 82, 0.0)\", \"(130, 81, 0.0)\", \"(130, 80, 0.0)\", \"(130, 79, 0.0)\", \"(130, 78, 0.0)\", \"(130, 77, 0.0)\", \"(130, 76, 0.0)\", \"(130, 75, 0.0)\", \"(130, 74, 0.10725017637014389)\", \"(130, 73, 0.2617993652820587)\", \"(130, 72, 0.5235987901687622)\", \"(131, 71, 0.0)\", \"(131, 70, 0.0)\", \"(131, 69, 0.0)\", \"(131, 68, 0.0)\", \"(131, 67, 0.0)\", \"(131, 66, 0.0)\", \"(131, 65, 0.0)\", \"(131, 64, 0.0)\", \"(131, 63, 0.0)\", \"(131, 62, 0.0)\", \"(131, 61, 0.10725017637014389)\", \"(131, 60, 0.2617993652820587)\", \"(131, 59, 0.5235987901687622)\", \"(132, 58, 0.0)\", \"(132, 57, 0.0)\", \"(132, 56, 0.0)\", \"(132, 55, 0.0)\", \"(132, 54, 0.0)\", \"(132, 53, 0.0)\", \"(132, 52, 0.0)\", \"(132, 51, 0.0)\", \"(132, 50, 0.0)\", \"(132, 49, 0.0)\", \"(132, 48, 0.0)\", \"(132, 47, 0.10725017637014389)\", \"(132, 46, 0.2617993652820587)\", \"(132, 45, 0.5235987901687622)\", \"(133, 44, 0.0)\", \"(133, 43, 0.0)\", \"(133, 42, 0.0)\", \"(133, 41, 0.0)\", \"(133, 40, 0.0)\", \"(133, 39, 0.0)\", \"(133, 38, 0.0)\", \"(133, 37, 0.0)\", \"(133, 36, 0.0)\", \"(133, 35, 0.0)\", \"(133, 34, 0.0)\", \"(133, 33, 0.10725017637014389)\", \"(133, 32, 0.2617993652820587)\", \"(133, 31, 0.5235987901687622)\", \"(134, 30, 0.0)\", \"(134, 29, 0.0)\", \"(134, 28, 0.0)\", \"(134, 27, 0.0)\", \"(134, 26, 0.0)\", \"(134, 25, 0.0)\", \"(134, 24, 0.0)\", \"(134, 23, 0.0)\", \"(134, 22, 0.0)\", \"(134, 21, 0.0)\", \"(134, 20, 0.0)\", \"(134, 19, 0.0)\", \"(134, 18, 0.10725017637014389)\", \"(134, 17, 0.2617993652820587)\", \"(134, 16, 0.5235987901687622)\", \"(135, 15, 0.0)\", \"(135, 14, 0.0)\", \"(135, 13, 0.0)\", \"(135, 12, 0.0)\", \"(135, 11, 0.0)\", \"(135, 10, 0.0)\", \"(135, 9, 0.0)\", \"(135, 8, 0.0)\", \"(135, 7, 0.0)\", \"(135, 6, 0.0)\", \"(135, 5, 0.0)\", \"(135, 4, 0.0)\", \"(135, 3, 0.0)\", \"(135, 2, 0.0)\", \"(135, 1, 0.0)\"], \"timeout\": false, \"planner_name\": \"interpolator\", \"total_exec_time_ms\": 17.486572265625, \"local_start\": \"(128, 107, 0)\", \"local_goal\": \"(136, 0, 1.8778774472853614)\", \"goal_direction\": 9, \"ego_location\": \"-65.5390625|-0.07777763903141022|0.02854372002184391|-1.19451904296875\", \"map_goal\": \"-29.611574172973633|0.3|0|-0.5670166015625\", \"map_next_goal\": \"0.5285676717758179|0.4524883061647415|0|-0.5581969618797302\"}", "collision_report": ""}
