{"pre_planning": "{\"result_type\": 0, \"path\": [], \"timeout\": false, \"planner_name\": \"-\", \"total_exec_time_ms\": 0, \"local_start\": \"None\", \"local_goal\": \"None\", \"goal_direction\": 0, \"ego_location\": \"0.5055719017982483|0.1855739951133728|0.015467032790184021|0.1957547813653946\", \"map_goal\": \"30.688690185546875|-0.07684602588415146|0|0.14715316891670227\", \"map_next_goal\": \"None\"}", "planning": "{\"result_type\": 1, \"path\": [\"(128, 106, -0.5235987305641174)\", \"(127, 105, 0.0)\", \"(127, 104, 0.0)\", \"(127, 103, 0.0)\", \"(127, 102, 0.0)\", \"(127, 101, 0.0)\", \"(127, 100, 0.0)\", \"(127, 99, 0.0)\", \"(127, 98, 0.0)\", \"(127, 97, 0.0)\", \"(127, 96, 0.0)\", \"(127, 95, 0.0)\", \"(127, 94, 0.0)\", \"(127, 93, 0.0)\", \"(127, 92, 0.0)\", \"(127, 91, 0.0)\", \"(127, 90, 0.0)\", \"(127, 89, 0.0)\", \"(127, 88, 0.0)\", \"(127, 87, 0.0)\", \"(127, 86, 0.0)\", \"(127, 85, 0.0)\", \"(127, 84, 0.0)\", \"(127, 83, 0.0)\", \"(127, 82, 0.0)\", \"(127, 81, 0.0)\", \"(127, 80, 0.0)\", \"(127, 79, 0.0)\", \"(127, 78, 0.0)\", \"(127, 77, 0.0)\", \"(127, 76, 0.0)\", \"(127, 75, 0.0)\", \"(127, 74, 0.0)\", \"(127, 73, -0.10725017637014389)\", \"(127, 72, -0.26179933547973633)\", \"(127, 71, -0.5235987305641174)\", \"(126, 70, 0.0)\", \"(126, 69, 0.0)\", \"(126, 68, 0.0)\", \"(126, 67, 0.0)\", \"(126, 66, 0.0)\", \"(126, 65, 0.0)\", \"(126, 64, 0.0)\", \"(126, 63, 0.0)\", \"(126, 62, 0.0)\", \"(126, 61, 0.0)\", \"(126, 60, 0.0)\", \"(126, 59, 0.0)\", \"(126, 58, 0.0)\", \"(126, 57, 0.0)\", \"(126, 56, 0.0)\", \"(126, 55, 0.0)\", \"(126, 54, 0.0)\", \"(126, 53, 0.0)\", \"(126, 52, 0.0)\", \"(126, 51, 0.0)\", \"(126, 50, 0.0)\", \"(126, 49, 0.0)\", \"(126, 48, 0.0)\", \"(126, 47, 0.0)\", \"(126, 46, 0.0)\", \"(126, 45, 0.0)\", \"(126, 44, 0.0)\", \"(126, 43, 0.0)\", \"(126, 42, 0.0)\", \"(126, 41, 0.0)\", \"(126, 40, 0.0)\", \"(126, 39, 0.0)\", \"(126, 38, 0.0)\", \"(126, 37, -0.10725017637014389)\", \"(126, 36, -0.26179933547973633)\", \"(126, 35, -0.5235987305641174)\", \"(125, 34, 0.0)\", \"(125, 33, 0.0)\", \"(125, 32, 0.0)\", \"(125, 31, 0.0)\", \"(125, 30, 0.0)\", \"(125, 29, 0.0)\", \"(125, 28, 0.0)\", \"(125, 27, 0.0)\", \"(125, 26, 0.0)\", \"(125, 25, 0.0)\", \"(125, 24, 0.0)\", \"(125, 23, 0.0)\", \"(125, 22, 0.0)\", \"(125, 21, 0.0)\", \"(125, 20, 0.0)\", \"(125, 19, 0.0)\", \"(125, 18, 0.0)\", \"(125, 17, 0.0)\", \"(125, 16, 0.0)\", \"(125, 15, 0.0)\", \"(125, 14, 0.0)\", \"(125, 13, 0.0)\", \"(125, 12, 0.0)\", \"(125, 11, 0.0)\", \"(125, 10, 0.0)\", \"(125, 9, 0.0)\", \"(125, 8, 0.0)\", \"(125, 7, 0.0)\", \"(125, 6, 0.0)\", \"(125, 5, 0.0)\", \"(125, 4, 0.0)\", \"(125, 3, 0.0)\", \"(125, 2, 0.0)\", \"(125, 1, 0.0)\", \"(125, 0, 0.0)\"], \"timeout\": false, \"planner_name\": \"interpolator\", \"total_exec_time_ms\": 4.482030868530273, \"local_start\": \"(128, 107, 0)\", \"local_goal\": \"(125, 0, -1.1344216309770059)\", \"goal_direction\": 10, \"ego_location\": \"0.5055719017982483|0.1855739951133728|0.015467032790184021|0.1957547813653946\", \"map_goal\": \"30.688690185546875|-0.07684602588415146|0|0.14715316891670227\", \"map_next_goal\": \"None\"}", "collision_report": ""}
