{"pre_planning": "{\"result_type\": 0, \"path\": [], \"timeout\": false, \"planner_name\": \"-\", \"total_exec_time_ms\": 0, \"local_start\": \"None\", \"local_goal\": \"None\", \"goal_direction\": 0, \"ego_location\": \"-34.73889923095703|-0.4551575481891632|0.0285002700984478|-0.2730712890625\", \"map_goal\": \"-19.58110809326172|0.3|0|-0.5422667860984802\", \"map_next_goal\": \"-9.545795440673828|0.4509453892707825|0|-0.5573425889015198\"}", "planning": "{\"result_type\": 1, \"path\": [\"(128, 107, 0)\", \"(128, 106, 0)\", \"(129, 105, 0)\", \"(130, 104, 0)\", \"(131, 103, 0)\", \"(132, 102, 0)\", \"(133, 101, 0)\", \"(134, 100, 0)\", \"(135, 99, 0)\", \"(135, 99, 0)\", \"(135, 98, 0)\", \"(135, 97, 0)\", \"(135, 96, 0)\", \"(135, 95, 0)\", \"(135, 94, 0)\", \"(135, 93, 0)\", \"(135, 92, 0)\", \"(135, 91, 0)\", \"(135, 90, 0)\", \"(135, 89, 0)\", \"(135, 88, 0)\", \"(135, 87, 0)\", \"(135, 86, 0)\", \"(135, 85, 0)\", \"(135, 84, 0)\", \"(135, 83, 0)\", \"(135, 82, 0)\", \"(135, 81, 0)\", \"(135, 80, 0)\", \"(136, 79, 0)\", \"(136, 78, 0)\", \"(136, 77, 0)\", \"(136, 76, 0)\", \"(136, 75, 0)\", \"(136, 74, 0)\", \"(136, 73, 0)\", \"(136, 72, 0)\", \"(136, 71, 0)\", \"(136, 70, 0)\", \"(136, 69, 0)\", \"(136, 68, 0)\", \"(136, 67, 0)\", \"(136, 66, 0)\", \"(136, 65, 0)\", \"(136, 64, 0)\", \"(136, 63, 0)\", \"(136, 62, 0)\", \"(136, 61, 0)\", \"(136, 60, 0)\", \"(137, 59, 0)\", \"(137, 59, 0)\", \"(136, 58, 0)\", \"(136, 57, 0)\", \"(135, 56, 0)\", \"(135, 55, 0)\", \"(134, 54, 0)\", \"(134, 53, 0)\", \"(134, 52, 0)\", \"(133, 51, 0)\", \"(133, 50, 0)\", \"(132, 49, 0)\", \"(132, 48, 0)\", \"(132, 47, 0)\", \"(131, 46, 0)\", \"(131, 45, 0)\", \"(130, 44, 0)\", \"(130, 43, 0)\", \"(130, 42, 0)\", \"(129, 41, 0)\", \"(129, 40, 0)\", \"(128, 39, 0)\", \"(128, 38, 0)\", \"(128, 37, 0)\", \"(127, 36, 0)\", \"(127, 35, 0)\", \"(126, 34, 0)\", \"(126, 33, 0)\", \"(126, 32, 0)\", \"(125, 31, 0)\", \"(125, 30, 0)\", \"(124, 29, 0)\", \"(124, 28, 0)\", \"(124, 27, 0)\", \"(123, 26, 0)\", \"(123, 25, 0)\", \"(122, 24, 0)\", \"(122, 23, 0)\", \"(122, 22, 0)\", \"(122, 22, 0)\", \"(122, 21, 0)\", \"(122, 20, 0)\", \"(123, 19, 0)\", \"(123, 18, 0)\", \"(124, 17, 0)\", \"(124, 16, 0)\", \"(124, 15, 0)\", \"(125, 14, 0)\", \"(125, 13, 0)\", \"(126, 12, 0)\", \"(126, 11, 0)\", \"(126, 10, 0)\", \"(127, 9, 0)\", \"(127, 8, 0)\", \"(128, 7, 0)\"], \"timeout\": false, \"planner_name\": \"RRT*\", \"total_exec_time_ms\": 55.00435829162598, \"local_start\": \"(128, 107, 0)\", \"local_goal\": \"(134, 16, 0.7742201649280548)\", \"goal_direction\": 9, \"ego_location\": \"-34.73889923095703|-0.4551575481891632|0.0285002700984478|-0.2730712890625\", \"map_goal\": \"-19.58110809326172|0.3|0|-0.5422667860984802\", \"map_next_goal\": \"-9.545795440673828|0.4509453892707825|0|-0.5573425889015198\"}", "collision_report": ""}
