{"pre_planning": "{\"result_type\": 0, \"path\": [], \"timeout\": false, \"planner_name\": \"-\", \"total_exec_time_ms\": 0, \"local_start\": \"None\", \"local_goal\": \"None\", \"goal_direction\": 0, \"ego_location\": \"58.940399169921875|-51.52350997924805|3.4244472980499268|-115.32811737060547\", \"map_goal\": \"59.94794464111328|-56.54953384399414|0|-105.20287322998047\", \"map_next_goal\": \"59.26138687133789|-66.584228515625|0|-85.83565521240234\"}", "planning": "{\"result_type\": 5, \"path\": [], \"timeout\": 0, \"planner_name\": \"-\", \"total_exec_time_ms\": 0, \"local_start\": \"(128, 107, 0)\", \"local_goal\": \"(150, 97, 21.370622269343183)\", \"goal_direction\": 9, \"ego_location\": \"58.940399169921875|-51.52350997924805|3.4244472980499268|-115.32811737060547\", \"map_goal\": \"59.94794464111328|-56.54953384399414|0|-105.20287322998047\", \"map_next_goal\": \"59.26138687133789|-66.584228515625|0|-85.83565521240234\"}", "collision_report": ""}
