{"pre_planning": "{\"result_type\": 0, \"path\": [], \"timeout\": false, \"planner_name\": \"-\", \"total_exec_time_ms\": 0, \"local_start\": \"None\", \"local_goal\": \"None\", \"goal_direction\": 0, \"ego_location\": \"58.512943267822266|-65.56277465820312|4.584346294403076|-47.72163009643555\", \"map_goal\": \"60.52488708496094|-76.54393005371094|0|-81.7426528930664\", \"map_next_goal\": \"62.126277923583984|-86.53861236572266|0|-80.38323974609375\"}", "planning": "{\"result_type\": 5, \"path\": [], \"timeout\": 0, \"planner_name\": \"-\", \"total_exec_time_ms\": 0, \"local_start\": \"(128, 107, 0)\", \"local_goal\": \"(84, 57, -33.90627698844216)\", \"goal_direction\": 10, \"ego_location\": \"58.512943267822266|-65.56277465820312|4.584346294403076|-47.72163009643555\", \"map_goal\": \"60.52488708496094|-76.54393005371094|0|-81.7426528930664\", \"map_next_goal\": \"62.126277923583984|-86.53861236572266|0|-80.38323974609375\"}", "collision_report": ""}
