{"pre_planning": "{\"result_type\": 0, \"path\": [], \"timeout\": false, \"planner_name\": \"-\", \"total_exec_time_ms\": 0, \"local_start\": \"None\", \"local_goal\": \"None\", \"goal_direction\": 0, \"ego_location\": \"69.31224060058594|-37.58027648925781|2.0061089992523193|-108.68179321289062\", \"map_goal\": \"64.05665588378906|-47.416648864746094|0|-125.3134765625\", \"map_next_goal\": \"59.94794464111328|-56.54953384399414|0|-105.20287322998047\"}", "planning": "{\"result_type\": 5, \"path\": [], \"timeout\": 0, \"planner_name\": \"-\", \"total_exec_time_ms\": 0, \"local_start\": \"(128, 107, 0)\", \"local_goal\": \"(114, 46, -5.5529710330368065)\", \"goal_direction\": 10, \"ego_location\": \"69.31224060058594|-37.58027648925781|2.0061089992523193|-108.68179321289062\", \"map_goal\": \"64.05665588378906|-47.416648864746094|0|-125.3134765625\", \"map_next_goal\": \"59.94794464111328|-56.54953384399414|0|-105.20287322998047\"}", "collision_report": ""}
