{"pre_planning": "{\"result_type\": 0, \"path\": [], \"timeout\": false, \"planner_name\": \"-\", \"total_exec_time_ms\": 0, \"local_start\": \"None\", \"local_goal\": \"None\", \"goal_direction\": 0, \"ego_location\": \"-34.73889923095703|-0.4551575481891632|0.0285002700984478|-0.2730712890625\", \"map_goal\": \"-29.611574172973633|0.3|0|-0.5670166015625\", \"map_next_goal\": \"-19.58110809326172|0.3|0|-0.5422667860984802\"}", "planning": "{\"result_type\": 5, \"path\": [], \"timeout\": 0, \"planner_name\": \"-\", \"total_exec_time_ms\": 0, \"local_start\": \"(128, 107, 0)\", \"local_goal\": \"(133, 90, 0.7742201649280548)\", \"goal_direction\": 9, \"ego_location\": \"-34.73889923095703|-0.4551575481891632|0.0285002700984478|-0.2730712890625\", \"map_goal\": \"-29.611574172973633|0.3|0|-0.5670166015625\", \"map_next_goal\": \"-19.58110809326172|0.3|0|-0.5422667860984802\"}", "collision_report": ""}
