{"pre_planning": "{\"result_type\": 0, \"path\": [], \"timeout\": false, \"planner_name\": \"-\", \"total_exec_time_ms\": 0, \"local_start\": \"None\", \"local_goal\": \"None\", \"goal_direction\": 0, \"ego_location\": \"47.026180267333984|1.5149624347686768|0.029069041833281517|13.57887077331543\", \"map_goal\": \"60.768245697021484|0.7094560265541077|0|2.441657066345215\", \"map_next_goal\": \"69.76917266845703|-3.089573860168457|0|-49.090415954589844\"}", "planning": "{\"result_type\": 1, \"path\": [\"(128, 107, 0)\", \"(127, 106, 0)\", \"(127, 105, 0)\", \"(126, 104, 0)\", \"(126, 103, 0)\", \"(126, 102, 0)\", \"(125, 101, 0)\", \"(125, 100, 0)\", \"(124, 99, 0)\", \"(124, 98, 0)\", \"(124, 97, 0)\", \"(123, 96, 0)\", \"(123, 95, 0)\", \"(122, 94, 0)\", \"(122, 93, 0)\", \"(122, 92, 0)\", \"(121, 91, 0)\", \"(121, 90, 0)\", \"(120, 89, 0)\", \"(120, 88, 0)\", \"(120, 87, 0)\", \"(120, 87, 0)\", \"(119, 86, 0)\", \"(118, 85, 0)\", \"(118, 84, 0)\", \"(117, 83, 0)\", \"(116, 82, 0)\", \"(116, 81, 0)\", \"(115, 80, 0)\", \"(114, 79, 0)\", \"(114, 78, 0)\", \"(113, 77, 0)\", \"(112, 76, 0)\", \"(112, 75, 0)\", \"(111, 74, 0)\", \"(110, 73, 0)\", \"(110, 72, 0)\", \"(109, 71, 0)\", \"(108, 70, 0)\", \"(108, 69, 0)\", \"(107, 68, 0)\", \"(106, 67, 0)\", \"(106, 66, 0)\", \"(106, 66, 0)\", \"(105, 65, 0)\", \"(104, 64, 0)\", \"(103, 63, 0)\", \"(103, 62, 0)\", \"(102, 61, 0)\", \"(101, 60, 0)\", \"(100, 59, 0)\", \"(100, 58, 0)\", \"(99, 57, 0)\", \"(98, 56, 0)\", \"(97, 55, 0)\", \"(97, 54, 0)\", \"(96, 53, 0)\", \"(95, 52, 0)\", \"(94, 51, 0)\", \"(94, 50, 0)\", \"(94, 50, 0)\", \"(93, 49, 0)\", \"(93, 48, 0)\", \"(92, 47, 0)\", \"(92, 46, 0)\", \"(91, 45, 0)\", \"(91, 44, 0)\", \"(90, 43, 0)\", \"(90, 42, 0)\", \"(89, 41, 0)\", \"(89, 40, 0)\", \"(88, 39, 0)\", \"(88, 38, 0)\", \"(87, 37, 0)\", \"(87, 36, 0)\", \"(87, 35, 0)\"], \"timeout\": false, \"planner_name\": \"RRT*\", \"total_exec_time_ms\": 61.09952926635742, \"local_start\": \"(128, 107, 0)\", \"local_goal\": \"(97, 30, -26.131000544938594)\", \"goal_direction\": 10, \"ego_location\": \"47.026180267333984|1.5149624347686768|0.029069041833281517|13.57887077331543\", \"map_goal\": \"60.768245697021484|0.7094560265541077|0|2.441657066345215\", \"map_next_goal\": \"69.76917266845703|-3.089573860168457|0|-49.090415954589844\"}", "collision_report": ""}
