{"pre_planning": "{\"result_type\": 0, \"path\": [], \"timeout\": false, \"planner_name\": \"-\", \"total_exec_time_ms\": 0, \"local_start\": \"None\", \"local_goal\": \"None\", \"goal_direction\": 0, \"ego_location\": \"38.99434280395508|-218.81661987304688|2.675046682357788|-93.54132080078125\", \"map_goal\": \"25.230968475341797|-235.70118713378906|0|-151.136962890625\", \"map_next_goal\": \"None\"}", "planning": "{\"result_type\": 1, \"path\": [\"(128, 107, 0)\", \"(127, 106, 0)\", \"(126, 105, 0)\", \"(125, 104, 0)\", \"(124, 104, 0)\", \"(123, 103, 0)\", \"(122, 102, 0)\", \"(121, 102, 0)\", \"(120, 101, 0)\", \"(119, 100, 0)\", \"(118, 99, 0)\", \"(117, 99, 0)\", \"(116, 98, 0)\", \"(115, 97, 0)\", \"(114, 97, 0)\", \"(113, 96, 0)\", \"(112, 95, 0)\", \"(111, 95, 0)\", \"(111, 95, 0)\", \"(110, 94, 0)\", \"(110, 93, 0)\", \"(109, 92, 0)\", \"(109, 91, 0)\", \"(108, 90, 0)\", \"(108, 89, 0)\", \"(107, 88, 0)\", \"(107, 87, 0)\", \"(106, 86, 0)\", \"(106, 85, 0)\", \"(105, 84, 0)\", \"(105, 83, 0)\", \"(105, 82, 0)\", \"(104, 81, 0)\", \"(104, 80, 0)\", \"(103, 79, 0)\", \"(103, 78, 0)\", \"(102, 77, 0)\", \"(102, 76, 0)\", \"(101, 75, 0)\", \"(101, 74, 0)\", \"(100, 73, 0)\", \"(100, 72, 0)\", \"(100, 71, 0)\", \"(100, 71, 0)\", \"(99, 70, 0)\", \"(98, 69, 0)\", \"(98, 68, 0)\", \"(97, 67, 0)\", \"(96, 66, 0)\", \"(96, 65, 0)\", \"(95, 64, 0)\", \"(94, 63, 0)\", \"(94, 62, 0)\", \"(93, 61, 0)\", \"(92, 60, 0)\", \"(92, 59, 0)\", \"(91, 58, 0)\", \"(91, 57, 0)\", \"(91, 57, 0)\", \"(90, 56, 0)\", \"(89, 55, 0)\", \"(88, 54, 0)\", \"(87, 53, 0)\", \"(86, 52, 0)\", \"(85, 51, 0)\", \"(85, 50, 0)\", \"(84, 49, 0)\", \"(83, 48, 0)\", \"(82, 47, 0)\", \"(81, 46, 0)\", \"(80, 45, 0)\", \"(79, 44, 0)\", \"(79, 43, 0)\", \"(78, 42, 0)\", \"(77, 41, 0)\", \"(76, 40, 0)\", \"(75, 39, 0)\", \"(74, 38, 0)\", \"(73, 37, 0)\", \"(73, 36, 0)\", \"(73, 36, 0)\", \"(72, 35, 0)\", \"(72, 34, 0)\", \"(71, 33, 0)\", \"(71, 32, 0)\", \"(71, 32, 0)\", \"(70, 31, 0)\", \"(69, 31, 0)\", \"(68, 31, 0)\", \"(67, 30, 0)\", \"(66, 30, 0)\", \"(65, 30, 0)\", \"(64, 30, 0)\", \"(63, 29, 0)\", \"(62, 29, 0)\", \"(61, 29, 0)\", \"(60, 29, 0)\", \"(59, 28, 0)\", \"(58, 28, 0)\", \"(57, 28, 0)\", \"(56, 27, 0)\", \"(55, 27, 0)\", \"(54, 27, 0)\", \"(53, 27, 0)\", \"(52, 26, 0)\", \"(51, 26, 0)\", \"(50, 26, 0)\", \"(49, 26, 0)\", \"(49, 26, 0)\", \"(49, 25, 0)\", \"(49, 24, 0)\", \"(49, 23, 0)\", \"(49, 22, 0)\", \"(49, 21, 0)\", \"(50, 20, 0)\", \"(50, 19, 0)\", \"(50, 18, 0)\", \"(50, 17, 0)\", \"(50, 16, 0)\", \"(50, 15, 0)\", \"(51, 14, 0)\", \"(51, 14, 0)\", \"(50, 13, 0)\", \"(49, 13, 0)\", \"(48, 12, 0)\", \"(47, 12, 0)\", \"(46, 11, 0)\", \"(45, 11, 0)\", \"(44, 11, 0)\", \"(44, 11, 0)\", \"(43, 10, 0)\", \"(42, 9, 0)\", \"(41, 8, 0)\", \"(40, 7, 0)\", \"(40, 6, 0)\", \"(39, 5, 0)\", \"(38, 4, 0)\", \"(37, 3, 0)\", \"(36, 2, 0)\", \"(36, 1, 0)\"], \"timeout\": false, \"planner_name\": \"RRT*\", \"total_exec_time_ms\": 62.8206729888916, \"local_start\": \"(128, 107, 0)\", \"local_goal\": \"(34, 0, -40.77400182204156)\", \"goal_direction\": 10, \"ego_location\": \"38.99434280395508|-218.81661987304688|2.675046682357788|-93.54132080078125\", \"map_goal\": \"25.230968475341797|-235.70118713378906|0|-151.136962890625\", \"map_next_goal\": \"None\"}", "collision_report": ""}
