{"pre_planning": "{\"result_type\": 0, \"path\": [], \"timeout\": false, \"planner_name\": \"-\", \"total_exec_time_ms\": 0, \"local_start\": \"None\", \"local_goal\": \"None\", \"goal_direction\": 0, \"ego_location\": \"58.940399169921875|-51.52350997924805|3.4244472980499268|-115.32811737060547\", \"map_goal\": \"59.26138687133789|-66.584228515625|0|-85.83565521240234\", \"map_next_goal\": \"60.52488708496094|-76.54393005371094|0|-81.7426528930664\"}", "planning": "{\"result_type\": 1, \"path\": [\"(128, 107, 0)\", \"(128, 106, 0)\", \"(128, 105, 0)\", \"(128, 104, 0)\", \"(128, 103, 0)\", \"(129, 102, 0)\", \"(129, 101, 0)\", \"(129, 100, 0)\", \"(129, 99, 0)\", \"(130, 98, 0)\", \"(130, 97, 0)\", \"(130, 96, 0)\", \"(130, 95, 0)\", \"(130, 94, 0)\", \"(131, 93, 0)\", \"(131, 92, 0)\", \"(131, 91, 0)\", \"(131, 90, 0)\", \"(132, 89, 0)\", \"(132, 88, 0)\", \"(132, 87, 0)\", \"(132, 86, 0)\", \"(132, 85, 0)\", \"(133, 84, 0)\", \"(133, 83, 0)\", \"(133, 82, 0)\", \"(133, 81, 0)\", \"(134, 80, 0)\", \"(134, 80, 0)\", \"(134, 79, 0)\", \"(134, 78, 0)\", \"(134, 77, 0)\", \"(135, 76, 0)\", \"(135, 75, 0)\", \"(135, 74, 0)\", \"(135, 73, 0)\", \"(136, 72, 0)\", \"(136, 71, 0)\", \"(136, 70, 0)\", \"(136, 69, 0)\", \"(137, 68, 0)\", \"(137, 67, 0)\", \"(137, 66, 0)\", \"(138, 65, 0)\", \"(138, 64, 0)\", \"(138, 63, 0)\", \"(138, 62, 0)\", \"(139, 61, 0)\", \"(139, 60, 0)\", \"(139, 59, 0)\", \"(139, 58, 0)\", \"(140, 57, 0)\", \"(140, 56, 0)\", \"(140, 55, 0)\", \"(141, 54, 0)\", \"(141, 54, 0)\", \"(142, 53, 0)\", \"(143, 53, 0)\", \"(144, 52, 0)\", \"(145, 52, 0)\", \"(146, 52, 0)\", \"(147, 51, 0)\", \"(148, 51, 0)\", \"(149, 51, 0)\", \"(150, 50, 0)\", \"(151, 50, 0)\", \"(152, 49, 0)\", \"(153, 49, 0)\", \"(154, 49, 0)\", \"(155, 48, 0)\", \"(156, 48, 0)\", \"(157, 48, 0)\", \"(158, 47, 0)\", \"(159, 47, 0)\", \"(160, 47, 0)\", \"(160, 47, 0)\", \"(161, 46, 0)\", \"(162, 45, 0)\", \"(163, 44, 0)\", \"(164, 43, 0)\", \"(165, 42, 0)\", \"(166, 41, 0)\", \"(167, 40, 0)\", \"(168, 39, 0)\", \"(169, 38, 0)\", \"(170, 37, 0)\", \"(171, 36, 0)\", \"(172, 36, 0)\"], \"timeout\": false, \"planner_name\": \"RRT*\", \"total_exec_time_ms\": 54.480552673339844, \"local_start\": \"(128, 107, 0)\", \"local_goal\": \"(177, 28, 32.828541791412526)\", \"goal_direction\": 9, \"ego_location\": \"58.940399169921875|-51.52350997924805|3.4244472980499268|-115.32811737060547\", \"map_goal\": \"59.26138687133789|-66.584228515625|0|-85.83565521240234\", \"map_next_goal\": \"60.52488708496094|-76.54393005371094|0|-81.7426528930664\"}", "collision_report": ""}
