{"pre_planning": "{\"result_type\": 0, \"path\": [], \"timeout\": false, \"planner_name\": \"-\", \"total_exec_time_ms\": 0, \"local_start\": \"None\", \"local_goal\": \"None\", \"goal_direction\": 0, \"ego_location\": \"47.009212493896484|1.5114502906799316|0.029036082327365875|13.613847732543945\", \"map_goal\": \"50.75764083862305|0.30347898602485657|0|1.610583782196045\", \"map_next_goal\": \"60.768245697021484|0.7094560265541077|0|2.441657066345215\"}", "planning": "{\"result_type\": 5, \"path\": [], \"timeout\": 0, \"planner_name\": \"-\", \"total_exec_time_ms\": 0, \"local_start\": \"(128, 107, 0)\", \"local_goal\": \"(112, 103, -10.856413348062247)\", \"goal_direction\": 10, \"ego_location\": \"47.009212493896484|1.5114502906799316|0.029036082327365875|13.613847732543945\", \"map_goal\": \"50.75764083862305|0.30347898602485657|0|1.610583782196045\", \"map_next_goal\": \"60.768245697021484|0.7094560265541077|0|2.441657066345215\"}", "collision_report": ""}
