{"pre_planning": "{\"result_type\": 0, \"path\": [], \"timeout\": false, \"planner_name\": \"-\", \"total_exec_time_ms\": 0, \"local_start\": \"None\", \"local_goal\": \"None\", \"goal_direction\": 0, \"ego_location\": \"69.3127212524414|-117.70774841308594|8.870718955993652|-101.3370361328125\", \"map_goal\": \"62.9095573425293|-135.89866638183594|0|-116.2701644897461\", \"map_next_goal\": \"57.34056091308594|-144.24130249023438|0|-127.65644836425781\"}", "planning": "{\"result_type\": 1, \"path\": [\"(128, 107, 0)\", \"(127, 106, 0)\", \"(126, 105, 0)\", \"(125, 104, 0)\", \"(124, 104, 0)\", \"(123, 103, 0)\", \"(122, 102, 0)\", \"(121, 102, 0)\", \"(120, 101, 0)\", \"(119, 100, 0)\", \"(118, 99, 0)\", \"(117, 99, 0)\", \"(116, 98, 0)\", \"(115, 97, 0)\", \"(114, 97, 0)\", \"(113, 96, 0)\", \"(112, 95, 0)\", \"(111, 95, 0)\", \"(111, 95, 0)\", \"(110, 94, 0)\", \"(110, 93, 0)\", \"(109, 92, 0)\", \"(109, 91, 0)\", \"(108, 90, 0)\", \"(108, 89, 0)\", \"(107, 88, 0)\", \"(107, 87, 0)\", \"(106, 86, 0)\", \"(106, 85, 0)\", \"(105, 84, 0)\", \"(105, 83, 0)\", \"(104, 82, 0)\", \"(104, 81, 0)\", \"(103, 80, 0)\", \"(103, 79, 0)\", \"(102, 78, 0)\", \"(102, 77, 0)\", \"(102, 77, 0)\", \"(101, 76, 0)\", \"(101, 75, 0)\", \"(101, 74, 0)\", \"(101, 73, 0)\", \"(101, 72, 0)\", \"(100, 71, 0)\", \"(100, 70, 0)\", \"(100, 69, 0)\", \"(100, 68, 0)\", \"(100, 67, 0)\", \"(99, 66, 0)\", \"(99, 65, 0)\", \"(99, 64, 0)\", \"(99, 63, 0)\", \"(99, 62, 0)\", \"(98, 61, 0)\", \"(98, 60, 0)\", \"(98, 59, 0)\", \"(98, 58, 0)\", \"(98, 57, 0)\", \"(97, 56, 0)\", \"(97, 55, 0)\", \"(97, 54, 0)\", \"(97, 53, 0)\", \"(97, 52, 0)\", \"(97, 51, 0)\", \"(97, 51, 0)\", \"(97, 50, 0)\", \"(97, 49, 0)\", \"(97, 48, 0)\", \"(97, 47, 0)\", \"(97, 46, 0)\", \"(97, 45, 0)\", \"(97, 44, 0)\", \"(97, 43, 0)\", \"(97, 42, 0)\", \"(97, 41, 0)\", \"(97, 40, 0)\", \"(97, 39, 0)\", \"(97, 38, 0)\", \"(97, 37, 0)\", \"(97, 36, 0)\", \"(97, 35, 0)\", \"(97, 34, 0)\", \"(97, 33, 0)\", \"(97, 32, 0)\", \"(97, 31, 0)\", \"(97, 30, 0)\", \"(97, 29, 0)\", \"(97, 28, 0)\", \"(97, 27, 0)\", \"(97, 26, 0)\", \"(98, 25, 0)\", \"(98, 25, 0)\", \"(98, 24, 0)\", \"(98, 23, 0)\", \"(99, 22, 0)\", \"(99, 21, 0)\", \"(99, 20, 0)\", \"(100, 19, 0)\", \"(100, 18, 0)\", \"(100, 17, 0)\", \"(101, 16, 0)\", \"(101, 15, 0)\", \"(101, 14, 0)\", \"(102, 13, 0)\", \"(102, 12, 0)\", \"(102, 11, 0)\", \"(103, 10, 0)\", \"(103, 9, 0)\", \"(103, 8, 0)\", \"(104, 7, 0)\", \"(104, 6, 0)\", \"(104, 5, 0)\", \"(105, 4, 0)\"], \"timeout\": false, \"planner_name\": \"RRT*\", \"total_exec_time_ms\": 747.1976280212402, \"local_start\": \"(128, 107, 0)\", \"local_goal\": \"(108, 0, -23.096821918160845)\", \"goal_direction\": 10, \"ego_location\": \"69.3127212524414|-117.70774841308594|8.870718955993652|-101.3370361328125\", \"map_goal\": \"62.9095573425293|-135.89866638183594|0|-116.2701644897461\", \"map_next_goal\": \"57.34056091308594|-144.24130249023438|0|-127.65644836425781\"}", "collision_report": ""}
