{"pre_planning": "{\"result_type\": 0, \"path\": [], \"timeout\": false, \"planner_name\": \"-\", \"total_exec_time_ms\": 0, \"local_start\": \"None\", \"local_goal\": \"None\", \"goal_direction\": 0, \"ego_location\": \"-84.50589752197266|-0.9773839116096497|0.028550051152706146|-14.377706527709961\", \"map_goal\": \"-79.93721771240234|0.3|0|-0.518341064453125\", \"map_next_goal\": \"-69.8793716430664|0.3|0|-0.5555419921875\"}", "planning": "{\"result_type\": 5, \"path\": [], \"timeout\": 0, \"planner_name\": \"-\", \"total_exec_time_ms\": 0, \"local_start\": \"(128, 107, 0)\", \"local_goal\": \"(145, 97, 14.03624346792647)\", \"goal_direction\": 9, \"ego_location\": \"-84.50589752197266|-0.9773839116096497|0.028550051152706146|-14.377706527709961\", \"map_goal\": \"-79.93721771240234|0.3|0|-0.518341064453125\", \"map_next_goal\": \"-69.8793716430664|0.3|0|-0.5555419921875\"}", "collision_report": ""}
