{"pre_planning": "{\"result_type\": 0, \"path\": [], \"timeout\": false, \"planner_name\": \"-\", \"total_exec_time_ms\": 0, \"local_start\": \"None\", \"local_goal\": \"None\", \"goal_direction\": 0, \"ego_location\": \"69.35143280029297|-117.46753692626953|8.867568969726562|-101.89613342285156\", \"map_goal\": \"66.30941009521484|-126.41301727294922|0|-101.40904998779297\", \"map_next_goal\": \"62.9095573425293|-135.89866638183594|0|-116.2701644897461\"}", "planning": "{\"result_type\": 5, \"path\": [], \"timeout\": 0, \"planner_name\": \"-\", \"total_exec_time_ms\": 0, \"local_start\": \"(128, 107, 0)\", \"local_goal\": \"(107, 44, -9.246112745563256)\", \"goal_direction\": 10, \"ego_location\": \"69.35143280029297|-117.46753692626953|8.867568969726562|-101.89613342285156\", \"map_goal\": \"66.30941009521484|-126.41301727294922|0|-101.40904998779297\", \"map_next_goal\": \"62.9095573425293|-135.89866638183594|0|-116.2701644897461\"}", "collision_report": ""}
