{"pre_planning": "{\"result_type\": 0, \"path\": [], \"timeout\": false, \"planner_name\": \"-\", \"total_exec_time_ms\": 0, \"local_start\": \"None\", \"local_goal\": \"None\", \"goal_direction\": 0, \"ego_location\": \"77.76555633544922|-21.80105209350586|0.6282816529273987|-99.40849304199219\", \"map_goal\": \"76.16561126708984|-31.487707138061523|0|-108.89921569824219\", \"map_next_goal\": \"70.76570129394531|-39.907588958740234|0|-133.74119567871094\"}", "planning": "{\"result_type\": 5, \"path\": [], \"timeout\": 0, \"planner_name\": \"-\", \"total_exec_time_ms\": 0, \"local_start\": \"(128, 107, 0)\", \"local_goal\": \"(128, 55, -9.893920669735417)\", \"goal_direction\": 10, \"ego_location\": \"77.76555633544922|-21.80105209350586|0.6282816529273987|-99.40849304199219\", \"map_goal\": \"76.16561126708984|-31.487707138061523|0|-108.89921569824219\", \"map_next_goal\": \"70.76570129394531|-39.907588958740234|0|-133.74119567871094\"}", "collision_report": ""}
