{"pre_planning": "{\"result_type\": 0, \"path\": [], \"timeout\": false, \"planner_name\": \"-\", \"total_exec_time_ms\": 0, \"local_start\": \"None\", \"local_goal\": \"None\", \"goal_direction\": 0, \"ego_location\": \"-18.201820373535156|-0.7459502220153809|0.03089258074760437|15.414276123046875\", \"map_goal\": \"0.5285676717758179|0.4524883061647415|0|-0.5581969618797302\", \"map_next_goal\": \"10.564472198486328|0.4549951829016209|0|-0.558319091796875\"}", "planning": "{\"result_type\": 1, \"path\": [\"(122, 105, -0.8326972126960754)\", \"(121, 104, -0.8984956741333008)\", \"(120, 103, -1.0057458877563477)\", \"(118, 102, -0.7853981852531433)\", \"(117, 101, -0.7853981852531433)\", \"(116, 100, -0.7853981852531433)\", \"(115, 99, -0.7853981852531433)\", \"(114, 98, -0.7853981852531433)\", \"(113, 97, -0.7853981852531433)\", \"(112, 96, -0.7853981852531433)\", \"(111, 95, -0.7195995450019836)\", \"(110, 94, -0.6123493909835815)\", \"(109, 93, -0.3505500257015228)\", \"(109, 92, -0.7853981852531433)\", \"(108, 91, -0.7195995450019836)\", \"(107, 90, -0.6123493909835815)\", \"(106, 89, -0.3505500257015228)\", \"(106, 88, -0.7195995450019836)\", \"(105, 87, -0.6123493909835815)\", \"(104, 86, -0.26179933547973633)\", \"(104, 85, -0.6123493909835815)\", \"(103, 84, -0.26179933547973633)\", \"(103, 83, -0.6123493909835815)\", \"(102, 82, -0.26179933547973633)\", \"(102, 81, -0.5235987305641174)\", \"(101, 80, -0.10725017637014389)\", \"(101, 79, -0.26179933547973633)\", \"(101, 78, -0.5235987305641174)\", \"(100, 77, -0.10725017637014389)\", \"(100, 76, -0.26179933547973633)\", \"(100, 75, -0.5235987305641174)\", \"(99, 74, -0.10725017637014389)\", \"(99, 73, -0.26179933547973633)\", \"(99, 72, -0.5235987305641174)\", \"(98, 71, 0.0)\", \"(98, 70, 0.0)\", \"(98, 69, -0.10725017637014389)\", \"(98, 68, -0.26179933547973633)\", \"(98, 67, -0.5235987305641174)\", \"(97, 66, 0.0)\", \"(97, 65, 0.0)\", \"(97, 64, 0.0)\", \"(97, 63, 0.0)\", \"(97, 62, 0.0)\", \"(97, 61, 0.0)\", \"(97, 60, -0.10725017637014389)\", \"(97, 59, -0.26179933547973633)\", \"(97, 58, -0.5235987305641174)\", \"(96, 57, 0.0)\", \"(96, 56, 0.0)\", \"(96, 55, 0.0)\", \"(96, 54, 0.0)\", \"(96, 53, 0.0)\", \"(96, 52, 0.0)\", \"(96, 51, 0.0)\", \"(96, 50, 0.0)\", \"(96, 49, 0.0)\", \"(96, 48, 0.0)\", \"(96, 47, 0.0)\", \"(96, 46, 0.0)\", \"(96, 45, 0.0)\", \"(96, 44, -0.10725017637014389)\", \"(96, 43, -0.26179933547973633)\", \"(96, 42, -0.5235987305641174)\", \"(95, 41, 0.0)\", \"(95, 40, 0.0)\", \"(95, 39, 0.0)\", \"(95, 38, 0.0)\", \"(95, 37, 0.0)\", \"(95, 36, -0.10725017637014389)\", \"(95, 35, -0.26179933547973633)\", \"(95, 34, -0.5235987305641174)\", \"(94, 33, 0.0)\", \"(94, 32, 0.0)\", \"(94, 31, -0.10725017637014389)\", \"(94, 30, -0.26179933547973633)\", \"(94, 29, -0.5235987305641174)\", \"(93, 28, 0.0)\", \"(93, 27, -0.10725017637014389)\", \"(93, 26, -0.26179933547973633)\", \"(93, 25, -0.5235987305641174)\", \"(92, 24, -0.10725017637014389)\", \"(92, 23, -0.26179933547973633)\", \"(92, 22, -0.6123493909835815)\", \"(91, 21, -0.26179933547973633)\", \"(91, 20, -0.6123493909835815)\", \"(90, 19, -0.7668985724449158)\", \"(90, 18, -0.5235987305641174)\", \"(89, 17, -0.6123493909835815)\"], \"timeout\": false, \"planner_name\": \"RRT*\", \"total_exec_time_ms\": 63.13061714172363, \"local_start\": \"(128, 107, 0)\", \"local_goal\": \"(99, 0, -14.782726042615678)\", \"goal_direction\": 10, \"ego_location\": \"-18.201820373535156|-0.7459502220153809|0.03089258074760437|15.414276123046875\", \"map_goal\": \"0.5285676717758179|0.4524883061647415|0|-0.5581969618797302\", \"map_next_goal\": \"10.564472198486328|0.4549951829016209|0|-0.558319091796875\"}", "collision_report": ""}
