{"pre_planning": "{\"result_type\": 0, \"path\": [], \"timeout\": false, \"planner_name\": \"-\", \"total_exec_time_ms\": 0, \"local_start\": \"None\", \"local_goal\": \"None\", \"goal_direction\": 0, \"ego_location\": \"77.72710418701172|-22.01449966430664|0.6400669813156128|-99.57538604736328\", \"map_goal\": \"70.76570129394531|-39.907588958740234|0|-133.74119567871094\", \"map_next_goal\": \"64.05665588378906|-47.416648864746094|0|-125.3134765625\"}", "planning": "{\"result_type\": 1, \"path\": [\"(128, 107, 0)\", \"(127, 106, 0)\", \"(126, 105, 0)\", \"(125, 105, 0)\", \"(124, 104, 0)\", \"(123, 103, 0)\", \"(122, 103, 0)\", \"(122, 103, 0)\", \"(121, 102, 0)\", \"(120, 101, 0)\", \"(119, 100, 0)\", \"(118, 99, 0)\", \"(117, 98, 0)\", \"(116, 97, 0)\", \"(115, 96, 0)\", \"(114, 95, 0)\", \"(113, 94, 0)\", \"(112, 93, 0)\", \"(112, 92, 0)\", \"(111, 91, 0)\", \"(110, 90, 0)\", \"(109, 89, 0)\", \"(108, 88, 0)\", \"(107, 87, 0)\", \"(106, 86, 0)\", \"(105, 85, 0)\", \"(104, 84, 0)\", \"(103, 83, 0)\", \"(102, 82, 0)\", \"(102, 81, 0)\", \"(102, 81, 0)\", \"(101, 80, 0)\", \"(101, 79, 0)\", \"(101, 78, 0)\", \"(100, 77, 0)\", \"(100, 76, 0)\", \"(100, 75, 0)\", \"(100, 74, 0)\", \"(99, 73, 0)\", \"(99, 72, 0)\", \"(99, 71, 0)\", \"(98, 70, 0)\", \"(98, 69, 0)\", \"(98, 68, 0)\", \"(98, 67, 0)\", \"(97, 66, 0)\", \"(97, 65, 0)\", \"(97, 64, 0)\", \"(96, 63, 0)\", \"(96, 62, 0)\", \"(96, 61, 0)\", \"(96, 60, 0)\", \"(95, 59, 0)\", \"(95, 58, 0)\", \"(95, 57, 0)\", \"(95, 56, 0)\", \"(95, 56, 0)\", \"(94, 55, 0)\", \"(94, 54, 0)\", \"(94, 53, 0)\", \"(94, 52, 0)\", \"(94, 51, 0)\", \"(94, 50, 0)\", \"(94, 49, 0)\", \"(94, 48, 0)\", \"(93, 47, 0)\", \"(93, 46, 0)\", \"(93, 45, 0)\", \"(93, 44, 0)\", \"(93, 43, 0)\", \"(93, 42, 0)\", \"(93, 41, 0)\", \"(93, 40, 0)\", \"(93, 39, 0)\", \"(92, 38, 0)\", \"(92, 37, 0)\", \"(92, 36, 0)\", \"(92, 35, 0)\", \"(92, 34, 0)\", \"(92, 33, 0)\", \"(92, 32, 0)\", \"(92, 31, 0)\", \"(92, 30, 0)\", \"(92, 30, 0)\", \"(91, 29, 0)\", \"(91, 28, 0)\", \"(91, 27, 0)\", \"(91, 26, 0)\", \"(91, 25, 0)\", \"(90, 24, 0)\", \"(90, 23, 0)\", \"(90, 22, 0)\", \"(90, 21, 0)\", \"(90, 20, 0)\", \"(89, 19, 0)\", \"(89, 18, 0)\", \"(89, 17, 0)\", \"(89, 16, 0)\", \"(89, 15, 0)\", \"(88, 14, 0)\", \"(88, 13, 0)\", \"(88, 12, 0)\", \"(88, 11, 0)\", \"(88, 10, 0)\", \"(87, 9, 0)\", \"(87, 8, 0)\", \"(87, 7, 0)\", \"(87, 6, 0)\", \"(87, 5, 0)\", \"(87, 4, 0)\"], \"timeout\": false, \"planner_name\": \"RRT*\", \"total_exec_time_ms\": 60.12296676635742, \"local_start\": \"(128, 107, 0)\", \"local_goal\": \"(99, 0, -32.4123066183512)\", \"goal_direction\": 10, \"ego_location\": \"77.72710418701172|-22.01449966430664|0.6400669813156128|-99.57538604736328\", \"map_goal\": \"70.76570129394531|-39.907588958740234|0|-133.74119567871094\", \"map_next_goal\": \"64.05665588378906|-47.416648864746094|0|-125.3134765625\"}", "collision_report": ""}
