{"pre_planning": "{\"result_type\": 0, \"path\": [], \"timeout\": false, \"planner_name\": \"-\", \"total_exec_time_ms\": 0, \"local_start\": \"None\", \"local_goal\": \"None\", \"goal_direction\": 0, \"ego_location\": \"60.56278610229492|-1.0185530185699463|0.028565539047122|-11.826220512390137\", \"map_goal\": \"74.46210479736328|-12.004569053649902|0|-65.01850891113281\", \"map_next_goal\": \"77.44454193115234|-21.560270309448242|0|-82.3673095703125\"}", "planning": "{\"result_type\": 1, \"path\": [\"(128, 107, 0)\", \"(127, 106, 0)\", \"(126, 105, 0)\", \"(125, 105, 0)\", \"(124, 104, 0)\", \"(123, 103, 0)\", \"(122, 103, 0)\", \"(122, 103, 0)\", \"(121, 102, 0)\", \"(120, 101, 0)\", \"(119, 100, 0)\", \"(118, 99, 0)\", \"(117, 98, 0)\", \"(116, 97, 0)\", \"(115, 96, 0)\", \"(114, 95, 0)\", \"(113, 94, 0)\", \"(112, 93, 0)\", \"(112, 92, 0)\", \"(111, 91, 0)\", \"(110, 90, 0)\", \"(109, 89, 0)\", \"(108, 88, 0)\", \"(107, 87, 0)\", \"(106, 86, 0)\", \"(105, 85, 0)\", \"(104, 84, 0)\", \"(103, 83, 0)\", \"(102, 82, 0)\", \"(102, 81, 0)\", \"(102, 81, 0)\", \"(101, 80, 0)\", \"(101, 79, 0)\", \"(101, 78, 0)\", \"(100, 77, 0)\", \"(100, 76, 0)\", \"(100, 75, 0)\", \"(100, 74, 0)\", \"(99, 73, 0)\", \"(99, 72, 0)\", \"(99, 71, 0)\", \"(98, 70, 0)\", \"(98, 69, 0)\", \"(98, 68, 0)\", \"(98, 67, 0)\", \"(97, 66, 0)\", \"(97, 65, 0)\", \"(97, 64, 0)\", \"(96, 63, 0)\", \"(96, 62, 0)\", \"(96, 61, 0)\", \"(96, 60, 0)\", \"(95, 59, 0)\", \"(95, 58, 0)\", \"(95, 57, 0)\", \"(95, 56, 0)\", \"(95, 56, 0)\", \"(94, 55, 0)\", \"(94, 54, 0)\", \"(94, 53, 0)\", \"(94, 52, 0)\", \"(93, 51, 0)\", \"(93, 50, 0)\", \"(93, 49, 0)\", \"(93, 48, 0)\", \"(92, 47, 0)\", \"(92, 46, 0)\", \"(92, 45, 0)\", \"(92, 44, 0)\", \"(92, 43, 0)\", \"(91, 42, 0)\", \"(91, 41, 0)\", \"(91, 40, 0)\", \"(91, 39, 0)\", \"(90, 38, 0)\", \"(90, 37, 0)\", \"(90, 36, 0)\", \"(90, 35, 0)\", \"(89, 34, 0)\", \"(89, 33, 0)\", \"(89, 32, 0)\", \"(89, 31, 0)\", \"(89, 30, 0)\", \"(89, 30, 0)\", \"(88, 29, 0)\", \"(88, 28, 0)\", \"(88, 27, 0)\", \"(88, 26, 0)\", \"(88, 25, 0)\", \"(87, 24, 0)\", \"(87, 23, 0)\", \"(87, 22, 0)\", \"(87, 21, 0)\", \"(87, 20, 0)\", \"(86, 19, 0)\", \"(86, 18, 0)\", \"(86, 17, 0)\", \"(86, 16, 0)\", \"(86, 15, 0)\", \"(86, 14, 0)\", \"(85, 13, 0)\", \"(85, 12, 0)\", \"(85, 11, 0)\", \"(85, 10, 0)\", \"(85, 9, 0)\", \"(84, 8, 0)\", \"(84, 7, 0)\", \"(84, 6, 0)\", \"(84, 5, 0)\", \"(84, 4, 0)\", \"(84, 3, 0)\"], \"timeout\": false, \"planner_name\": \"RRT*\", \"total_exec_time_ms\": 56.051015853881836, \"local_start\": \"(128, 107, 0)\", \"local_goal\": \"(69, 10, -61.69924423399363)\", \"goal_direction\": 10, \"ego_location\": \"60.56278610229492|-1.0185530185699463|0.028565539047122|-11.826220512390137\", \"map_goal\": \"74.46210479736328|-12.004569053649902|0|-65.01850891113281\", \"map_next_goal\": \"77.44454193115234|-21.560270309448242|0|-82.3673095703125\"}", "collision_report": ""}
